KEY_CODE,HTKSYORI,HTKSAKI,GASSAN,T001107001,T001107002,T001107003,T001107004,T001107005,T001107006,T001107007,T001107008,T001107009,T001107010,T001107011,T001107012,T001107013,T001107014,T001107015,T001107016,T001107017,T001107018,T001107019,T001107020,T001107021,T001107022,T001107023,T001107024,T001107025,T001107026,T001107027,T001107028,T001107029,T001107030,T001107031,T001107032,T001107033,T001107034,T001107035,T001107036,T001107037,T001107038,T001107039,T001107040,T001107041,T001107042,T001107043,T001107044,T001107045,T001107046,T001107047,T001107048,T001107049,T001107050,T001107051,T001107052,T001107053,T001107054,T001107055,T001107056,T001107057,T001107058,T001107059,T001107060,T001107061,T001107062,T001107063,T001107064,T001107065,T001107066,T001107067,T001107068,T001107069,T001107070,T001107071,T001107072,T001107073,T001107074,T001107075,T001107076,T001107077,T001107078,T001107079,T001107080,T001107081,T001107082,T001107083,T001107084,T001107085,T001107086,T001107087,T001107088,T001107089,T001107090,T001107091,T001107092,T001107093,T001107094
,,,,　雇用者（役員を含む）（１５歳以上）　総数,　雇用者（役員を含む）（１５歳以上）　男,　雇用者（役員を含む）（１５歳以上）　女,　正規の職員・従業員（１５歳以上）　総数,　正規の職員・従業員（１５歳以上）　男,　正規の職員・従業員（１５歳以上）　女,　労働者派遣事業所の派遣社員（１５歳以上）　総数,　労働者派遣事業所の派遣社員（１５歳以上）　男,　労働者派遣事業所の派遣社員（１５歳以上）　女,　パート・アルバイト・その他（１５歳以上）　総数,　パート・アルバイト・その他（１５歳以上）　男,　パート・アルバイト・その他（１５歳以上）　女,　自営業主（家庭内職者を含む）（１５歳以上）　総数,　自営業主（家庭内職者を含む）（１５歳以上）　男,　自営業主（家庭内職者を含む）（１５歳以上）　女,　家族従業者（１５歳以上）　総数,　家族従業者（１５歳以上）　男,　家族従業者（１５歳以上）　女,　未就学者　総数,　未就学者　男,　未就学者　女,　未就学者　うち　幼稚園　総数,　未就学者　うち　幼稚園　男,　未就学者　うち　幼稚園　女,　未就学者　うち　保育園・保育所　総数,　未就学者　うち　保育園・保育所　男,　未就学者　うち　保育園・保育所　女,　未就学者　うち　認定こども園　総数,　未就学者　うち　認定こども園　男,　未就学者　うち　認定こども園　女,　未就学者　うち　その他　総数,　未就学者　うち　その他　男,　未就学者　うち　その他　女,　在学者　総数,　在学者　男,　在学者　女,　在学者　うち　小学校・中学校　総数,　在学者　うち　小学校・中学校　男,　在学者　うち　小学校・中学校　女,　在学者　うち　高校　総数,　在学者　うち　高校　男,　在学者　うち　高校　女,　在学者　うち　短大・高専　総数,　在学者　うち　短大・高専　男,　在学者　うち　短大・高専　女,　在学者　うち　大学・大学院　総数,　在学者　うち　大学・大学院　男,　在学者　うち　大学・大学院　女,　最終卒業学校卒業者（１５歳以上人口）　総数,　最終卒業学校卒業者（１５歳以上人口）　男,　最終卒業学校卒業者（１５歳以上人口）　女,　最終卒業学校卒業者（１５歳以上人口）　うち　小学校・中学校　総数,　最終卒業学校卒業者（１５歳以上人口）　うち　小学校・中学校　男,　最終卒業学校卒業者（１５歳以上人口）　うち　小学校・中学校　女,　最終卒業学校卒業者（１５歳以上人口）　うち　高校・旧中　総数,　最終卒業学校卒業者（１５歳以上人口）　うち　高校・旧中　男,　最終卒業学校卒業者（１５歳以上人口）　うち　高校・旧中　女,　最終卒業学校卒業者（１５歳以上人口）　うち　短大・高専　総数,　最終卒業学校卒業者（１５歳以上人口）　うち　短大・高専　男,　最終卒業学校卒業者（１５歳以上人口）　うち　短大・高専　女,　最終卒業学校卒業者（１５歳以上人口）　うち　大学・大学院　総数,　最終卒業学校卒業者（１５歳以上人口）　うち　大学・大学院　男,　最終卒業学校卒業者（１５歳以上人口）　うち　大学・大学院　女,　居住期間　出生時から　総数,　居住期間　出生時から　男,　居住期間　出生時から　女,　居住期間　１年未満　総数,　居住期間　１年未満　男,　居住期間　１年未満　女,　居住期間　１～５年未満　総数,　居住期間　１～５年未満　男,　居住期間　１～５年未満　女,　居住期間　５～１０年未満　総数,　居住期間　５～１０年未満　男,　居住期間　５～１０年未満　女,　居住期間　１０～２０年未満　総数,　居住期間　１０～２０年未満　男,　居住期間　１０～２０年未満　女,　居住期間　２０年以上　総数,　居住期間　２０年以上　男,　居住期間　２０年以上　女,　農林漁業就業者世帯数　一般世帯数,　農林漁業・非農林漁業就業者混合世帯数　一般世帯数,　非農林漁業就業者世帯数　一般世帯数,　非就業者世帯数　一般世帯数,　当地に常住する１５歳以上就業者・通学者　総数,　当地に常住する１５歳以上就業者・通学者　就業者数,　当地に常住する１５歳以上就業者・通学者　通学者数,　利用交通手段別１５歳以上自宅外就業者・通学者　徒歩のみ,　利用交通手段別１５歳以上自宅外就業者・通学者　鉄道・電車,　利用交通手段別１５歳以上自宅外就業者・通学者　乗合バス,　利用交通手段別１５歳以上自宅外就業者・通学者　自家用車,　利用交通手段別１５歳以上自宅外就業者・通学者　オートバイ,　利用交通手段別１５歳以上自宅外就業者・通学者　自転車
53380060,1,,53381022;53381030,3,2,1,2,1,1,0,0,0,1,1,0,0,0,0,0,0,0,0,0,0,0,0,0,0,0,0,0,0,0,0,0,0,0,0,0,0,0,0,0,0,0,0,0,0,0,0,0,13,6,7,9,4,5,3,1,2,0,0,0,1,1,0,4,2,2,0,0,0,0,0,0,0,0,0,0,0,0,9,4,5,0,0,1,6,4,4,0,0,0,0,3,0,0
53380234,2,53380275,,*,*,*,*,*,*,*,*,*,*,*,*,*,*,*,*,*,*,*,*,*,*,*,*,*,*,*,*,*,*,*,*,*,*,*,*,*,*,*,*,*,*,*,*,*,*,*,*,*,*,*,*,*,*,*,*,*,*,*,*,*,*,*,*,*,*,*,*,*,*,*,*,*,*,*,*,*,*,*,*,*,*,*,*,*,*,*,*,*,*,*,*,*,*
53380244,2,53380275,,*,*,*,*,*,*,*,*,*,*,*,*,*,*,*,*,*,*,*,*,*,*,*,*,*,*,*,*,*,*,*,*,*,*,*,*,*,*,*,*,*,*,*,*,*,*,*,*,*,*,*,*,*,*,*,*,*,*,*,*,*,*,*,*,*,*,*,*,*,*,*,*,*,*,*,*,*,*,*,*,*,*,*,*,*,*,*,*,*,*,*,*,*,*
53380258,2,53380275,,*,*,*,*,*,*,*,*,*,*,*,*,*,*,*,*,*,*,*,*,*,*,*,*,*,*,*,*,*,*,*,*,*,*,*,*,*,*,*,*,*,*,*,*,*,*,*,*,*,*,*,*,*,*,*,*,*,*,*,*,*,*,*,*,*,*,*,*,*,*,*,*,*,*,*,*,*,*,*,*,*,*,*,*,*,*,*,*,*,*,*,*,*,*
53380265,2,53380275,,*,*,*,*,*,*,*,*,*,*,*,*,*,*,*,*,*,*,*,*,*,*,*,*,*,*,*,*,*,*,*,*,*,*,*,*,*,*,*,*,*,*,*,*,*,*,*,*,*,*,*,*,*,*,*,*,*,*,*,*,*,*,*,*,*,*,*,*,*,*,*,*,*,*,*,*,*,*,*,*,*,*,*,*,*,*,*,*,*,*,*,*,*,*
53380275,1,,53380234;53380244;53380258;53380265,24,14,10,14,11,3,0,0,0,9,2,7,3,2,1,0,0,0,0,0,0,0,0,0,0,0,0,0,0,0,0,0,0,4,3,1,2,2,0,1,0,1,0,0,0,1,1,0,57,25,32,29,10,19,16,7,9,4,1,3,8,7,1,12,8,4,0,0,0,3,2,1,4,2,2,6,4,2,36,12,24,3,1,15,17,29,27,2,1,0,1,23,0,0
53380285,1,,53380286;53380287;53380296,6,3,3,4,3,1,0,0,0,2,0,2,1,1,0,0,0,0,0,0,0,0,0,0,0,0,0,0,0,0,0,0,0,0,0,0,0,0,0,0,0,0,0,0,0,0,0,0,30,13,17,14,4,10,12,6,6,2,1,1,2,2,0,10,9,1,0,0,0,0,0,0,1,1,0,0,0,0,19,3,16,1,0,5,13,7,7,0,1,0,0,5,0,0
53380286,2,53380285,,*,*,*,*,*,*,*,*,*,*,*,*,*,*,*,*,*,*,*,*,*,*,*,*,*,*,*,*,*,*,*,*,*,*,*,*,*,*,*,*,*,*,*,*,*,*,*,*,*,*,*,*,*,*,*,*,*,*,*,*,*,*,*,*,*,*,*,*,*,*,*,*,*,*,*,*,*,*,*,*,*,*,*,*,*,*,*,*,*,*,*,*,*,*
53380287,2,53380285,,*,*,*,*,*,*,*,*,*,*,*,*,*,*,*,*,*,*,*,*,*,*,*,*,*,*,*,*,*,*,*,*,*,*,*,*,*,*,*,*,*,*,*,*,*,*,*,*,*,*,*,*,*,*,*,*,*,*,*,*,*,*,*,*,*,*,*,*,*,*,*,*,*,*,*,*,*,*,*,*,*,*,*,*,*,*,*,*,*,*,*,*,*,*
53380289,0,,,9,6,3,4,3,1,0,0,0,2,1,1,2,1,1,0,0,0,1,1,0,0,0,0,1,1,0,0,0,0,0,0,0,3,2,1,3,2,1,0,0,0,0,0,0,0,0,0,23,9,14,9,2,7,6,4,2,5,2,3,3,1,2,9,3,6,0,0,0,7,5,2,0,0,0,0,0,0,11,4,7,1,0,7,6,11,11,0,4,0,0,6,0,0
53380296,2,53380285,,*,*,*,*,*,*,*,*,*,*,*,*,*,*,*,*,*,*,*,*,*,*,*,*,*,*,*,*,*,*,*,*,*,*,*,*,*,*,*,*,*,*,*,*,*,*,*,*,*,*,*,*,*,*,*,*,*,*,*,*,*,*,*,*,*,*,*,*,*,*,*,*,*,*,*,*,*,*,*,*,*,*,*,*,*,*,*,*,*,*,*,*,*,*
53380297,2,53380298,,*,*,*,*,*,*,*,*,*,*,*,*,*,*,*,*,*,*,*,*,*,*,*,*,*,*,*,*,*,*,*,*,*,*,*,*,*,*,*,*,*,*,*,*,*,*,*,*,*,*,*,*,*,*,*,*,*,*,*,*,*,*,*,*,*,*,*,*,*,*,*,*,*,*,*,*,*,*,*,*,*,*,*,*,*,*,*,*,*,*,*,*,*,*
53380298,1,,53380297,15,9,6,6,4,2,0,0,0,9,5,4,2,2,0,1,0,1,1,1,0,0,0,0,1,1,0,0,0,0,0,0,0,4,2,2,1,1,0,3,1,2,0,0,0,0,0,0,41,18,23,13,3,10,21,11,10,5,2,3,2,2,0,10,7,3,0,0,0,14,6,8,1,0,1,8,5,3,13,3,10,1,1,12,12,20,18,2,1,0,1,15,1,0
53380299,0,,,41,26,15,26,19,7,2,1,1,6,1,5,7,3,4,1,0,1,2,2,0,0,0,0,2,2,0,0,0,0,0,0,0,10,4,6,4,1,3,5,2,3,0,0,0,1,1,0,77,40,37,20,9,11,27,16,11,11,5,6,18,10,8,17,11,6,5,1,4,11,7,4,14,7,7,3,3,0,39,17,22,0,1,34,12,56,49,7,9,4,4,27,1,0
53380301,0,,,31,18,13,18,12,6,1,0,1,12,6,6,2,2,0,1,0,1,1,1,0,0,0,0,0,0,0,0,0,0,1,1,0,0,0,0,0,0,0,0,0,0,0,0,0,0,0,0,71,40,31,33,19,14,31,17,14,4,2,2,3,2,1,17,14,3,2,1,1,0,0,0,4,2,2,3,2,1,46,22,24,0,0,20,10,34,34,0,0,0,0,29,1,0
53380303,0,,,8,3,5,5,1,4,0,0,0,3,2,1,1,0,1,0,0,0,1,0,1,0,0,0,0,0,0,1,0,1,0,0,0,1,1,0,0,0,0,1,1,0,0,0,0,0,0,0,17,6,11,3,0,3,12,5,7,0,0,0,2,1,1,3,2,1,0,0,0,4,2,2,0,0,0,2,1,1,10,2,8,0,0,6,5,10,9,1,0,0,0,7,1,0
53380304,0,,,10,4,6,8,4,4,0,0,0,2,0,2,1,1,0,2,1,1,0,0,0,0,0,0,0,0,0,0,0,0,0,0,0,5,4,1,3,2,1,2,2,0,0,0,0,0,0,0,17,7,10,5,3,2,6,2,4,2,0,2,4,2,2,11,9,2,0,0,0,0,0,0,0,0,0,3,1,2,8,1,7,1,0,6,1,15,13,2,0,1,0,11,1,0
53380305,0,,,54,27,27,39,24,15,2,0,2,13,3,10,6,6,0,1,0,1,0,0,0,0,0,0,0,0,0,0,0,0,0,0,0,7,4,3,2,2,0,5,2,3,0,0,0,0,0,0,122,58,64,24,11,13,57,27,30,17,3,14,24,17,7,36,23,13,0,0,0,4,2,2,1,1,0,16,10,6,72,26,46,2,0,34,15,67,62,5,0,3,1,55,0,2
53380306,1,,53380307,31,17,14,18,13,5,2,1,1,10,2,8,2,2,0,2,0,2,0,0,0,0,0,0,0,0,0,0,0,0,0,0,0,1,1,0,1,1,0,0,0,0,0,0,0,0,0,0,63,31,32,6,3,3,32,16,16,19,6,13,6,6,0,19,13,6,0,0,0,0,0,0,1,0,1,9,4,5,35,15,20,1,1,18,4,35,35,0,0,0,0,30,0,0
53380307,2,53380306,,*,*,*,*,*,*,*,*,*,*,*,*,*,*,*,*,*,*,*,*,*,*,*,*,*,*,*,*,*,*,*,*,*,*,*,*,*,*,*,*,*,*,*,*,*,*,*,*,*,*,*,*,*,*,*,*,*,*,*,*,*,*,*,*,*,*,*,*,*,*,*,*,*,*,*,*,*,*,*,*,*,*,*,*,*,*,*,*,*,*,*,*,*,*
53380312,0,,,25,10,15,13,5,8,3,1,2,8,3,5,3,1,2,0,0,0,2,1,1,0,0,0,1,1,0,0,0,0,1,0,1,5,1,4,3,0,3,0,0,0,0,0,0,2,1,1,57,19,38,13,2,11,26,10,16,11,4,7,7,3,4,17,8,9,1,0,1,5,1,4,2,1,1,3,2,1,36,9,27,0,0,18,7,30,28,2,2,0,0,24,1,0
53380313,0,,,17,8,9,10,4,6,1,1,0,3,0,3,1,1,0,0,0,0,0,0,0,0,0,0,0,0,0,0,0,0,0,0,0,1,0,1,0,0,0,0,0,0,1,0,1,0,0,0,29,13,16,5,2,3,16,7,9,5,1,4,3,3,0,6,4,2,0,0,0,1,0,1,1,1,0,0,0,0,22,8,14,0,0,10,3,19,18,1,0,1,0,14,0,0
53380315,1,,53380316,40,25,15,25,18,7,0,0,0,11,3,8,2,2,0,0,0,0,0,0,0,0,0,0,0,0,0,0,0,0,0,0,0,6,3,3,3,2,1,2,1,1,1,0,1,0,0,0,76,41,35,11,6,5,42,18,24,8,4,4,15,13,2,22,18,4,7,5,2,8,4,4,1,1,0,0,0,0,44,16,28,1,0,21,15,46,42,4,2,2,1,36,0,1
53380316,2,53380315,,*,*,*,*,*,*,*,*,*,*,*,*,*,*,*,*,*,*,*,*,*,*,*,*,*,*,*,*,*,*,*,*,*,*,*,*,*,*,*,*,*,*,*,*,*,*,*,*,*,*,*,*,*,*,*,*,*,*,*,*,*,*,*,*,*,*,*,*,*,*,*,*,*,*,*,*,*,*,*,*,*,*,*,*,*,*,*,*,*,*,*,*,*,*
53380323,0,,,100,54,46,62,44,18,4,2,2,30,5,25,9,8,1,9,4,5,17,8,9,0,0,0,9,4,5,2,1,1,6,3,3,32,18,14,18,8,10,11,8,3,0,0,0,3,2,1,177,92,85,24,11,13,94,47,47,23,3,20,27,24,3,50,27,23,1,1,0,34,20,14,24,12,12,33,21,12,72,28,44,1,3,74,21,132,118,14,0,6,1,108,2,3
53380324,2,53380325,,*,*,*,*,*,*,*,*,*,*,*,*,*,*,*,*,*,*,*,*,*,*,*,*,*,*,*,*,*,*,*,*,*,*,*,*,*,*,*,*,*,*,*,*,*,*,*,*,*,*,*,*,*,*,*,*,*,*,*,*,*,*,*,*,*,*,*,*,*,*,*,*,*,*,*,*,*,*,*,*,*,*,*,*,*,*,*,*,*,*,*,*,*,*
53380325,1,,53380324,36,22,14,26,18,8,0,0,0,9,3,6,3,3,0,0,0,0,1,1,0,0,0,0,0,0,0,1,1,0,0,0,0,11,7,4,4,1,3,5,5,0,1,0,1,1,1,0,60,33,27,15,9,6,36,21,15,6,1,5,3,2,1,19,14,5,0,0,0,2,1,1,5,1,4,14,11,3,32,14,18,1,3,14,8,45,39,6,4,4,0,31,1,2
53380326,0,,,34,19,15,27,16,11,1,0,1,6,3,3,5,4,1,3,1,2,5,5,0,0,0,0,1,1,0,2,2,0,2,2,0,12,7,5,6,3,3,5,3,2,0,0,0,1,1,0,72,33,39,9,3,6,33,17,16,16,4,12,14,9,5,22,13,9,0,0,0,9,6,3,2,1,1,18,8,10,38,17,21,0,0,27,11,47,42,5,3,3,1,37,0,1
53380333,0,,,23,13,10,15,11,4,0,0,0,7,2,5,4,4,0,1,1,0,3,2,1,0,0,0,1,1,0,0,0,0,2,1,1,3,1,2,2,1,1,0,0,0,1,0,1,0,0,0,104,48,56,50,20,30,39,21,18,9,3,6,5,3,2,16,11,5,9,2,7,30,12,18,1,0,1,9,5,4,44,20,24,0,0,15,16,29,28,1,1,0,0,24,0,0
53380334,0,,,5,3,2,4,2,2,0,0,0,1,1,0,1,1,0,0,0,0,0,0,0,0,0,0,0,0,0,0,0,0,0,0,0,2,1,1,1,1,0,1,0,1,0,0,0,0,0,0,16,9,7,4,3,1,9,5,4,1,0,1,2,1,1,5,5,0,0,0,0,0,0,0,0,0,0,3,1,2,10,4,6,0,1,1,5,7,6,1,0,1,0,6,0,0
53380335,0,,,80,47,33,52,39,13,2,2,0,19,1,18,4,3,1,3,1,2,2,1,1,0,0,0,0,0,0,2,1,1,0,0,0,13,8,5,10,7,3,1,0,1,1,0,1,1,1,0,172,89,83,18,5,13,76,40,36,26,5,21,52,39,13,58,43,15,3,3,0,10,5,5,16,7,9,9,4,5,91,36,55,0,1,52,40,90,87,3,10,0,0,73,0,1
53380336,0,,,147,78,69,96,60,36,5,2,3,36,9,27,28,21,7,20,4,16,14,8,6,0,0,0,8,3,5,1,0,1,5,5,0,55,29,26,37,20,17,13,7,6,2,1,1,3,1,2,329,151,178,46,14,32,167,76,91,39,12,27,64,44,20,82,58,24,12,8,4,60,26,34,53,25,28,49,23,26,139,46,93,1,4,104,48,214,196,18,15,12,0,126,0,4
53380343,0,,,8,7,1,4,4,0,0,0,0,2,1,1,1,1,0,0,0,0,0,0,0,0,0,0,0,0,0,0,0,0,0,0,0,0,0,0,0,0,0,0,0,0,0,0,0,0,0,0,33,17,16,5,2,3,14,7,7,7,3,4,5,4,1,3,2,1,0,0,0,2,1,1,0,0,0,3,1,2,25,13,12,0,0,6,10,9,9,0,0,0,0,5,0,0
53380344,0,,,245,130,115,153,94,59,4,3,1,68,15,53,35,27,8,19,7,12,14,8,6,2,1,1,7,4,3,1,1,0,4,2,2,51,28,23,30,16,14,15,7,8,2,1,1,4,4,0,520,245,275,107,50,57,252,118,134,73,15,58,86,60,26,124,86,38,15,10,5,36,18,18,33,17,16,61,25,36,316,125,191,14,0,154,82,322,299,23,33,8,4,209,2,1
53380345,0,,,87,38,49,52,29,23,2,1,1,26,3,23,17,15,2,8,1,7,4,3,1,0,0,0,0,0,0,3,2,1,1,1,0,28,23,5,10,6,4,15,15,0,1,0,1,2,2,0,262,107,155,74,22,52,120,50,70,34,16,18,27,17,10,46,31,15,26,13,13,50,21,29,25,9,16,31,11,20,116,48,68,0,1,64,34,132,114,18,25,3,1,78,1,1
53380346,0,,,70,40,30,49,32,17,0,0,0,16,4,12,8,6,2,0,0,0,12,4,8,0,0,0,7,3,4,3,0,3,2,1,1,29,15,14,22,12,10,5,1,4,0,0,0,2,2,0,133,67,66,24,10,14,65,33,32,22,7,15,21,16,5,19,12,7,16,7,9,30,18,12,23,12,11,28,16,12,58,21,37,0,0,44,26,84,78,6,2,2,1,68,1,1
53380348,2,53380356,,*,*,*,*,*,*,*,*,*,*,*,*,*,*,*,*,*,*,*,*,*,*,*,*,*,*,*,*,*,*,*,*,*,*,*,*,*,*,*,*,*,*,*,*,*,*,*,*,*,*,*,*,*,*,*,*,*,*,*,*,*,*,*,*,*,*,*,*,*,*,*,*,*,*,*,*,*,*,*,*,*,*,*,*,*,*,*,*,*,*,*,*,*,*
53380353,1,,53380362;53380363,93,48,45,46,16,30,2,2,0,16,9,7,34,19,15,24,8,16,9,7,2,1,0,1,2,2,0,4,4,0,2,1,1,36,26,10,17,11,6,11,9,2,0,0,0,8,6,2,224,113,111,27,18,9,82,32,50,38,4,34,77,59,18,74,57,17,16,10,6,11,8,3,29,16,13,40,19,21,97,34,63,0,0,68,9,165,151,14,17,4,1,30,2,0
53380354,1,,53380364,64,38,26,38,23,15,2,2,0,17,7,10,14,12,2,12,4,8,2,0,2,0,0,0,0,0,0,1,0,1,1,0,1,48,43,5,3,0,3,15,15,0,1,0,1,29,28,1,143,82,61,20,11,9,69,39,30,15,4,11,38,27,11,42,31,11,12,11,1,38,33,5,13,11,2,18,9,9,70,30,40,0,1,48,19,135,91,44,51,3,0,51,2,0
53380355,0,,,128,69,59,94,61,33,2,2,0,29,4,25,16,14,2,6,2,4,5,4,1,0,0,0,4,3,1,0,0,0,1,1,0,30,12,18,21,8,13,7,4,3,1,0,1,1,0,1,237,116,121,51,23,28,116,56,60,44,18,26,25,19,6,77,54,23,1,0,1,11,4,7,29,15,14,31,16,15,123,43,80,0,2,83,29,161,150,11,5,6,0,133,1,4
53380356,1,,53380348;53380358,84,49,35,55,38,17,1,0,1,22,8,14,4,3,1,1,1,0,4,2,2,0,0,0,4,2,2,0,0,0,0,0,0,10,6,4,6,3,3,2,2,0,0,0,0,2,1,1,146,71,75,11,5,6,91,41,50,24,9,15,20,16,4,27,19,8,2,2,0,7,4,3,8,3,5,21,11,10,95,40,55,0,0,48,17,93,89,4,4,3,0,74,1,4
53380358,2,53380356,,*,*,*,*,*,*,*,*,*,*,*,*,*,*,*,*,*,*,*,*,*,*,*,*,*,*,*,*,*,*,*,*,*,*,*,*,*,*,*,*,*,*,*,*,*,*,*,*,*,*,*,*,*,*,*,*,*,*,*,*,*,*,*,*,*,*,*,*,*,*,*,*,*,*,*,*,*,*,*,*,*,*,*,*,*,*,*,*,*,*,*,*,*,*
53380360,2,53380370,,*,*,*,*,*,*,*,*,*,*,*,*,*,*,*,*,*,*,*,*,*,*,*,*,*,*,*,*,*,*,*,*,*,*,*,*,*,*,*,*,*,*,*,*,*,*,*,*,*,*,*,*,*,*,*,*,*,*,*,*,*,*,*,*,*,*,*,*,*,*,*,*,*,*,*,*,*,*,*,*,*,*,*,*,*,*,*,*,*,*,*,*,*,*
53380362,2,53380353,,*,*,*,*,*,*,*,*,*,*,*,*,*,*,*,*,*,*,*,*,*,*,*,*,*,*,*,*,*,*,*,*,*,*,*,*,*,*,*,*,*,*,*,*,*,*,*,*,*,*,*,*,*,*,*,*,*,*,*,*,*,*,*,*,*,*,*,*,*,*,*,*,*,*,*,*,*,*,*,*,*,*,*,*,*,*,*,*,*,*,*,*,*,*
53380363,2,53380353,,*,*,*,*,*,*,*,*,*,*,*,*,*,*,*,*,*,*,*,*,*,*,*,*,*,*,*,*,*,*,*,*,*,*,*,*,*,*,*,*,*,*,*,*,*,*,*,*,*,*,*,*,*,*,*,*,*,*,*,*,*,*,*,*,*,*,*,*,*,*,*,*,*,*,*,*,*,*,*,*,*,*,*,*,*,*,*,*,*,*,*,*,*,*
53380364,2,53380354,,*,*,*,*,*,*,*,*,*,*,*,*,*,*,*,*,*,*,*,*,*,*,*,*,*,*,*,*,*,*,*,*,*,*,*,*,*,*,*,*,*,*,*,*,*,*,*,*,*,*,*,*,*,*,*,*,*,*,*,*,*,*,*,*,*,*,*,*,*,*,*,*,*,*,*,*,*,*,*,*,*,*,*,*,*,*,*,*,*,*,*,*,*,*
53380365,0,,,20,9,11,15,7,8,0,0,0,5,2,3,2,2,0,0,0,0,1,0,1,0,0,0,0,0,0,0,0,0,1,0,1,6,1,5,3,0,3,2,1,1,1,0,1,0,0,0,42,19,23,12,5,7,19,10,9,4,0,4,7,4,3,22,10,12,0,0,0,3,1,2,0,0,0,4,2,2,20,7,13,1,0,10,5,25,22,3,1,0,0,20,0,1
53380366,0,,,40,20,20,25,16,9,1,0,1,13,3,10,4,4,0,2,0,2,4,2,2,0,0,0,1,0,1,1,1,0,2,1,1,8,5,3,5,4,1,2,1,1,0,0,0,1,0,1,99,46,53,12,4,8,54,27,27,15,2,13,18,13,5,29,23,6,0,0,0,4,3,1,5,2,3,15,5,10,58,20,38,0,1,29,22,48,46,2,0,2,0,41,0,0
53380370,1,,53380360,24,14,10,15,9,6,0,0,0,4,1,3,8,4,4,2,0,2,1,1,0,0,0,0,1,1,0,0,0,0,0,0,0,4,2,2,3,1,2,1,1,0,0,0,0,0,0,0,56,28,28,14,5,9,24,11,13,6,1,5,12,11,1,15,9,6,0,0,0,5,3,2,1,1,0,5,3,2,35,15,20,0,0,22,7,35,34,1,2,0,1,17,0,0
53380374,1,,53380375,8,6,2,5,4,1,0,0,0,3,2,1,0,0,0,0,0,0,0,0,0,0,0,0,0,0,0,0,0,0,0,0,0,0,0,0,0,0,0,0,0,0,0,0,0,0,0,0,21,10,11,4,2,2,16,7,9,0,0,0,1,1,0,5,4,1,0,0,0,2,1,1,0,0,0,3,2,1,11,3,8,0,0,4,7,8,8,0,0,0,0,8,0,0
53380375,2,53380374,,*,*,*,*,*,*,*,*,*,*,*,*,*,*,*,*,*,*,*,*,*,*,*,*,*,*,*,*,*,*,*,*,*,*,*,*,*,*,*,*,*,*,*,*,*,*,*,*,*,*,*,*,*,*,*,*,*,*,*,*,*,*,*,*,*,*,*,*,*,*,*,*,*,*,*,*,*,*,*,*,*,*,*,*,*,*,*,*,*,*,*,*,*,*
53380376,0,,,21,12,9,12,8,4,0,0,0,7,2,5,4,3,1,3,1,2,2,0,2,0,0,0,2,0,2,0,0,0,0,0,0,8,7,1,7,6,1,1,1,0,0,0,0,0,0,0,50,26,24,10,4,6,27,14,13,9,4,5,4,4,0,16,12,4,1,0,1,0,0,0,6,5,1,3,0,3,34,16,18,0,1,13,4,31,28,3,3,0,0,21,0,1
53380385,0,,,86,58,28,51,39,12,0,0,0,28,13,15,7,6,1,1,1,0,1,1,0,0,0,0,1,1,0,0,0,0,0,0,0,8,3,5,6,3,3,1,0,1,0,0,0,1,0,1,138,85,53,13,9,4,66,31,35,25,14,11,34,31,3,21,18,3,8,7,1,19,16,3,9,5,4,26,13,13,64,30,34,0,0,55,11,96,94,2,2,0,0,76,2,2
53380386,0,,,5,2,3,3,1,2,0,0,0,0,0,0,0,0,0,0,0,0,0,0,0,0,0,0,0,0,0,0,0,0,0,0,0,2,2,0,1,1,0,0,0,0,0,0,0,1,1,0,18,8,10,9,5,4,5,1,4,3,1,2,1,1,0,2,0,2,0,0,0,3,2,1,1,1,0,4,3,1,10,4,6,0,0,4,6,7,5,2,0,0,0,2,0,1
53380389,2,53380398,,*,*,*,*,*,*,*,*,*,*,*,*,*,*,*,*,*,*,*,*,*,*,*,*,*,*,*,*,*,*,*,*,*,*,*,*,*,*,*,*,*,*,*,*,*,*,*,*,*,*,*,*,*,*,*,*,*,*,*,*,*,*,*,*,*,*,*,*,*,*,*,*,*,*,*,*,*,*,*,*,*,*,*,*,*,*,*,*,*,*,*,*,*,*
53380390,1,,53380392,11,6,5,6,4,2,0,0,0,4,1,3,1,1,0,0,0,0,0,0,0,0,0,0,0,0,0,0,0,0,0,0,0,3,3,0,2,2,0,1,1,0,0,0,0,0,0,0,26,13,13,6,3,3,16,7,9,1,0,1,3,3,0,9,7,2,0,0,0,0,0,0,0,0,0,4,3,1,16,6,10,1,0,5,8,13,12,1,0,0,1,12,0,0
53380392,2,53380390,,*,*,*,*,*,*,*,*,*,*,*,*,*,*,*,*,*,*,*,*,*,*,*,*,*,*,*,*,*,*,*,*,*,*,*,*,*,*,*,*,*,*,*,*,*,*,*,*,*,*,*,*,*,*,*,*,*,*,*,*,*,*,*,*,*,*,*,*,*,*,*,*,*,*,*,*,*,*,*,*,*,*,*,*,*,*,*,*,*,*,*,*,*,*
53380394,2,53380395,,*,*,*,*,*,*,*,*,*,*,*,*,*,*,*,*,*,*,*,*,*,*,*,*,*,*,*,*,*,*,*,*,*,*,*,*,*,*,*,*,*,*,*,*,*,*,*,*,*,*,*,*,*,*,*,*,*,*,*,*,*,*,*,*,*,*,*,*,*,*,*,*,*,*,*,*,*,*,*,*,*,*,*,*,*,*,*,*,*,*,*,*,*,*
53380395,1,,53380394,203,105,98,122,80,42,6,3,3,69,18,51,30,23,7,11,2,9,24,16,8,0,0,0,21,13,8,1,1,0,2,2,0,37,15,22,20,9,11,9,4,5,4,0,4,4,2,2,440,209,231,92,40,52,221,106,115,79,29,50,48,34,14,123,82,41,13,9,4,27,15,12,43,21,22,46,20,26,249,93,156,2,5,129,61,259,244,15,9,8,4,197,4,3
53380396,0,,,21,12,9,9,6,3,0,0,0,5,2,3,1,1,0,0,0,0,1,1,0,0,0,0,1,1,0,0,0,0,0,0,0,4,2,2,1,1,0,0,0,0,1,0,1,2,1,1,46,22,24,12,5,7,23,12,11,6,0,6,5,5,0,11,10,1,0,0,0,0,0,0,1,0,1,5,2,3,34,13,21,0,0,13,9,25,22,3,2,2,0,15,0,0
53380398,1,,53380389,3,2,1,2,2,0,0,0,0,1,0,1,2,1,1,0,0,0,0,0,0,0,0,0,0,0,0,0,0,0,0,0,0,0,0,0,0,0,0,0,0,0,0,0,0,0,0,0,21,7,14,13,4,9,7,3,4,0,0,0,1,0,1,3,2,1,0,0,0,0,0,0,1,0,1,3,1,2,14,4,10,0,0,4,8,5,5,0,0,0,0,2,0,0
53380404,0,,,8,5,3,6,4,2,0,0,0,2,1,1,0,0,0,0,0,0,0,0,0,0,0,0,0,0,0,0,0,0,0,0,0,0,0,0,0,0,0,0,0,0,0,0,0,0,0,0,10,6,4,2,1,1,2,2,0,3,1,2,3,2,1,0,0,0,2,0,2,1,1,0,4,3,1,0,0,0,3,2,1,0,0,5,0,8,8,0,3,0,0,0,0,0
53380405,0,,,14,9,5,5,5,0,0,0,0,6,2,4,5,5,0,0,0,0,1,1,0,0,0,0,0,0,0,0,0,0,1,1,0,1,1,0,1,1,0,0,0,0,0,0,0,0,0,0,34,21,13,3,1,2,18,10,8,2,1,1,6,6,0,15,11,4,2,1,1,5,3,2,0,0,0,4,3,1,9,4,5,2,0,9,5,19,19,0,0,0,0,15,0,0
53380406,1,,53380416,30,17,13,15,9,6,0,0,0,9,4,5,5,3,2,1,0,1,1,0,1,0,0,0,0,0,0,0,0,0,1,0,1,8,7,1,7,6,1,1,1,0,0,0,0,0,0,0,70,35,35,11,5,6,29,15,14,14,6,8,13,8,5,2,2,0,4,1,3,12,7,5,10,4,6,32,18,14,15,9,6,2,2,20,14,37,36,1,0,0,1,31,0,1
53380407,1,,53380408,26,15,11,15,11,4,3,2,1,8,2,6,7,7,0,3,1,2,4,1,3,0,0,0,1,1,0,2,0,2,1,0,1,11,7,4,9,5,4,2,2,0,0,0,0,0,0,0,67,36,31,8,4,4,32,17,15,6,2,4,10,8,2,4,2,2,0,0,0,10,5,5,11,8,3,21,12,9,21,11,10,0,3,19,15,39,36,3,2,0,0,24,0,3
53380408,2,53380407,,*,*,*,*,*,*,*,*,*,*,*,*,*,*,*,*,*,*,*,*,*,*,*,*,*,*,*,*,*,*,*,*,*,*,*,*,*,*,*,*,*,*,*,*,*,*,*,*,*,*,*,*,*,*,*,*,*,*,*,*,*,*,*,*,*,*,*,*,*,*,*,*,*,*,*,*,*,*,*,*,*,*,*,*,*,*,*,*,*,*,*,*,*,*
53380409,2,53380418,,*,*,*,*,*,*,*,*,*,*,*,*,*,*,*,*,*,*,*,*,*,*,*,*,*,*,*,*,*,*,*,*,*,*,*,*,*,*,*,*,*,*,*,*,*,*,*,*,*,*,*,*,*,*,*,*,*,*,*,*,*,*,*,*,*,*,*,*,*,*,*,*,*,*,*,*,*,*,*,*,*,*,*,*,*,*,*,*,*,*,*,*,*,*
53380415,0,,,13,6,7,9,5,4,0,0,0,4,1,3,3,2,1,1,1,0,1,0,1,0,0,0,1,0,1,0,0,0,0,0,0,4,2,2,3,1,2,1,1,0,0,0,0,0,0,0,32,18,14,9,6,3,17,8,9,1,0,1,5,4,1,8,5,3,1,1,0,8,5,3,2,2,0,9,5,4,9,2,7,1,0,10,6,20,17,3,0,1,0,17,0,1
53380416,2,53380406,,*,*,*,*,*,*,*,*,*,*,*,*,*,*,*,*,*,*,*,*,*,*,*,*,*,*,*,*,*,*,*,*,*,*,*,*,*,*,*,*,*,*,*,*,*,*,*,*,*,*,*,*,*,*,*,*,*,*,*,*,*,*,*,*,*,*,*,*,*,*,*,*,*,*,*,*,*,*,*,*,*,*,*,*,*,*,*,*,*,*,*,*,*,*
53380417,0,,,28,14,14,21,12,9,0,0,0,5,1,4,1,1,0,2,1,1,1,1,0,0,0,0,1,1,0,0,0,0,0,0,0,1,1,0,1,1,0,0,0,0,0,0,0,0,0,0,38,17,21,5,1,4,16,7,9,6,2,4,11,7,4,12,9,3,0,0,0,3,0,3,3,2,1,8,4,4,14,4,10,4,1,9,1,31,31,0,0,1,0,18,1,0
53380418,1,,53380409,43,33,10,17,12,5,1,1,0,24,19,5,11,10,1,10,4,6,0,0,0,0,0,0,0,0,0,0,0,0,0,0,0,49,42,7,1,0,1,4,2,2,3,3,0,41,37,4,69,39,30,10,5,5,34,19,15,9,3,6,8,6,2,26,19,7,15,14,1,34,29,5,10,4,6,5,4,1,28,11,17,2,5,11,9,91,64,27,28,0,0,42,2,1
53380424,0,,,14,8,6,8,5,3,1,0,1,4,2,2,5,4,1,3,1,2,2,2,0,0,0,0,0,0,0,0,0,0,2,2,0,9,6,3,5,3,2,4,3,1,0,0,0,0,0,0,46,23,23,12,6,6,13,5,8,9,3,6,6,5,1,13,8,5,1,1,0,7,4,3,1,0,1,11,7,4,18,7,11,0,1,10,9,27,22,5,0,0,0,21,0,2
53380425,0,,,38,20,18,15,11,4,0,0,0,16,6,10,5,5,0,2,0,2,5,3,2,0,0,0,5,3,2,0,0,0,0,0,0,6,2,4,6,2,4,0,0,0,0,0,0,0,0,0,69,35,34,7,2,5,31,14,17,14,10,4,12,6,6,15,8,7,6,2,4,7,4,3,13,6,7,9,6,3,28,12,16,0,1,26,7,45,45,0,3,0,1,35,0,0
53380426,1,,53380437,8,5,3,4,3,1,0,0,0,2,1,1,3,3,0,0,0,0,0,0,0,0,0,0,0,0,0,0,0,0,0,0,0,0,0,0,0,0,0,0,0,0,0,0,0,0,0,0,17,10,7,2,1,1,8,6,2,2,0,2,3,2,1,4,4,0,0,0,0,0,0,0,0,0,0,2,1,1,11,5,6,1,0,5,1,11,11,0,0,0,2,7,0,0
53380427,0,,,19,9,10,10,4,6,1,0,1,5,2,3,5,5,0,2,0,2,1,1,0,0,0,0,1,1,0,0,0,0,0,0,0,11,5,6,5,2,3,5,2,3,0,0,0,1,1,0,46,22,24,8,4,4,26,12,14,7,1,6,5,5,0,13,5,8,2,1,1,2,1,1,4,2,2,16,10,6,21,9,12,2,0,13,9,32,26,6,0,2,3,15,0,0
53380428,1,,53380439,19,12,7,10,7,3,1,1,0,4,2,2,7,5,2,9,4,5,0,0,0,0,0,0,0,0,0,0,0,0,0,0,0,6,3,3,4,3,1,2,0,2,0,0,0,0,0,0,47,26,21,4,1,3,28,17,11,3,2,1,12,6,6,15,12,3,1,1,0,3,2,1,2,0,2,7,4,3,25,10,15,8,3,7,1,37,35,2,3,0,1,18,1,0
53380429,0,,,12,4,8,10,3,7,0,0,0,2,1,1,0,0,0,1,0,1,2,1,1,1,1,0,0,0,0,0,0,0,1,0,1,0,0,0,0,0,0,0,0,0,0,0,0,0,0,0,22,9,13,5,3,2,12,3,9,2,0,2,2,2,0,5,3,2,2,0,2,3,1,2,2,1,1,1,0,1,10,4,6,3,1,4,2,13,13,0,0,0,0,9,0,0
53380434,0,,,39,22,17,18,15,3,1,1,0,17,4,13,10,9,1,2,0,2,4,1,3,0,0,0,2,1,1,0,0,0,2,0,2,8,4,4,4,2,2,3,2,1,0,0,0,1,0,1,93,49,44,19,9,10,42,18,24,10,5,5,16,13,3,36,26,10,3,2,1,4,3,1,6,1,5,13,7,6,39,12,27,2,1,25,9,55,51,4,1,0,0,38,0,1
53380435,0,,,114,64,50,53,39,14,4,3,1,45,13,32,23,21,2,3,0,3,6,3,3,0,0,0,6,3,3,0,0,0,0,0,0,22,4,18,7,2,5,4,0,4,9,2,7,2,0,2,237,118,119,60,23,37,115,62,53,18,8,10,25,15,10,76,49,27,11,3,8,8,5,3,20,11,9,33,15,18,117,42,75,11,11,52,24,157,142,15,17,5,1,96,3,2
53380436,0,,,12,8,4,9,6,3,1,1,0,2,1,1,3,3,0,2,0,2,0,0,0,0,0,0,0,0,0,0,0,0,0,0,0,0,0,0,0,0,0,0,0,0,0,0,0,0,0,0,31,17,14,4,1,3,10,7,3,4,0,4,9,7,2,1,1,0,2,1,1,3,2,1,8,5,3,2,1,1,15,7,8,0,0,11,7,19,19,0,1,0,0,12,0,0
53380437,2,53380426,,*,*,*,*,*,*,*,*,*,*,*,*,*,*,*,*,*,*,*,*,*,*,*,*,*,*,*,*,*,*,*,*,*,*,*,*,*,*,*,*,*,*,*,*,*,*,*,*,*,*,*,*,*,*,*,*,*,*,*,*,*,*,*,*,*,*,*,*,*,*,*,*,*,*,*,*,*,*,*,*,*,*,*,*,*,*,*,*,*,*,*,*,*,*
53380438,1,,53380447,20,9,11,8,5,3,2,1,1,7,1,6,4,4,0,2,1,1,1,0,1,0,0,0,0,0,0,0,0,0,1,0,1,11,8,3,8,5,3,3,3,0,0,0,0,0,0,0,38,20,18,4,1,3,19,12,7,6,3,3,8,4,4,14,9,5,3,2,1,8,5,3,4,2,2,9,5,4,12,5,7,6,3,7,4,29,26,3,1,1,0,16,0,2
53380439,2,53380428,,*,*,*,*,*,*,*,*,*,*,*,*,*,*,*,*,*,*,*,*,*,*,*,*,*,*,*,*,*,*,*,*,*,*,*,*,*,*,*,*,*,*,*,*,*,*,*,*,*,*,*,*,*,*,*,*,*,*,*,*,*,*,*,*,*,*,*,*,*,*,*,*,*,*,*,*,*,*,*,*,*,*,*,*,*,*,*,*,*,*,*,*,*,*
53380444,0,,,6,3,3,3,2,1,0,0,0,3,1,2,0,0,0,0,0,0,0,0,0,0,0,0,0,0,0,0,0,0,0,0,0,1,1,0,0,0,0,1,1,0,0,0,0,0,0,0,11,6,5,3,2,1,5,3,2,3,1,2,0,0,0,9,7,2,0,0,0,0,0,0,0,0,0,0,0,0,3,0,3,0,0,4,0,7,6,1,0,0,1,6,0,0
53380445,1,,53380456,52,29,23,25,17,8,0,0,0,19,6,13,6,5,1,2,0,2,10,7,3,1,0,1,6,6,0,0,0,0,3,1,2,16,9,7,11,8,3,2,1,1,1,0,1,2,0,2,106,53,53,23,11,12,47,22,25,16,6,10,18,13,5,40,28,12,8,4,4,18,9,9,10,6,4,13,5,8,43,17,26,3,0,28,15,67,60,7,4,1,1,48,0,0
53380447,2,53380438,,*,*,*,*,*,*,*,*,*,*,*,*,*,*,*,*,*,*,*,*,*,*,*,*,*,*,*,*,*,*,*,*,*,*,*,*,*,*,*,*,*,*,*,*,*,*,*,*,*,*,*,*,*,*,*,*,*,*,*,*,*,*,*,*,*,*,*,*,*,*,*,*,*,*,*,*,*,*,*,*,*,*,*,*,*,*,*,*,*,*,*,*,*,*
53380448,1,,53380457;53380458,13,8,5,9,6,3,1,1,0,3,1,2,8,6,2,6,0,6,1,0,1,0,0,0,1,0,1,0,0,0,0,0,0,3,3,0,2,2,0,1,1,0,0,0,0,0,0,0,36,21,15,1,0,1,22,13,9,5,2,3,7,5,2,15,11,4,3,2,1,1,1,0,3,2,1,1,0,1,16,7,9,5,4,4,4,28,27,1,0,0,0,13,0,0
53380454,0,,,5,2,3,3,2,1,0,0,0,2,0,2,0,0,0,0,0,0,0,0,0,0,0,0,0,0,0,0,0,0,0,0,0,0,0,0,0,0,0,0,0,0,0,0,0,0,0,0,9,4,5,1,0,1,5,2,3,0,0,0,3,2,1,0,0,0,0,0,0,1,1,0,0,0,0,3,1,2,5,2,3,0,1,2,3,5,5,0,0,0,0,5,0,0
53380455,1,,53380465,10,6,4,2,2,0,0,0,0,4,1,3,2,2,0,1,0,1,3,1,2,0,0,0,2,1,1,0,0,0,1,0,1,2,1,1,1,1,0,0,0,0,0,0,0,1,0,1,17,9,8,2,1,1,6,2,4,1,1,0,8,5,3,10,5,5,0,0,0,0,0,0,3,1,2,8,4,4,1,1,0,0,0,8,1,14,13,1,2,0,0,7,1,1
53380456,2,53380445,,*,*,*,*,*,*,*,*,*,*,*,*,*,*,*,*,*,*,*,*,*,*,*,*,*,*,*,*,*,*,*,*,*,*,*,*,*,*,*,*,*,*,*,*,*,*,*,*,*,*,*,*,*,*,*,*,*,*,*,*,*,*,*,*,*,*,*,*,*,*,*,*,*,*,*,*,*,*,*,*,*,*,*,*,*,*,*,*,*,*,*,*,*,*
53380457,2,53380448,,*,*,*,*,*,*,*,*,*,*,*,*,*,*,*,*,*,*,*,*,*,*,*,*,*,*,*,*,*,*,*,*,*,*,*,*,*,*,*,*,*,*,*,*,*,*,*,*,*,*,*,*,*,*,*,*,*,*,*,*,*,*,*,*,*,*,*,*,*,*,*,*,*,*,*,*,*,*,*,*,*,*,*,*,*,*,*,*,*,*,*,*,*,*
53380458,2,53380448,,*,*,*,*,*,*,*,*,*,*,*,*,*,*,*,*,*,*,*,*,*,*,*,*,*,*,*,*,*,*,*,*,*,*,*,*,*,*,*,*,*,*,*,*,*,*,*,*,*,*,*,*,*,*,*,*,*,*,*,*,*,*,*,*,*,*,*,*,*,*,*,*,*,*,*,*,*,*,*,*,*,*,*,*,*,*,*,*,*,*,*,*,*,*
53380465,2,53380455,,*,*,*,*,*,*,*,*,*,*,*,*,*,*,*,*,*,*,*,*,*,*,*,*,*,*,*,*,*,*,*,*,*,*,*,*,*,*,*,*,*,*,*,*,*,*,*,*,*,*,*,*,*,*,*,*,*,*,*,*,*,*,*,*,*,*,*,*,*,*,*,*,*,*,*,*,*,*,*,*,*,*,*,*,*,*,*,*,*,*,*,*,*,*
53380466,2,53380476,,*,*,*,*,*,*,*,*,*,*,*,*,*,*,*,*,*,*,*,*,*,*,*,*,*,*,*,*,*,*,*,*,*,*,*,*,*,*,*,*,*,*,*,*,*,*,*,*,*,*,*,*,*,*,*,*,*,*,*,*,*,*,*,*,*,*,*,*,*,*,*,*,*,*,*,*,*,*,*,*,*,*,*,*,*,*,*,*,*,*,*,*,*,*
53380467,2,53380476,,*,*,*,*,*,*,*,*,*,*,*,*,*,*,*,*,*,*,*,*,*,*,*,*,*,*,*,*,*,*,*,*,*,*,*,*,*,*,*,*,*,*,*,*,*,*,*,*,*,*,*,*,*,*,*,*,*,*,*,*,*,*,*,*,*,*,*,*,*,*,*,*,*,*,*,*,*,*,*,*,*,*,*,*,*,*,*,*,*,*,*,*,*,*
53380468,2,53380478,,*,*,*,*,*,*,*,*,*,*,*,*,*,*,*,*,*,*,*,*,*,*,*,*,*,*,*,*,*,*,*,*,*,*,*,*,*,*,*,*,*,*,*,*,*,*,*,*,*,*,*,*,*,*,*,*,*,*,*,*,*,*,*,*,*,*,*,*,*,*,*,*,*,*,*,*,*,*,*,*,*,*,*,*,*,*,*,*,*,*,*,*,*,*
53380476,1,,53380466;53380467;53380484,12,6,6,5,4,1,0,0,0,6,1,5,6,6,0,5,0,5,4,2,2,0,0,0,3,2,1,0,0,0,1,0,1,4,2,2,4,2,2,0,0,0,0,0,0,0,0,0,31,18,13,6,2,4,16,11,5,5,2,3,4,3,1,15,10,5,0,0,0,5,3,2,1,0,1,1,0,1,17,9,8,6,3,2,2,23,23,0,0,0,0,10,0,0
53380478,1,,53380468,7,5,2,2,1,1,1,0,1,3,3,0,2,2,0,4,2,2,2,0,2,0,0,0,1,0,1,0,0,0,1,0,1,0,0,0,0,0,0,0,0,0,0,0,0,0,0,0,19,11,8,8,2,6,7,6,1,3,2,1,1,1,0,8,7,1,1,0,1,3,2,1,1,0,1,0,0,0,8,2,6,0,3,2,0,14,14,0,0,0,0,8,0,0
53380479,0,,,16,9,7,8,6,2,4,2,2,4,1,3,4,4,0,2,0,2,0,0,0,0,0,0,0,0,0,0,0,0,0,0,0,0,0,0,0,0,0,0,0,0,0,0,0,0,0,0,34,17,17,12,5,7,17,11,6,5,1,4,0,0,0,12,9,3,0,0,0,0,0,0,1,0,1,1,1,0,20,7,13,1,2,5,4,22,22,0,0,0,0,16,0,0
53380484,2,53380476,,*,*,*,*,*,*,*,*,*,*,*,*,*,*,*,*,*,*,*,*,*,*,*,*,*,*,*,*,*,*,*,*,*,*,*,*,*,*,*,*,*,*,*,*,*,*,*,*,*,*,*,*,*,*,*,*,*,*,*,*,*,*,*,*,*,*,*,*,*,*,*,*,*,*,*,*,*,*,*,*,*,*,*,*,*,*,*,*,*,*,*,*,*,*
53380486,0,,,9,4,5,4,1,3,0,0,0,2,1,1,2,2,0,2,1,1,3,1,2,0,0,0,2,0,2,0,0,0,1,1,0,4,3,1,3,3,0,1,0,1,0,0,0,0,0,0,16,9,7,2,1,1,5,5,0,2,0,2,5,2,3,8,7,1,0,0,0,3,0,3,2,2,0,3,1,2,5,2,3,3,1,2,1,14,13,1,0,0,0,5,0,0
53380487,1,,53380497,19,13,6,11,10,1,1,0,1,7,3,4,6,6,0,11,3,8,2,1,1,0,0,0,2,1,1,0,0,0,0,0,0,8,3,5,8,3,5,0,0,0,0,0,0,0,0,0,50,31,19,5,2,3,32,20,12,4,1,3,6,6,0,25,16,9,3,2,1,1,1,0,3,2,1,5,1,4,19,10,9,4,3,6,5,36,36,0,0,0,0,19,0,0
53380488,0,,,11,7,4,5,4,1,1,0,1,5,3,2,2,2,0,4,0,4,4,2,2,0,0,0,3,1,2,0,0,0,1,1,0,3,2,1,3,2,1,0,0,0,0,0,0,0,0,0,24,11,13,8,4,4,11,6,5,4,1,3,1,0,1,13,8,5,0,0,0,0,0,0,4,3,1,2,1,1,12,3,9,1,0,6,2,17,17,0,0,0,0,13,0,0
53380489,0,,,20,13,7,11,9,2,1,0,1,8,4,4,5,5,0,5,1,4,3,2,1,0,0,0,0,0,0,1,0,1,2,2,0,14,5,9,10,4,6,4,1,3,0,0,0,0,0,0,39,21,18,11,7,4,17,9,8,5,2,3,6,3,3,19,10,9,0,0,0,6,1,5,5,3,2,7,6,1,19,8,11,3,3,11,2,35,30,5,0,2,0,25,0,0
53380497,2,53380487,,*,*,*,*,*,*,*,*,*,*,*,*,*,*,*,*,*,*,*,*,*,*,*,*,*,*,*,*,*,*,*,*,*,*,*,*,*,*,*,*,*,*,*,*,*,*,*,*,*,*,*,*,*,*,*,*,*,*,*,*,*,*,*,*,*,*,*,*,*,*,*,*,*,*,*,*,*,*,*,*,*,*,*,*,*,*,*,*,*,*,*,*,*,*
53380498,0,,,9,5,4,4,2,2,0,0,0,5,3,2,3,3,0,3,1,2,0,0,0,0,0,0,0,0,0,0,0,0,0,0,0,0,0,0,0,0,0,0,0,0,0,0,0,0,0,0,26,13,13,6,2,4,12,6,6,4,2,2,4,3,1,6,6,0,1,1,0,1,0,1,1,0,1,5,2,3,12,4,8,2,1,5,4,15,15,0,0,0,0,9,0,0
53380499,0,,,30,15,15,18,11,7,2,0,2,10,4,6,9,9,0,10,1,9,1,0,1,0,0,0,0,0,0,0,0,0,1,0,1,1,1,0,1,1,0,0,0,0,0,0,0,0,0,0,75,35,40,17,8,9,33,19,14,12,3,9,13,5,8,13,5,8,2,0,2,7,4,3,4,3,1,4,3,1,47,21,26,9,3,18,8,49,49,0,3,1,0,23,0,0
53380538,0,,,8,8,0,8,8,0,0,0,0,0,0,0,0,0,0,0,0,0,0,0,0,0,0,0,0,0,0,0,0,0,0,0,0,0,0,0,0,0,0,0,0,0,0,0,0,0,0,0,8,8,0,0,0,0,2,2,0,0,0,0,6,6,0,0,0,0,4,4,0,4,4,0,0,0,0,0,0,0,0,0,0,0,0,8,0,8,8,0,5,0,0,1,1,0
53380570,0,,,5,2,3,2,1,1,0,0,0,3,1,2,4,4,0,6,1,5,0,0,0,0,0,0,0,0,0,0,0,0,0,0,0,0,0,0,0,0,0,0,0,0,0,0,0,0,0,0,16,8,8,5,3,2,5,3,2,3,2,1,3,0,3,8,5,3,0,0,0,0,0,0,0,0,0,0,0,0,8,3,5,2,2,2,0,15,15,0,0,0,0,5,0,0
53380580,0,,,20,13,7,11,8,3,0,0,0,5,2,3,7,6,1,4,1,3,0,0,0,0,0,0,0,0,0,0,0,0,0,0,0,4,2,2,2,1,1,2,1,1,0,0,0,0,0,0,49,27,22,19,9,10,21,12,9,5,3,2,4,3,1,24,18,6,0,0,0,3,1,2,4,2,2,1,0,1,21,8,13,5,2,9,3,33,32,1,0,1,0,18,1,0
53380590,0,,,25,14,11,12,7,5,1,0,1,10,5,5,4,2,2,6,2,4,4,4,0,0,0,0,2,2,0,0,0,0,2,2,0,6,5,1,3,2,1,2,2,0,0,0,0,1,1,0,65,33,32,8,4,4,26,14,12,10,5,5,17,8,9,15,12,3,5,3,2,13,7,6,6,2,4,12,6,6,22,11,11,3,4,13,11,38,35,3,0,2,0,25,0,1
53380591,0,,,4,2,2,3,2,1,0,0,0,1,0,1,1,1,0,2,1,1,2,0,2,0,0,0,2,0,2,0,0,0,0,0,0,0,0,0,0,0,0,0,0,0,0,0,0,0,0,0,12,6,6,3,1,2,7,5,2,2,0,2,0,0,0,2,1,1,0,0,0,1,0,1,0,0,0,6,3,3,5,2,3,1,0,2,2,7,7,0,0,0,0,4,0,0
53380603,0,,,564,537,27,564,537,27,0,0,0,0,0,0,0,0,0,0,0,0,0,0,0,0,0,0,0,0,0,0,0,0,0,0,0,1,1,0,0,0,0,0,0,0,1,1,0,0,0,0,563,536,27,8,8,0,409,390,19,76,73,3,70,65,5,0,0,0,116,105,11,330,316,14,96,94,2,20,20,0,2,2,0,0,0,0,0,564,564,0,564,0,0,0,0,0
53380604,0,,,27,18,9,27,18,9,0,0,0,0,0,0,0,0,0,0,0,0,0,0,0,0,0,0,0,0,0,0,0,0,0,0,0,0,0,0,0,0,0,0,0,0,0,0,0,0,0,0,27,18,9,2,2,0,18,11,7,2,1,1,5,4,1,0,0,0,10,7,3,17,11,6,0,0,0,0,0,0,0,0,0,0,0,0,0,27,27,0,27,0,0,0,0,0
53380629,0,,,1147,1088,59,1147,1088,59,0,0,0,0,0,0,2,1,1,0,0,0,0,0,0,0,0,0,0,0,0,0,0,0,0,0,0,0,0,0,0,0,0,0,0,0,0,0,0,0,0,0,1151,1090,61,22,21,1,780,746,34,47,45,2,301,277,24,0,0,0,726,690,36,346,325,21,64,61,3,13,13,0,2,1,1,1,0,5,1,1149,1149,0,1146,0,0,2,0,0
53380632,0,,,4,4,0,4,4,0,0,0,0,0,0,0,0,0,0,0,0,0,0,0,0,0,0,0,0,0,0,0,0,0,0,0,0,0,0,0,0,0,0,0,0,0,0,0,0,0,0,0,4,4,0,0,0,0,0,0,0,0,0,0,4,4,0,0,0,0,2,2,0,2,2,0,0,0,0,0,0,0,0,0,0,0,0,4,0,4,4,0,2,0,0,1,0,1
53380638,0,,,257,223,34,249,220,29,1,0,1,7,3,4,1,1,0,1,1,0,0,0,0,0,0,0,0,0,0,0,0,0,0,0,0,5,2,3,2,0,2,1,0,1,0,0,0,2,2,0,274,232,42,10,8,2,194,169,25,26,17,9,44,38,6,5,3,2,36,28,8,131,115,16,69,65,4,17,14,3,21,9,12,0,0,17,5,262,259,3,238,3,0,19,0,0
53380639,0,,,1092,639,453,669,490,179,32,18,14,354,104,250,94,66,28,35,9,26,120,53,67,6,3,3,5,2,3,66,29,37,43,19,24,237,123,114,163,85,78,50,27,23,11,4,7,13,7,6,1839,971,868,281,128,153,1010,546,464,213,69,144,304,208,96,249,148,101,231,138,93,326,185,141,233,123,110,347,176,171,807,374,433,3,7,739,184,1296,1225,71,174,52,45,878,22,39
53380640,0,,,4,4,0,4,4,0,0,0,0,0,0,0,0,0,0,0,0,0,0,0,0,0,0,0,0,0,0,0,0,0,0,0,0,0,0,0,0,0,0,0,0,0,0,0,0,0,0,0,4,4,0,0,0,0,0,0,0,0,0,0,4,4,0,0,0,0,1,1,0,3,3,0,0,0,0,0,0,0,0,0,0,0,0,4,0,4,4,0,3,0,0,1,0,0
53380641,0,,,4,4,0,4,4,0,0,0,0,0,0,0,0,0,0,0,0,0,0,0,0,0,0,0,0,0,0,0,0,0,0,0,0,0,0,0,0,0,0,0,0,0,0,0,0,0,0,0,4,4,0,0,0,0,1,1,0,0,0,0,2,2,0,0,0,0,4,4,0,0,0,0,0,0,0,0,0,0,0,0,0,0,0,4,0,4,4,0,4,0,0,0,0,0
53380648,0,,,51,31,20,33,23,10,0,0,0,17,7,10,4,2,2,0,0,0,4,3,1,0,0,0,1,0,1,3,3,0,0,0,0,7,3,4,4,3,1,2,0,2,0,0,0,1,0,1,103,53,50,11,5,6,54,26,28,14,4,10,22,16,6,3,1,2,3,2,1,20,12,8,31,17,14,23,13,10,34,14,20,1,0,39,26,57,55,2,4,2,3,46,1,0
53380649,0,,,43,25,18,23,18,5,0,0,0,16,5,11,2,2,0,0,0,0,6,2,4,0,0,0,0,0,0,5,2,3,1,0,1,13,8,5,9,5,4,3,2,1,0,0,0,1,1,0,59,34,25,5,3,2,29,16,13,6,3,3,17,10,7,9,7,2,6,2,4,23,15,8,12,7,5,15,6,9,13,7,6,0,0,27,6,49,45,4,9,3,2,34,0,1
53380678,0,,,12,6,6,8,5,3,0,0,0,4,1,3,0,0,0,0,0,0,4,1,3,0,0,0,1,0,1,0,0,0,3,1,2,7,5,2,3,2,1,2,1,1,0,0,0,2,2,0,29,13,16,2,0,2,8,3,5,6,1,5,9,7,2,5,2,3,2,1,1,0,0,0,3,2,1,7,3,4,13,5,8,0,0,8,4,14,12,2,0,1,0,10,0,0
53380679,0,,,15,8,7,8,5,3,0,0,0,6,2,4,5,5,0,2,0,2,0,0,0,0,0,0,0,0,0,0,0,0,0,0,0,6,4,2,4,3,1,1,1,0,0,0,0,1,0,1,39,20,19,1,1,0,16,7,9,7,3,4,12,7,5,1,1,0,0,0,0,14,8,6,3,2,1,9,5,4,17,7,10,0,0,13,9,24,22,2,0,0,0,12,0,1
53380687,0,,,25,12,13,13,10,3,0,0,0,9,0,9,0,0,0,1,0,1,1,1,0,0,0,0,1,1,0,0,0,0,0,0,0,4,1,3,3,1,2,0,0,0,1,0,1,0,0,0,30,14,16,2,1,1,18,8,10,7,2,5,3,3,0,4,2,2,8,4,4,6,3,3,3,2,1,3,1,2,11,4,7,0,0,13,1,27,26,1,0,0,0,22,0,0
53380688,0,,,63,29,34,37,17,20,0,0,0,19,5,14,9,8,1,5,0,5,4,2,2,0,0,0,4,2,2,0,0,0,0,0,0,19,8,11,11,5,6,5,3,2,2,0,2,1,0,1,130,61,69,13,5,8,53,28,25,31,6,25,25,17,8,24,12,12,6,2,4,12,4,8,13,6,7,51,23,28,38,19,19,0,1,38,21,85,77,8,6,0,1,63,1,0
53380689,0,,,6,3,3,6,3,3,0,0,0,0,0,0,3,3,0,5,1,4,0,0,0,0,0,0,0,0,0,0,0,0,0,0,0,0,0,0,0,0,0,0,0,0,0,0,0,0,0,0,21,11,10,1,0,1,9,3,6,3,2,1,8,6,2,1,0,1,2,1,1,1,1,0,3,2,1,5,3,2,9,4,5,0,0,7,4,14,14,0,1,1,1,3,0,0
53380697,0,,,149,78,71,81,52,29,2,0,2,42,9,33,9,9,0,3,0,3,17,10,7,0,0,0,7,5,2,1,0,1,9,5,4,38,18,20,22,10,12,12,5,7,1,1,0,3,2,1,259,126,133,24,12,12,132,61,71,32,8,24,63,41,22,63,34,29,17,10,7,38,17,21,41,18,23,52,24,28,94,46,48,0,1,88,33,177,161,16,6,4,2,144,0,7
53380698,0,,,203,104,99,108,65,43,3,2,1,63,15,48,29,23,6,22,6,16,32,18,14,0,0,0,29,17,12,0,0,0,3,1,2,65,32,33,43,21,22,15,6,9,1,0,1,6,5,1,414,194,220,48,13,35,190,93,97,81,22,59,81,58,23,125,78,47,20,8,12,61,32,29,36,16,20,74,30,44,179,72,107,2,1,120,38,273,254,19,11,2,5,181,2,4
53380700,2,53380701,,*,*,*,*,*,*,*,*,*,*,*,*,*,*,*,*,*,*,*,*,*,*,*,*,*,*,*,*,*,*,*,*,*,*,*,*,*,*,*,*,*,*,*,*,*,*,*,*,*,*,*,*,*,*,*,*,*,*,*,*,*,*,*,*,*,*,*,*,*,*,*,*,*,*,*,*,*,*,*,*,*,*,*,*,*,*,*,*,*,*,*,*,*,*
53380701,1,,53380700,51,27,24,25,15,10,8,6,2,17,5,12,3,2,1,1,0,1,3,2,1,0,0,0,2,1,1,0,0,0,1,1,0,15,8,7,8,3,5,3,3,0,1,1,0,3,1,2,93,45,48,22,10,12,45,26,19,10,2,8,5,4,1,15,11,4,0,0,0,18,12,6,3,1,2,18,9,9,46,18,28,0,0,33,15,63,56,7,8,4,2,40,0,3
53380702,0,,,38,17,21,20,13,7,1,1,0,17,3,14,7,7,0,4,0,4,4,2,2,1,0,1,1,0,1,0,0,0,2,2,0,12,4,8,8,3,5,2,1,1,2,0,2,0,0,0,79,40,39,13,5,8,40,20,20,6,2,4,11,8,3,32,18,14,1,1,0,6,3,3,2,2,0,8,3,5,36,11,25,1,5,18,6,55,50,5,3,3,2,38,0,1
53380703,0,,,110,54,56,62,39,23,3,1,2,38,10,28,16,14,2,12,5,7,10,8,2,1,1,0,4,3,1,1,1,0,4,3,1,44,18,26,22,11,11,14,3,11,3,3,0,4,1,3,210,101,109,31,14,17,99,51,48,27,8,19,38,22,16,85,56,29,0,0,0,12,6,6,20,13,7,30,9,21,99,36,63,3,11,51,14,160,139,21,4,8,1,109,0,6
53380704,0,,,219,102,117,120,74,46,9,2,7,80,20,60,26,20,6,6,1,5,10,8,2,1,1,0,2,2,0,2,2,0,5,3,2,71,32,39,47,24,23,19,6,13,3,0,3,2,2,0,428,187,241,78,30,48,209,88,121,57,17,40,57,38,19,88,50,38,7,3,4,32,14,18,28,15,13,93,39,54,225,86,139,1,9,120,46,272,251,21,3,17,8,224,1,11
53380705,0,,,531,299,232,313,221,92,14,9,5,184,54,130,52,43,9,24,2,22,76,30,46,4,2,2,25,9,16,28,10,18,19,9,10,153,79,74,102,55,47,31,15,16,5,2,3,15,7,8,909,452,457,134,61,73,462,232,230,158,57,101,139,92,47,317,194,123,19,12,7,101,47,54,103,44,59,121,62,59,471,198,273,9,32,249,65,655,608,47,15,32,22,516,5,32
53380706,0,,,298,164,134,182,120,62,9,4,5,83,22,61,36,28,8,14,2,12,30,14,16,0,0,0,2,2,0,17,6,11,11,6,5,87,40,47,60,32,28,13,7,6,5,0,5,9,1,8,554,271,283,81,25,56,291,156,135,77,25,52,101,62,39,187,103,84,12,6,6,48,23,25,50,26,24,100,45,55,274,122,152,10,9,157,46,372,348,24,7,26,1,273,2,8
53380707,0,,,33,17,16,21,14,7,2,1,1,8,1,7,7,6,1,4,1,3,27,15,12,0,0,0,0,0,0,1,1,0,26,14,12,11,5,6,5,4,1,3,1,2,1,0,1,2,0,2,98,48,50,35,15,20,41,22,19,7,2,5,12,8,4,26,13,13,6,4,2,19,12,7,6,2,4,13,5,8,66,32,34,2,4,17,4,49,44,5,1,4,1,30,0,1
53380708,0,,,347,179,168,204,137,67,3,2,1,126,29,97,16,13,3,7,2,5,32,12,20,0,0,0,7,3,4,20,6,14,5,3,2,72,35,37,47,26,21,18,6,12,1,0,1,6,3,3,591,277,314,80,28,52,294,129,165,83,22,61,127,93,34,139,89,50,32,17,15,85,37,48,55,23,32,85,38,47,299,120,179,4,5,194,58,393,371,22,12,45,9,303,7,7
53380710,0,,,14,13,1,11,11,0,0,0,0,2,1,1,2,1,1,0,0,0,0,0,0,0,0,0,0,0,0,0,0,0,0,0,0,0,0,0,0,0,0,0,0,0,0,0,0,0,0,0,26,19,7,1,1,0,10,6,4,2,1,1,11,10,1,2,2,0,3,2,1,5,5,0,3,2,1,5,4,1,8,4,4,0,0,12,4,16,16,0,4,0,0,11,0,0
53380711,2,53380721,,*,*,*,*,*,*,*,*,*,*,*,*,*,*,*,*,*,*,*,*,*,*,*,*,*,*,*,*,*,*,*,*,*,*,*,*,*,*,*,*,*,*,*,*,*,*,*,*,*,*,*,*,*,*,*,*,*,*,*,*,*,*,*,*,*,*,*,*,*,*,*,*,*,*,*,*,*,*,*,*,*,*,*,*,*,*,*,*,*,*,*,*,*,*
53380712,0,,,12,7,5,6,5,1,0,0,0,6,2,4,2,2,0,2,0,2,4,2,2,0,0,0,2,2,0,0,0,0,2,0,2,1,0,1,0,0,0,0,0,0,1,0,1,0,0,0,17,9,8,1,0,1,9,6,3,4,1,3,3,2,1,5,3,2,0,0,0,4,3,1,1,0,1,2,1,1,10,4,6,1,1,6,0,16,16,0,0,1,0,11,0,1
53380713,0,,,61,31,30,38,23,15,1,0,1,17,5,12,17,13,4,3,0,3,13,3,10,0,0,0,4,0,4,7,2,5,2,1,1,27,12,15,20,9,11,6,2,4,0,0,0,1,1,0,115,57,58,8,4,4,67,31,36,19,7,12,21,15,6,76,49,27,0,0,0,11,3,8,3,0,3,20,7,13,45,13,32,0,13,18,5,89,81,8,2,8,1,64,0,1
53380714,0,,,191,108,83,111,85,26,6,2,4,70,17,53,22,18,4,11,3,8,26,11,15,0,0,0,2,1,1,16,7,9,8,3,5,62,31,31,46,23,23,10,4,6,1,1,0,5,3,2,364,176,188,60,25,35,173,79,94,52,19,33,69,47,22,121,85,36,9,3,6,35,15,20,38,16,22,60,30,30,189,69,120,4,9,97,35,242,225,17,5,16,3,183,1,4
53380715,0,,,697,382,315,413,293,120,20,7,13,233,58,175,46,36,10,13,1,12,89,47,42,2,1,1,3,2,1,56,32,24,28,12,16,214,102,112,149,74,75,40,20,20,7,2,5,18,6,12,1201,572,629,209,78,131,641,307,334,164,57,107,159,112,47,229,144,85,53,22,31,294,145,149,164,68,96,217,97,120,547,245,302,7,15,351,81,820,758,62,26,37,19,638,9,23
53380716,0,,,436,231,205,267,184,83,16,4,12,139,32,107,48,34,14,19,5,14,24,11,13,1,1,0,0,0,0,19,9,10,4,1,3,67,32,35,36,17,19,17,11,6,6,3,3,8,1,7,702,357,345,102,47,55,373,174,199,70,26,44,136,96,40,154,97,57,36,18,18,103,49,54,74,45,29,91,45,46,335,146,189,8,16,257,60,537,507,30,17,31,7,381,5,45
53380717,0,,,154,84,70,84,59,25,6,4,2,55,14,41,18,15,3,13,1,12,8,2,6,0,0,0,2,1,1,3,1,2,3,0,3,31,13,18,21,10,11,7,3,4,2,0,2,1,0,1,279,133,146,36,15,21,169,81,88,30,7,23,41,28,13,80,49,31,5,1,4,14,7,7,26,17,9,46,19,27,147,55,92,6,12,73,25,194,185,9,5,10,0,143,3,2
53380718,0,,,217,117,100,138,100,38,3,0,3,62,8,54,21,17,4,7,1,6,23,11,12,0,0,0,4,2,2,13,6,7,6,3,3,59,32,27,32,17,15,15,10,5,3,0,3,9,5,4,374,182,192,55,22,33,208,100,108,46,16,30,63,44,19,128,86,42,12,7,5,41,17,24,33,15,18,57,29,28,185,71,114,5,9,114,27,270,246,24,2,25,10,205,0,5
53380720,0,,,108,87,21,89,83,6,0,0,0,19,4,15,2,1,1,1,1,0,35,18,17,4,1,3,1,0,1,17,10,7,13,7,6,27,11,16,25,9,16,2,2,0,0,0,0,0,0,0,140,90,50,1,0,1,78,49,29,16,4,12,45,37,8,16,9,7,51,33,18,96,57,39,18,9,9,10,6,4,11,5,6,0,1,86,2,113,111,2,8,0,1,80,8,14
53380721,1,,53380711;53380722,27,11,16,17,9,8,1,0,1,9,2,7,5,5,0,3,1,2,5,5,0,0,0,0,5,5,0,0,0,0,0,0,0,2,1,1,1,1,0,1,0,1,0,0,0,0,0,0,348,85,263,10,4,6,30,13,17,3,1,2,6,4,2,19,14,5,65,14,51,147,31,116,91,19,72,1,0,1,28,11,17,2,1,14,3,36,35,1,1,0,0,29,0,1
53380722,2,53380721,,*,*,*,*,*,*,*,*,*,*,*,*,*,*,*,*,*,*,*,*,*,*,*,*,*,*,*,*,*,*,*,*,*,*,*,*,*,*,*,*,*,*,*,*,*,*,*,*,*,*,*,*,*,*,*,*,*,*,*,*,*,*,*,*,*,*,*,*,*,*,*,*,*,*,*,*,*,*,*,*,*,*,*,*,*,*,*,*,*,*,*,*,*,*
53380723,0,,,6,5,1,3,3,0,0,0,0,2,1,1,0,0,0,0,0,0,0,0,0,0,0,0,0,0,0,0,0,0,0,0,0,3,3,0,3,3,0,0,0,0,0,0,0,0,0,0,11,6,5,1,0,1,4,2,2,4,2,2,2,2,0,1,1,0,1,0,1,1,0,1,6,5,1,5,3,2,0,0,0,0,0,5,2,6,6,0,0,0,0,5,0,0
53380724,0,,,141,80,61,102,69,33,2,2,0,29,3,26,9,6,3,3,1,2,46,26,20,3,3,0,1,1,0,22,11,11,20,11,9,44,24,20,36,22,14,6,2,4,0,0,0,2,0,2,230,115,115,10,5,5,95,49,46,42,10,32,56,40,16,41,26,15,39,22,17,84,46,38,51,23,28,44,21,23,61,27,34,0,4,81,24,158,153,5,6,5,4,132,2,4
53380725,0,,,155,79,76,100,61,39,4,2,2,48,13,35,15,11,4,5,2,3,18,8,10,0,0,0,3,2,1,11,5,6,4,1,3,37,18,19,29,15,14,7,2,5,1,1,0,0,0,0,334,150,184,51,22,29,134,62,72,37,12,25,43,35,8,71,44,27,10,7,3,60,25,35,25,11,14,45,25,20,178,64,114,3,6,82,36,185,175,10,16,5,2,123,2,11
53380726,0,,,13,7,6,4,4,0,1,1,0,8,2,6,1,1,0,0,0,0,0,0,0,0,0,0,0,0,0,0,0,0,0,0,0,1,0,1,0,0,0,1,0,1,0,0,0,0,0,0,15,8,7,2,1,1,7,5,2,3,0,3,3,2,1,5,2,3,0,0,0,1,1,0,0,0,0,1,1,0,9,4,5,0,0,6,0,15,14,1,0,1,1,12,1,0
53380727,0,,,70,40,30,35,27,8,3,1,2,31,11,20,4,3,1,3,0,3,4,1,3,0,0,0,1,0,1,3,1,2,0,0,0,12,7,5,8,5,3,1,1,0,0,0,0,3,1,2,126,67,59,12,6,6,71,36,35,16,7,9,27,18,9,43,33,10,6,2,4,9,4,5,8,5,3,18,7,11,58,24,34,0,2,32,14,80,77,3,6,4,2,62,2,1
53380728,0,,,611,316,295,339,226,113,17,9,8,226,57,169,44,33,11,17,1,16,61,33,28,1,0,1,9,5,4,36,21,15,15,7,8,161,83,78,106,54,52,39,20,19,4,2,2,12,7,5,993,480,513,144,59,85,560,275,285,130,39,91,146,101,45,220,147,73,40,20,20,157,81,76,159,72,87,210,99,111,429,177,252,7,12,335,99,727,673,54,27,49,13,574,7,12
53380729,0,,,52,29,23,31,23,8,3,0,3,13,3,10,5,5,0,3,1,2,2,2,0,0,0,0,1,1,0,1,1,0,0,0,0,10,6,4,3,1,2,5,4,1,1,0,1,1,1,0,162,76,86,23,7,16,45,22,23,14,5,9,20,17,3,16,12,4,10,4,6,28,14,14,39,18,21,32,15,17,49,21,28,0,1,35,12,66,60,6,3,7,1,45,0,4
53380730,0,,,488,371,117,385,346,39,7,1,6,95,24,71,8,3,5,2,0,2,96,49,47,9,6,3,4,1,3,50,22,28,33,20,13,140,67,73,111,58,53,16,6,10,5,2,3,8,1,7,610,407,203,29,17,12,327,223,104,81,25,56,152,125,27,53,26,27,137,99,38,324,222,102,126,70,56,118,58,60,86,46,40,0,3,369,30,537,511,26,35,13,15,361,40,61
53380732,2,53380733,,*,*,*,*,*,*,*,*,*,*,*,*,*,*,*,*,*,*,*,*,*,*,*,*,*,*,*,*,*,*,*,*,*,*,*,*,*,*,*,*,*,*,*,*,*,*,*,*,*,*,*,*,*,*,*,*,*,*,*,*,*,*,*,*,*,*,*,*,*,*,*,*,*,*,*,*,*,*,*,*,*,*,*,*,*,*,*,*,*,*,*,*,*,*
53380733,1,,53380732;53380742,13,7,6,10,5,5,0,0,0,2,1,1,1,1,0,1,0,1,3,1,2,0,0,0,0,0,0,2,1,1,1,0,1,4,2,2,4,2,2,0,0,0,0,0,0,0,0,0,21,10,11,1,0,1,11,4,7,4,3,1,5,3,2,9,6,3,0,0,0,0,0,0,4,2,2,4,0,4,11,5,6,0,1,8,2,15,15,0,5,2,0,7,0,0
53380734,0,,,33,17,16,18,10,8,1,1,0,9,2,7,5,3,2,1,0,1,13,9,4,0,0,0,1,1,0,0,0,0,12,8,4,10,6,4,7,4,3,1,1,0,0,0,0,2,1,1,108,52,56,34,11,23,46,27,19,12,4,8,16,10,6,41,30,11,0,0,0,5,3,2,5,5,0,18,7,11,62,22,40,0,0,21,3,43,39,4,6,2,1,28,0,0
53380735,0,,,12,7,5,8,6,2,0,0,0,3,1,2,2,2,0,2,1,1,2,2,0,0,0,0,1,1,0,1,1,0,0,0,0,1,1,0,1,1,0,0,0,0,0,0,0,0,0,0,27,15,12,8,5,3,12,5,7,1,0,1,6,5,1,11,8,3,0,0,0,0,0,0,3,3,0,4,2,2,12,5,7,0,2,5,2,16,16,0,0,0,0,11,0,0
53380736,0,,,0,0,0,0,0,0,0,0,0,0,0,0,0,0,0,0,0,0,0,0,0,0,0,0,0,0,0,0,0,0,0,0,0,0,0,0,0,0,0,0,0,0,0,0,0,0,0,0,50,14,36,25,5,20,14,5,9,2,0,2,0,0,0,0,0,0,8,2,6,21,6,15,19,6,13,2,0,2,0,0,0,0,0,0,0,0,0,0,0,0,0,0,0,0
53380737,0,,,30,17,13,20,15,5,0,0,0,8,0,8,1,0,1,0,0,0,15,10,5,1,1,0,1,1,0,10,5,5,3,3,0,7,3,4,7,3,4,0,0,0,0,0,0,0,0,0,38,19,19,1,1,0,22,12,10,5,0,5,9,5,4,12,8,4,0,0,0,36,19,17,3,0,3,1,1,0,8,4,4,1,0,16,1,31,31,0,0,0,0,27,0,0
53380738,0,,,688,346,342,359,231,128,18,8,10,278,82,196,52,37,15,14,2,12,56,27,29,4,1,3,5,3,2,30,13,17,17,10,7,151,72,79,103,48,55,32,15,17,6,3,3,10,6,4,1281,608,673,226,96,130,684,324,360,171,45,126,185,133,52,314,197,117,43,25,18,119,59,60,138,67,71,215,103,112,659,256,403,7,14,382,187,800,754,46,37,73,24,601,12,12
53380739,0,,,567,297,270,313,199,114,24,8,16,198,62,136,57,35,22,19,5,14,38,18,20,2,1,1,4,1,3,21,10,11,11,6,5,116,67,49,76,45,31,27,15,12,4,2,2,9,5,4,1067,496,571,165,65,100,588,256,332,143,53,90,162,117,45,217,138,79,101,44,57,107,60,47,101,51,50,189,83,106,506,205,301,2,4,354,148,685,645,40,44,68,16,449,6,17
53380742,2,53380733,,*,*,*,*,*,*,*,*,*,*,*,*,*,*,*,*,*,*,*,*,*,*,*,*,*,*,*,*,*,*,*,*,*,*,*,*,*,*,*,*,*,*,*,*,*,*,*,*,*,*,*,*,*,*,*,*,*,*,*,*,*,*,*,*,*,*,*,*,*,*,*,*,*,*,*,*,*,*,*,*,*,*,*,*,*,*,*,*,*,*,*,*,*,*
53380745,0,,,90,45,45,52,35,17,4,2,2,33,7,26,23,19,4,8,1,7,11,2,9,0,0,0,0,0,0,6,1,5,5,1,4,27,18,9,22,14,8,3,3,0,0,0,0,2,1,1,181,88,93,21,9,12,100,46,54,22,5,17,38,28,10,94,64,30,7,2,5,10,6,4,13,5,8,17,6,11,78,25,53,5,11,41,9,128,121,7,3,4,2,93,1,2
53380746,0,,,30,20,10,23,17,6,1,1,0,6,2,4,5,2,3,1,0,1,2,2,0,0,0,0,0,0,0,1,1,0,1,1,0,14,10,4,11,9,2,3,1,2,0,0,0,0,0,0,62,33,29,7,3,4,36,21,15,10,1,9,9,8,1,32,26,6,1,0,1,2,2,0,1,1,0,16,7,9,26,9,17,1,2,17,1,43,37,6,0,1,3,36,0,0
53380747,0,,,23,12,11,14,10,4,0,0,0,8,1,7,2,2,0,1,0,1,2,0,2,0,0,0,0,0,0,2,0,2,0,0,0,0,0,0,0,0,0,0,0,0,0,0,0,0,0,0,45,22,23,5,3,2,27,10,17,8,5,3,5,4,1,18,11,7,0,0,0,1,0,1,2,1,1,2,0,2,24,10,14,0,2,11,6,26,26,0,0,0,0,23,0,1
53380748,1,,53380749,214,127,87,129,90,39,6,2,4,70,28,42,19,15,4,10,1,9,21,11,10,1,0,1,4,3,1,10,6,4,6,2,4,46,24,22,29,14,15,14,8,6,1,1,0,2,1,1,394,204,190,55,25,30,213,108,105,56,21,35,69,49,20,104,78,26,15,9,6,43,21,22,38,17,21,47,25,22,214,89,125,7,9,113,41,259,243,16,6,17,3,200,0,8
53380749,2,53380748,,*,*,*,*,*,*,*,*,*,*,*,*,*,*,*,*,*,*,*,*,*,*,*,*,*,*,*,*,*,*,*,*,*,*,*,*,*,*,*,*,*,*,*,*,*,*,*,*,*,*,*,*,*,*,*,*,*,*,*,*,*,*,*,*,*,*,*,*,*,*,*,*,*,*,*,*,*,*,*,*,*,*,*,*,*,*,*,*,*,*,*,*,*,*
53380755,0,,,6,3,3,3,2,1,0,0,0,2,0,2,1,1,0,1,0,1,0,0,0,0,0,0,0,0,0,0,0,0,0,0,0,6,4,2,3,2,1,2,1,1,1,1,0,0,0,0,10,5,5,0,0,0,4,3,1,4,1,3,2,1,1,4,3,1,0,0,0,0,0,0,0,0,0,4,2,2,8,4,4,1,0,3,0,10,8,2,0,2,1,7,0,1
53380758,0,,,42,22,20,20,14,6,1,0,1,17,5,12,9,7,2,0,0,0,5,2,3,0,0,0,0,0,0,5,2,3,0,0,0,9,7,2,5,4,1,2,1,1,1,1,0,1,1,0,79,38,41,12,2,10,37,19,18,12,4,8,16,12,4,33,28,5,0,0,0,11,4,7,6,3,3,6,1,5,37,11,26,2,3,20,5,55,51,4,0,6,0,39,0,0
53380770,0,,,14,9,5,5,4,1,1,1,0,3,1,2,3,3,0,1,0,1,0,0,0,0,0,0,0,0,0,0,0,0,0,0,0,9,4,5,7,3,4,0,0,0,0,0,0,2,1,1,30,16,14,2,0,2,6,3,3,8,2,6,14,11,3,2,1,1,0,0,0,10,4,6,2,2,0,17,9,8,8,4,4,0,0,13,6,19,18,1,0,3,1,9,0,0
53380780,0,,,50,29,21,17,11,6,2,2,0,14,5,9,16,13,3,10,1,9,5,3,2,0,0,0,4,3,1,0,0,0,1,0,1,12,8,4,9,6,3,2,2,0,0,0,0,1,0,1,125,63,62,3,1,2,48,24,24,27,6,21,46,31,15,19,11,8,2,1,1,16,10,6,9,6,3,48,23,25,47,22,25,1,0,46,20,79,76,3,0,2,1,29,0,1
53380781,1,,53380782,23,14,9,9,5,4,0,0,0,7,4,3,4,4,0,2,0,2,1,0,1,0,0,0,0,0,0,0,0,0,1,0,1,7,3,4,2,1,1,3,1,2,0,0,0,2,1,1,59,30,29,0,0,0,21,8,13,11,4,7,23,16,7,2,1,1,11,5,6,9,5,4,14,6,8,19,9,10,8,5,3,0,0,21,14,32,29,3,1,4,3,11,0,2
53380782,2,53380781,,*,*,*,*,*,*,*,*,*,*,*,*,*,*,*,*,*,*,*,*,*,*,*,*,*,*,*,*,*,*,*,*,*,*,*,*,*,*,*,*,*,*,*,*,*,*,*,*,*,*,*,*,*,*,*,*,*,*,*,*,*,*,*,*,*,*,*,*,*,*,*,*,*,*,*,*,*,*,*,*,*,*,*,*,*,*,*,*,*,*,*,*,*,*
53380790,2,53380791,,*,*,*,*,*,*,*,*,*,*,*,*,*,*,*,*,*,*,*,*,*,*,*,*,*,*,*,*,*,*,*,*,*,*,*,*,*,*,*,*,*,*,*,*,*,*,*,*,*,*,*,*,*,*,*,*,*,*,*,*,*,*,*,*,*,*,*,*,*,*,*,*,*,*,*,*,*,*,*,*,*,*,*,*,*,*,*,*,*,*,*,*,*,*
53380791,1,,53380790,33,18,15,16,10,6,3,1,2,8,2,6,14,11,3,10,1,9,6,4,2,0,0,0,4,2,2,0,0,0,2,2,0,10,8,2,9,7,2,1,1,0,0,0,0,0,0,0,87,43,44,4,3,1,37,17,20,19,4,15,27,19,8,10,6,4,2,2,0,16,9,7,16,8,8,25,11,14,34,19,15,0,1,29,13,59,57,2,2,0,1,21,0,0
53380792,0,,,27,10,17,14,8,6,0,0,0,10,0,10,12,5,7,6,1,5,4,4,0,0,0,0,4,4,0,0,0,0,0,0,0,12,7,5,11,6,5,1,1,0,0,0,0,0,0,0,75,34,41,6,4,2,33,12,21,20,6,14,16,12,4,8,5,3,4,4,0,1,0,1,15,8,7,24,10,14,39,18,21,0,0,24,13,48,45,3,0,0,0,24,0,2
53381022,2,53380060,,*,*,*,*,*,*,*,*,*,*,*,*,*,*,*,*,*,*,*,*,*,*,*,*,*,*,*,*,*,*,*,*,*,*,*,*,*,*,*,*,*,*,*,*,*,*,*,*,*,*,*,*,*,*,*,*,*,*,*,*,*,*,*,*,*,*,*,*,*,*,*,*,*,*,*,*,*,*,*,*,*,*,*,*,*,*,*,*,*,*,*,*,*,*
53381030,2,53380060,,*,*,*,*,*,*,*,*,*,*,*,*,*,*,*,*,*,*,*,*,*,*,*,*,*,*,*,*,*,*,*,*,*,*,*,*,*,*,*,*,*,*,*,*,*,*,*,*,*,*,*,*,*,*,*,*,*,*,*,*,*,*,*,*,*,*,*,*,*,*,*,*,*,*,*,*,*,*,*,*,*,*,*,*,*,*,*,*,*,*,*,*,*,*
53381189,2,53381199,,*,*,*,*,*,*,*,*,*,*,*,*,*,*,*,*,*,*,*,*,*,*,*,*,*,*,*,*,*,*,*,*,*,*,*,*,*,*,*,*,*,*,*,*,*,*,*,*,*,*,*,*,*,*,*,*,*,*,*,*,*,*,*,*,*,*,*,*,*,*,*,*,*,*,*,*,*,*,*,*,*,*,*,*,*,*,*,*,*,*,*,*,*,*
53381199,1,,53381189,5,5,0,4,4,0,0,0,0,0,0,0,0,0,0,0,0,0,0,0,0,0,0,0,0,0,0,0,0,0,0,0,0,0,0,0,0,0,0,0,0,0,0,0,0,0,0,0,6,6,0,1,1,0,3,3,0,1,1,0,1,1,0,0,0,0,6,6,0,0,0,0,0,0,0,0,0,0,0,0,0,1,0,4,0,6,6,0,0,0,0,0,0,0
53381216,2,53381217,,*,*,*,*,*,*,*,*,*,*,*,*,*,*,*,*,*,*,*,*,*,*,*,*,*,*,*,*,*,*,*,*,*,*,*,*,*,*,*,*,*,*,*,*,*,*,*,*,*,*,*,*,*,*,*,*,*,*,*,*,*,*,*,*,*,*,*,*,*,*,*,*,*,*,*,*,*,*,*,*,*,*,*,*,*,*,*,*,*,*,*,*,*,*
53381217,1,,53381216,28,17,11,11,5,6,0,0,0,12,9,3,4,4,0,1,0,1,0,0,0,0,0,0,0,0,0,0,0,0,0,0,0,2,2,0,2,2,0,0,0,0,0,0,0,0,0,0,95,39,56,55,20,35,32,15,17,6,3,3,1,1,0,19,13,6,9,3,6,13,0,13,11,5,6,12,9,3,33,11,22,1,2,18,20,33,33,0,2,0,0,26,0,0
53381218,1,,53381219,8,6,2,6,5,1,0,0,0,2,1,1,1,1,0,0,0,0,2,0,2,0,0,0,2,0,2,0,0,0,0,0,0,6,4,2,5,3,2,1,1,0,0,0,0,0,0,0,17,9,8,5,1,4,8,4,4,2,2,0,2,2,0,1,0,1,1,1,0,6,4,2,5,2,3,4,2,2,8,4,4,1,0,6,2,10,9,1,0,0,1,8,0,0
53381219,2,53381218,,*,*,*,*,*,*,*,*,*,*,*,*,*,*,*,*,*,*,*,*,*,*,*,*,*,*,*,*,*,*,*,*,*,*,*,*,*,*,*,*,*,*,*,*,*,*,*,*,*,*,*,*,*,*,*,*,*,*,*,*,*,*,*,*,*,*,*,*,*,*,*,*,*,*,*,*,*,*,*,*,*,*,*,*,*,*,*,*,*,*,*,*,*,*
53381226,1,,53381227,21,13,8,10,8,2,1,1,0,10,4,6,1,1,0,1,0,1,1,1,0,0,0,0,1,1,0,0,0,0,0,0,0,7,4,3,4,2,2,3,2,1,0,0,0,0,0,0,41,18,23,6,0,6,21,12,9,4,1,3,10,5,5,3,2,1,10,9,1,11,5,6,3,1,2,4,1,3,18,5,13,1,0,19,12,26,23,3,7,2,2,15,1,1
53381227,2,53381226,,*,*,*,*,*,*,*,*,*,*,*,*,*,*,*,*,*,*,*,*,*,*,*,*,*,*,*,*,*,*,*,*,*,*,*,*,*,*,*,*,*,*,*,*,*,*,*,*,*,*,*,*,*,*,*,*,*,*,*,*,*,*,*,*,*,*,*,*,*,*,*,*,*,*,*,*,*,*,*,*,*,*,*,*,*,*,*,*,*,*,*,*,*,*
53381237,2,53381247,,*,*,*,*,*,*,*,*,*,*,*,*,*,*,*,*,*,*,*,*,*,*,*,*,*,*,*,*,*,*,*,*,*,*,*,*,*,*,*,*,*,*,*,*,*,*,*,*,*,*,*,*,*,*,*,*,*,*,*,*,*,*,*,*,*,*,*,*,*,*,*,*,*,*,*,*,*,*,*,*,*,*,*,*,*,*,*,*,*,*,*,*,*,*
53381247,1,,53381237,23,11,12,13,8,5,0,0,0,10,3,7,4,3,1,0,0,0,1,1,0,0,0,0,1,1,0,0,0,0,0,0,0,13,9,4,8,4,4,5,5,0,0,0,0,0,0,0,45,19,26,16,7,9,17,9,8,7,1,6,5,2,3,12,11,1,3,2,1,11,3,8,12,9,3,1,0,1,20,4,16,4,0,16,10,32,27,5,0,0,3,24,0,0
53381267,1,,53381277,136,123,13,119,114,5,8,5,3,8,3,5,3,3,0,3,0,3,1,0,1,0,0,0,1,0,1,0,0,0,0,0,0,5,3,2,5,3,2,0,0,0,0,0,0,0,0,0,155,133,22,31,27,4,73,62,11,13,10,3,38,34,4,7,7,0,45,38,7,82,79,3,5,3,2,5,3,2,17,6,11,0,0,18,7,142,142,0,12,2,2,23,0,0
53381276,0,,,61,58,3,56,53,3,0,0,0,3,3,0,1,1,0,0,0,0,0,0,0,0,0,0,0,0,0,0,0,0,0,0,0,1,1,0,0,0,0,0,0,0,1,1,0,0,0,0,66,60,6,12,10,2,18,16,2,6,5,1,30,29,1,1,1,0,12,12,0,44,42,2,1,1,0,0,0,0,9,5,4,0,0,5,3,63,62,1,8,5,5,23,0,0
53381277,2,53381267,,*,*,*,*,*,*,*,*,*,*,*,*,*,*,*,*,*,*,*,*,*,*,*,*,*,*,*,*,*,*,*,*,*,*,*,*,*,*,*,*,*,*,*,*,*,*,*,*,*,*,*,*,*,*,*,*,*,*,*,*,*,*,*,*,*,*,*,*,*,*,*,*,*,*,*,*,*,*,*,*,*,*,*,*,*,*,*,*,*,*,*,*,*,*
53381286,0,,,12,8,4,9,6,3,2,2,0,1,0,1,0,0,0,0,0,0,0,0,0,0,0,0,0,0,0,0,0,0,0,0,0,0,0,0,0,0,0,0,0,0,0,0,0,0,0,0,29,15,14,7,4,3,9,4,5,6,3,3,7,4,3,3,1,2,3,3,0,6,3,3,3,3,0,3,1,2,11,4,7,0,0,9,8,12,12,0,0,0,0,10,0,0
53381297,0,,,0,0,0,0,0,0,0,0,0,0,0,0,0,0,0,0,0,0,1,0,1,0,0,0,0,0,0,0,0,0,1,0,1,0,0,0,0,0,0,0,0,0,0,0,0,0,0,0,15,8,7,8,2,6,7,6,1,0,0,0,0,0,0,10,7,3,0,0,0,0,0,0,1,1,0,0,0,0,5,0,5,0,0,0,12,0,0,0,0,0,0,0,0,0
53381300,1,,53381301;53381311,67,35,32,44,28,16,1,0,1,19,4,15,3,3,0,2,2,0,7,5,2,0,0,0,5,4,1,0,0,0,2,1,1,19,11,8,13,7,6,3,3,0,2,1,1,1,0,1,111,54,57,21,8,13,63,33,30,12,2,10,15,11,4,14,9,5,3,1,2,27,14,13,17,11,6,44,22,22,32,13,19,1,4,37,22,79,72,7,1,3,3,68,0,1
53381301,2,53381300,,*,*,*,*,*,*,*,*,*,*,*,*,*,*,*,*,*,*,*,*,*,*,*,*,*,*,*,*,*,*,*,*,*,*,*,*,*,*,*,*,*,*,*,*,*,*,*,*,*,*,*,*,*,*,*,*,*,*,*,*,*,*,*,*,*,*,*,*,*,*,*,*,*,*,*,*,*,*,*,*,*,*,*,*,*,*,*,*,*,*,*,*,*,*
53381302,2,53381312,,*,*,*,*,*,*,*,*,*,*,*,*,*,*,*,*,*,*,*,*,*,*,*,*,*,*,*,*,*,*,*,*,*,*,*,*,*,*,*,*,*,*,*,*,*,*,*,*,*,*,*,*,*,*,*,*,*,*,*,*,*,*,*,*,*,*,*,*,*,*,*,*,*,*,*,*,*,*,*,*,*,*,*,*,*,*,*,*,*,*,*,*,*,*
53381303,2,53381312,,*,*,*,*,*,*,*,*,*,*,*,*,*,*,*,*,*,*,*,*,*,*,*,*,*,*,*,*,*,*,*,*,*,*,*,*,*,*,*,*,*,*,*,*,*,*,*,*,*,*,*,*,*,*,*,*,*,*,*,*,*,*,*,*,*,*,*,*,*,*,*,*,*,*,*,*,*,*,*,*,*,*,*,*,*,*,*,*,*,*,*,*,*,*
53381305,0,,,102,61,41,58,35,23,0,0,0,36,19,17,10,6,4,2,0,2,3,2,1,0,0,0,3,2,1,0,0,0,0,0,0,16,5,11,10,2,8,2,1,1,2,1,1,2,1,1,212,107,105,64,31,33,88,42,46,25,8,17,35,26,9,37,21,16,4,3,1,30,20,10,12,5,7,32,14,18,116,51,65,1,3,71,37,121,115,6,10,5,0,74,2,14
53381306,0,,,37,18,19,23,12,11,1,1,0,9,3,6,7,7,0,3,1,2,0,0,0,0,0,0,0,0,0,0,0,0,0,0,0,6,2,4,3,1,2,2,1,1,1,0,1,0,0,0,107,47,60,10,5,5,66,30,36,14,1,13,10,9,1,15,12,3,2,1,1,3,1,2,4,1,3,13,5,8,71,28,43,1,0,27,23,49,47,2,2,2,0,37,1,0
53381307,0,,,6,4,2,5,4,1,0,0,0,1,0,1,4,3,1,3,0,3,0,0,0,0,0,0,0,0,0,0,0,0,0,0,0,2,2,0,2,2,0,0,0,0,0,0,0,0,0,0,27,11,16,7,2,5,14,5,9,6,4,2,0,0,0,7,4,3,0,0,0,0,0,0,1,1,0,1,0,1,20,8,12,0,0,8,6,14,13,1,0,0,0,6,0,0
53381308,0,,,73,42,31,37,26,11,2,1,1,24,7,17,14,11,3,11,3,8,1,0,1,0,0,0,1,0,1,0,0,0,0,0,0,19,9,10,10,5,5,6,2,4,2,1,1,1,1,0,201,91,110,53,22,31,92,42,50,29,9,20,27,18,9,35,21,14,31,13,18,38,14,24,10,5,5,33,15,18,72,31,41,3,0,58,23,108,98,10,6,6,0,62,0,1
53381311,2,53381300,,*,*,*,*,*,*,*,*,*,*,*,*,*,*,*,*,*,*,*,*,*,*,*,*,*,*,*,*,*,*,*,*,*,*,*,*,*,*,*,*,*,*,*,*,*,*,*,*,*,*,*,*,*,*,*,*,*,*,*,*,*,*,*,*,*,*,*,*,*,*,*,*,*,*,*,*,*,*,*,*,*,*,*,*,*,*,*,*,*,*,*,*,*,*
53381312,1,,53381302;53381303,14,7,7,10,6,4,0,0,0,4,1,3,1,0,1,0,0,0,0,0,0,0,0,0,0,0,0,0,0,0,0,0,0,3,2,1,1,1,0,1,0,1,0,0,0,1,1,0,35,16,19,11,5,6,19,10,9,3,0,3,2,1,1,10,6,4,0,0,0,4,2,2,0,0,0,4,3,1,20,7,13,0,0,7,9,17,15,2,0,2,0,15,0,0
53381313,2,53381323,,*,*,*,*,*,*,*,*,*,*,*,*,*,*,*,*,*,*,*,*,*,*,*,*,*,*,*,*,*,*,*,*,*,*,*,*,*,*,*,*,*,*,*,*,*,*,*,*,*,*,*,*,*,*,*,*,*,*,*,*,*,*,*,*,*,*,*,*,*,*,*,*,*,*,*,*,*,*,*,*,*,*,*,*,*,*,*,*,*,*,*,*,*,*
53381314,2,53381324,,*,*,*,*,*,*,*,*,*,*,*,*,*,*,*,*,*,*,*,*,*,*,*,*,*,*,*,*,*,*,*,*,*,*,*,*,*,*,*,*,*,*,*,*,*,*,*,*,*,*,*,*,*,*,*,*,*,*,*,*,*,*,*,*,*,*,*,*,*,*,*,*,*,*,*,*,*,*,*,*,*,*,*,*,*,*,*,*,*,*,*,*,*,*
53381315,0,,,49,34,15,18,11,7,1,1,0,24,19,5,3,3,0,2,0,2,2,1,1,0,0,0,2,1,1,0,0,0,0,0,0,4,2,2,1,0,1,2,1,1,0,0,0,1,1,0,79,48,31,9,5,4,48,29,19,12,7,5,10,7,3,17,10,7,8,8,0,22,18,4,7,2,5,6,4,2,25,9,16,1,0,43,12,57,54,3,3,1,0,21,1,18
53381317,0,,,36,21,15,22,14,8,3,2,1,6,1,5,6,4,2,1,0,1,1,0,1,0,0,0,1,0,1,0,0,0,0,0,0,3,1,2,2,0,2,0,0,0,0,0,0,1,1,0,102,50,52,22,12,10,48,24,24,20,6,14,12,8,4,38,25,13,4,3,1,0,0,0,13,4,9,3,0,3,48,19,29,1,0,25,25,44,43,1,2,2,0,28,0,0
53381318,0,,,8,5,3,5,4,1,0,0,0,3,1,2,1,0,1,0,0,0,2,1,1,0,0,0,1,1,0,0,0,0,1,0,1,0,0,0,0,0,0,0,0,0,0,0,0,0,0,0,79,22,57,5,3,2,9,2,7,3,1,2,3,3,0,2,1,1,21,8,13,25,5,20,16,2,14,5,2,3,12,5,7,0,0,7,6,9,9,0,1,0,0,7,1,0
53381321,2,53381331,,*,*,*,*,*,*,*,*,*,*,*,*,*,*,*,*,*,*,*,*,*,*,*,*,*,*,*,*,*,*,*,*,*,*,*,*,*,*,*,*,*,*,*,*,*,*,*,*,*,*,*,*,*,*,*,*,*,*,*,*,*,*,*,*,*,*,*,*,*,*,*,*,*,*,*,*,*,*,*,*,*,*,*,*,*,*,*,*,*,*,*,*,*,*
53381322,0,,,6,3,3,3,2,1,0,0,0,3,1,2,1,1,0,0,0,0,0,0,0,0,0,0,0,0,0,0,0,0,0,0,0,4,3,1,3,2,1,1,1,0,0,0,0,0,0,0,10,5,5,0,0,0,3,2,1,3,0,3,4,3,1,7,4,3,0,0,0,1,1,0,0,0,0,4,1,3,2,2,0,0,0,4,1,8,7,1,0,1,0,8,0,1
53381323,1,,53381313,14,10,4,4,3,1,0,0,0,9,6,3,1,0,1,0,0,0,0,0,0,0,0,0,0,0,0,0,0,0,0,0,0,0,0,0,0,0,0,0,0,0,0,0,0,0,0,0,33,18,15,8,6,2,16,7,9,3,0,3,6,5,1,7,6,1,0,0,0,2,2,0,5,3,2,1,1,0,18,6,12,0,0,8,12,15,15,0,0,0,0,15,0,0
53381324,1,,53381314,124,63,61,67,34,33,5,4,1,39,15,24,20,15,5,6,2,4,5,3,2,1,1,0,3,2,1,0,0,0,1,0,1,21,12,9,12,7,5,3,1,2,0,0,0,6,4,2,261,127,134,52,25,27,135,63,72,41,16,25,33,23,10,59,41,18,2,2,0,16,7,9,25,13,12,40,18,22,145,61,84,0,3,84,40,157,150,7,7,5,0,115,0,2
53381325,0,,,99,57,42,61,36,25,3,1,2,29,17,12,12,11,1,4,1,3,5,2,3,0,0,0,5,2,3,0,0,0,0,0,0,29,11,18,17,5,12,8,5,3,4,1,3,0,0,0,274,119,155,84,31,53,133,69,64,30,3,27,23,16,7,29,22,7,10,1,9,49,20,29,30,12,18,44,23,21,146,54,92,2,0,68,31,127,116,11,10,6,2,85,1,11
53381327,0,,,22,12,10,15,8,7,1,1,0,5,2,3,1,1,0,0,0,0,0,0,0,0,0,0,0,0,0,0,0,0,0,0,0,4,2,2,2,1,1,1,1,0,0,0,0,1,0,1,54,29,25,10,6,4,25,13,12,8,0,8,11,10,1,16,12,4,1,1,0,1,0,1,0,0,0,9,3,6,31,15,16,0,0,12,14,25,23,2,0,2,0,18,1,0
53381328,0,,,25,19,6,20,19,1,0,0,0,5,0,5,1,1,0,0,0,0,1,0,1,0,0,0,1,0,1,0,0,0,0,0,0,1,0,1,1,0,1,0,0,0,0,0,0,0,0,0,42,28,14,7,4,3,24,15,9,3,2,1,8,7,1,4,2,2,1,1,0,16,13,3,2,2,0,1,1,0,20,9,11,0,0,23,4,26,26,0,2,1,0,16,0,7
53381331,1,,53381321;53381332,5,2,3,4,1,3,0,0,0,1,1,0,4,4,0,2,0,2,0,0,0,0,0,0,0,0,0,0,0,0,0,0,0,1,1,0,0,0,0,1,1,0,0,0,0,0,0,0,23,8,15,10,2,8,12,5,7,0,0,0,1,1,0,2,2,0,0,0,0,0,0,0,1,1,0,4,2,2,17,4,13,2,2,1,10,12,11,1,0,1,0,6,0,0
53381332,2,53381331,,*,*,*,*,*,*,*,*,*,*,*,*,*,*,*,*,*,*,*,*,*,*,*,*,*,*,*,*,*,*,*,*,*,*,*,*,*,*,*,*,*,*,*,*,*,*,*,*,*,*,*,*,*,*,*,*,*,*,*,*,*,*,*,*,*,*,*,*,*,*,*,*,*,*,*,*,*,*,*,*,*,*,*,*,*,*,*,*,*,*,*,*,*,*
53381333,2,53381342,,*,*,*,*,*,*,*,*,*,*,*,*,*,*,*,*,*,*,*,*,*,*,*,*,*,*,*,*,*,*,*,*,*,*,*,*,*,*,*,*,*,*,*,*,*,*,*,*,*,*,*,*,*,*,*,*,*,*,*,*,*,*,*,*,*,*,*,*,*,*,*,*,*,*,*,*,*,*,*,*,*,*,*,*,*,*,*,*,*,*,*,*,*,*
53381334,0,,,3,2,1,1,1,0,0,0,0,2,1,1,0,0,0,0,0,0,1,0,1,0,0,0,1,0,1,0,0,0,0,0,0,0,0,0,0,0,0,0,0,0,0,0,0,0,0,0,9,5,4,3,2,1,2,1,1,2,0,2,2,2,0,3,2,1,0,0,0,0,0,0,2,1,1,2,2,0,3,0,3,0,0,2,4,3,3,0,0,0,0,3,0,0
53381335,0,,,43,24,19,29,19,10,1,0,1,12,5,7,6,5,1,1,0,1,0,0,0,0,0,0,0,0,0,0,0,0,0,0,0,6,5,1,2,2,0,3,3,0,1,0,1,0,0,0,109,57,52,15,7,8,69,37,32,10,4,6,15,9,6,29,19,10,1,1,0,5,4,1,4,2,2,16,11,5,60,25,35,0,0,28,24,54,50,4,0,0,2,48,1,0
53381336,0,,,11,7,4,6,4,2,1,1,0,2,1,1,1,1,0,1,0,1,0,0,0,0,0,0,0,0,0,0,0,0,0,0,0,2,2,0,2,2,0,0,0,0,0,0,0,0,0,0,24,12,12,9,6,3,11,5,6,4,1,3,0,0,0,6,3,3,0,0,0,2,1,1,2,1,1,2,2,0,14,7,7,1,0,8,5,13,13,0,3,0,0,8,0,0
53381337,1,,53381347,3,1,2,1,0,1,0,0,0,2,1,1,1,1,0,0,0,0,0,0,0,0,0,0,0,0,0,0,0,0,0,0,0,3,1,2,2,0,2,1,1,0,0,0,0,0,0,0,22,10,12,8,4,4,9,4,5,3,0,3,2,2,0,3,1,2,1,1,0,5,3,2,0,0,0,2,0,2,14,6,8,0,1,2,7,5,4,1,0,1,0,3,0,1
53381338,0,,,143,80,63,85,52,33,4,3,1,45,19,26,28,23,5,10,1,9,7,5,2,0,0,0,5,4,1,0,0,0,2,1,1,31,12,19,18,7,11,7,2,5,3,1,2,3,2,1,382,188,194,69,31,38,199,99,100,56,19,37,56,38,18,106,70,36,11,7,4,31,13,18,20,8,12,30,17,13,222,90,132,4,1,110,74,199,186,13,12,15,1,140,0,2
53381339,0,,,4,2,2,2,1,1,0,0,0,2,1,1,1,1,0,0,0,0,0,0,0,0,0,0,0,0,0,0,0,0,0,0,0,2,1,1,2,1,1,0,0,0,0,0,0,0,0,0,11,7,4,2,2,0,6,4,2,2,0,2,1,1,0,9,8,1,0,0,0,0,0,0,0,0,0,1,0,1,3,0,3,0,1,2,1,5,5,0,0,0,0,3,0,1
53381341,0,,,13,5,8,7,4,3,2,1,1,4,0,4,3,3,0,0,0,0,1,0,1,0,0,0,1,0,1,0,0,0,0,0,0,0,0,0,0,0,0,0,0,0,0,0,0,0,0,0,31,13,18,7,2,5,15,7,8,3,0,3,6,4,2,4,2,2,1,1,0,5,2,3,1,0,1,5,3,2,16,5,11,0,1,9,6,16,16,0,0,0,0,13,0,0
53381342,1,,53381333,7,4,3,5,3,2,0,0,0,2,1,1,2,2,0,2,0,2,1,0,1,0,0,0,1,0,1,0,0,0,0,0,0,3,1,2,2,1,1,1,0,1,0,0,0,0,0,0,25,11,14,8,2,6,7,4,3,5,3,2,5,2,3,10,5,5,1,1,0,3,1,2,0,0,0,2,0,2,13,5,8,0,0,6,8,12,11,1,0,1,0,8,1,0
53381343,0,,,5,1,4,4,1,3,0,0,0,1,0,1,0,0,0,0,0,0,0,0,0,0,0,0,0,0,0,0,0,0,0,0,0,0,0,0,0,0,0,0,0,0,0,0,0,0,0,0,12,4,8,4,2,2,4,2,2,2,0,2,2,0,2,1,1,0,0,0,0,0,0,0,0,0,0,4,2,2,7,1,6,0,0,3,5,5,5,0,0,0,1,5,0,0
53381344,2,53381345,,*,*,*,*,*,*,*,*,*,*,*,*,*,*,*,*,*,*,*,*,*,*,*,*,*,*,*,*,*,*,*,*,*,*,*,*,*,*,*,*,*,*,*,*,*,*,*,*,*,*,*,*,*,*,*,*,*,*,*,*,*,*,*,*,*,*,*,*,*,*,*,*,*,*,*,*,*,*,*,*,*,*,*,*,*,*,*,*,*,*,*,*,*,*
53381345,1,,53381344,70,31,39,49,26,23,2,0,2,18,4,14,9,8,1,7,2,5,4,3,1,0,0,0,4,3,1,0,0,0,0,0,0,24,13,11,16,8,8,8,5,3,0,0,0,0,0,0,129,64,65,21,9,12,68,36,32,21,6,15,18,12,6,21,15,6,2,1,1,28,16,12,16,7,9,29,16,13,61,25,36,2,2,41,21,95,86,9,0,4,4,72,1,0
53381347,2,53381337,,*,*,*,*,*,*,*,*,*,*,*,*,*,*,*,*,*,*,*,*,*,*,*,*,*,*,*,*,*,*,*,*,*,*,*,*,*,*,*,*,*,*,*,*,*,*,*,*,*,*,*,*,*,*,*,*,*,*,*,*,*,*,*,*,*,*,*,*,*,*,*,*,*,*,*,*,*,*,*,*,*,*,*,*,*,*,*,*,*,*,*,*,*,*
53381348,0,,,45,26,19,30,16,14,1,1,0,6,2,4,7,6,1,2,0,2,0,0,0,0,0,0,0,0,0,0,0,0,0,0,0,11,2,9,6,1,5,0,0,0,2,1,1,3,0,3,100,50,50,22,9,13,55,28,27,10,4,6,13,9,4,26,15,11,2,2,0,5,2,3,6,2,4,14,5,9,58,26,32,0,3,26,17,57,54,3,1,4,1,32,2,0
53381349,0,,,21,9,12,15,8,7,0,0,0,6,1,5,3,3,0,0,0,0,2,1,1,0,0,0,2,1,1,0,0,0,0,0,0,8,4,4,7,4,3,0,0,0,0,0,0,1,0,1,78,35,43,19,6,13,37,19,18,8,3,5,14,7,7,19,14,5,1,1,0,8,3,5,4,2,2,7,4,3,49,16,33,0,0,17,21,27,25,2,0,1,0,21,0,0
53381351,2,53381352,,*,*,*,*,*,*,*,*,*,*,*,*,*,*,*,*,*,*,*,*,*,*,*,*,*,*,*,*,*,*,*,*,*,*,*,*,*,*,*,*,*,*,*,*,*,*,*,*,*,*,*,*,*,*,*,*,*,*,*,*,*,*,*,*,*,*,*,*,*,*,*,*,*,*,*,*,*,*,*,*,*,*,*,*,*,*,*,*,*,*,*,*,*,*
53381352,1,,53381351,1,1,0,0,0,0,0,0,0,1,1,0,0,0,0,0,0,0,0,0,0,0,0,0,0,0,0,0,0,0,0,0,0,0,0,0,0,0,0,0,0,0,0,0,0,0,0,0,16,8,8,8,2,6,7,5,2,1,1,0,0,0,0,4,3,1,0,0,0,3,2,1,0,0,0,1,1,0,8,2,6,0,0,1,11,1,1,0,0,0,0,1,0,0
53381353,0,,,6,3,3,2,1,1,0,0,0,1,1,0,2,2,0,0,0,0,0,0,0,0,0,0,0,0,0,0,0,0,0,0,0,0,0,0,0,0,0,0,0,0,0,0,0,0,0,0,9,5,4,2,1,1,6,3,3,0,0,0,1,1,0,4,4,0,0,0,0,0,0,0,0,0,0,0,0,0,5,1,4,0,0,5,1,8,8,0,0,0,0,6,0,0
53381354,0,,,13,7,6,5,3,2,0,0,0,7,4,3,4,4,0,3,0,3,1,0,1,0,0,0,1,0,1,0,0,0,0,0,0,1,0,1,0,0,0,1,0,1,0,0,0,0,0,0,45,22,23,21,13,8,18,6,12,4,2,2,2,1,1,11,9,2,0,0,0,1,0,1,1,1,0,8,3,5,26,9,17,1,1,9,11,21,20,1,1,1,0,15,0,0
53381355,0,,,95,48,47,60,35,25,3,3,0,29,7,22,17,14,3,5,1,4,9,4,5,0,0,0,9,4,5,0,0,0,0,0,0,16,7,9,10,3,7,5,4,1,0,0,0,1,0,1,208,94,114,34,9,25,113,57,56,29,7,22,31,20,11,57,33,24,1,0,1,19,13,6,12,4,8,29,15,14,115,40,75,1,0,67,30,123,117,6,7,1,2,99,1,1
53381356,0,,,18,9,9,11,7,4,1,0,1,6,2,4,1,1,0,0,0,0,0,0,0,0,0,0,0,0,0,0,0,0,0,0,0,0,0,0,0,0,0,0,0,0,0,0,0,0,0,0,35,20,15,12,9,3,14,4,10,4,2,2,5,5,0,8,6,2,0,0,0,2,2,0,1,1,0,0,0,0,24,11,13,0,0,11,6,19,19,0,0,0,0,16,2,0
53381357,2,53381358,,*,*,*,*,*,*,*,*,*,*,*,*,*,*,*,*,*,*,*,*,*,*,*,*,*,*,*,*,*,*,*,*,*,*,*,*,*,*,*,*,*,*,*,*,*,*,*,*,*,*,*,*,*,*,*,*,*,*,*,*,*,*,*,*,*,*,*,*,*,*,*,*,*,*,*,*,*,*,*,*,*,*,*,*,*,*,*,*,*,*,*,*,*,*
53381358,1,,53381357,35,19,16,23,16,7,1,0,1,11,3,8,3,3,0,1,0,1,1,0,1,0,0,0,1,0,1,0,0,0,0,0,0,3,2,1,2,2,0,0,0,0,1,0,1,0,0,0,86,42,44,19,9,10,53,27,26,11,5,6,3,1,2,33,24,9,3,1,2,2,1,1,0,0,0,7,5,2,45,13,32,0,0,24,17,42,41,1,2,2,0,36,0,0
53381359,0,,,27,17,10,14,11,3,0,0,0,10,3,7,3,2,1,0,0,0,0,0,0,0,0,0,0,0,0,0,0,0,0,0,0,0,0,0,0,0,0,0,0,0,0,0,0,0,0,0,67,32,35,10,3,7,39,19,20,10,4,6,8,6,2,17,16,1,1,0,1,3,1,2,0,0,0,2,1,1,44,14,30,1,1,15,16,31,31,0,0,1,0,25,1,1
53381362,1,,53381372,5,5,0,3,3,0,0,0,0,2,2,0,1,1,0,1,0,1,0,0,0,0,0,0,0,0,0,0,0,0,0,0,0,0,0,0,0,0,0,0,0,0,0,0,0,0,0,0,20,13,7,9,6,3,9,6,3,1,0,1,1,1,0,6,5,1,0,0,0,0,0,0,4,3,1,1,0,1,9,5,4,0,0,4,8,7,7,0,0,0,0,5,0,0
53381363,0,,,11,5,6,6,3,3,0,0,0,2,0,2,1,1,0,1,0,1,1,1,0,0,0,0,1,1,0,0,0,0,0,0,0,3,0,3,2,0,2,1,0,1,0,0,0,0,0,0,27,13,14,5,1,4,9,7,2,7,2,5,6,3,3,13,8,5,1,0,1,0,0,0,0,0,0,1,0,1,16,6,10,1,0,7,4,14,13,1,0,0,1,11,0,0
53381364,0,,,26,17,9,20,13,7,0,0,0,6,4,2,5,3,2,1,1,0,0,0,0,0,0,0,0,0,0,0,0,0,0,0,0,8,2,6,5,2,3,0,0,0,0,0,0,3,0,3,56,29,27,10,6,4,26,12,14,7,3,4,12,7,5,17,12,5,1,0,1,1,1,0,8,3,5,3,1,2,34,14,20,3,0,17,9,35,32,3,1,0,0,30,0,0
53381365,0,,,51,30,21,26,19,7,1,0,1,16,4,12,7,5,2,4,0,4,3,2,1,0,0,0,3,2,1,0,0,0,0,0,0,14,7,7,10,6,4,3,1,2,1,0,1,0,0,0,122,62,60,21,8,13,70,34,36,14,7,7,17,13,4,25,17,8,8,5,3,9,5,4,16,6,10,15,7,8,66,31,35,0,0,40,28,67,62,5,6,2,2,44,0,2
53381366,0,,,10,6,4,7,5,2,1,1,0,2,0,2,0,0,0,0,0,0,0,0,0,0,0,0,0,0,0,0,0,0,0,0,0,0,0,0,0,0,0,0,0,0,0,0,0,0,0,0,27,15,12,11,5,6,9,6,3,4,2,2,3,2,1,10,7,3,0,0,0,2,2,0,0,0,0,0,0,0,15,6,9,1,0,6,9,10,10,0,0,0,0,10,0,0
53381367,0,,,7,3,4,3,0,3,0,0,0,4,3,1,1,0,1,0,0,0,0,0,0,0,0,0,0,0,0,0,0,0,0,0,0,2,0,2,0,0,0,0,0,0,2,0,2,0,0,0,26,10,16,13,4,9,10,6,4,3,0,3,0,0,0,9,5,4,0,0,0,0,0,0,0,0,0,3,0,3,16,5,11,0,0,6,6,10,8,2,0,0,0,8,1,0
53381368,0,,,7,3,4,2,1,1,0,0,0,5,2,3,1,1,0,0,0,0,0,0,0,0,0,0,0,0,0,0,0,0,0,0,0,0,0,0,0,0,0,0,0,0,0,0,0,0,0,0,12,4,8,2,0,2,5,2,3,2,0,2,3,2,1,3,2,1,0,0,0,0,0,0,0,0,0,3,1,2,6,1,5,0,0,4,0,8,8,0,1,1,0,6,0,0
53381369,0,,,4,1,3,3,1,2,0,0,0,1,0,1,1,1,0,2,1,1,0,0,0,0,0,0,0,0,0,0,0,0,0,0,0,0,0,0,0,0,0,0,0,0,0,0,0,0,0,0,10,5,5,2,1,1,7,4,3,0,0,0,1,0,1,2,2,0,0,0,0,0,0,0,0,0,0,1,0,1,7,3,4,0,0,3,1,7,7,0,0,0,0,7,0,0
53381372,2,53381362,,*,*,*,*,*,*,*,*,*,*,*,*,*,*,*,*,*,*,*,*,*,*,*,*,*,*,*,*,*,*,*,*,*,*,*,*,*,*,*,*,*,*,*,*,*,*,*,*,*,*,*,*,*,*,*,*,*,*,*,*,*,*,*,*,*,*,*,*,*,*,*,*,*,*,*,*,*,*,*,*,*,*,*,*,*,*,*,*,*,*,*,*,*,*
53381373,0,,,2,2,0,1,1,0,0,0,0,0,0,0,1,0,1,0,0,0,0,0,0,0,0,0,0,0,0,0,0,0,0,0,0,0,0,0,0,0,0,0,0,0,0,0,0,0,0,0,17,9,8,5,1,4,12,8,4,0,0,0,0,0,0,4,2,2,1,0,1,1,1,0,0,0,0,5,3,2,6,3,3,1,0,2,7,3,3,0,0,0,0,1,0,0
53381374,2,53381375,,*,*,*,*,*,*,*,*,*,*,*,*,*,*,*,*,*,*,*,*,*,*,*,*,*,*,*,*,*,*,*,*,*,*,*,*,*,*,*,*,*,*,*,*,*,*,*,*,*,*,*,*,*,*,*,*,*,*,*,*,*,*,*,*,*,*,*,*,*,*,*,*,*,*,*,*,*,*,*,*,*,*,*,*,*,*,*,*,*,*,*,*,*,*
53381375,1,,53381374,53,35,18,33,26,7,3,2,1,11,2,9,9,7,2,3,0,3,2,2,0,0,0,0,1,1,0,0,0,0,1,1,0,11,5,6,7,3,4,2,0,2,2,2,0,0,0,0,118,59,59,21,9,12,66,34,32,15,3,12,16,13,3,33,29,4,2,1,1,7,3,4,13,8,5,12,6,6,64,19,45,1,1,37,15,68,65,3,1,2,1,52,1,0
53381376,0,,,22,9,13,9,4,5,1,0,1,8,3,5,4,4,0,0,0,0,1,0,1,0,0,0,1,0,1,0,0,0,0,0,0,0,0,0,0,0,0,0,0,0,0,0,0,0,0,0,64,30,34,11,8,3,30,13,17,12,3,9,11,6,5,22,12,10,0,0,0,0,0,0,2,1,1,5,3,2,36,14,22,0,1,13,22,26,26,0,1,1,0,16,1,0
53381377,0,,,129,61,68,87,48,39,6,2,4,36,11,25,22,12,10,6,3,3,6,3,3,0,0,0,5,3,2,0,0,0,1,0,1,26,7,19,12,4,8,10,1,9,2,0,2,2,2,0,319,139,180,66,22,44,157,72,85,39,11,28,53,32,21,78,45,33,7,3,4,26,6,20,10,5,5,49,21,28,181,69,112,1,1,92,72,172,157,15,2,16,0,136,2,1
53381378,0,,,59,34,25,31,20,11,2,2,0,17,6,11,10,5,5,2,0,2,2,1,1,0,0,0,1,1,0,0,0,0,1,0,1,2,2,0,0,0,0,0,0,0,0,0,0,2,2,0,132,65,67,20,7,13,58,24,34,18,9,9,34,24,10,35,26,9,1,0,1,1,0,1,3,3,0,6,3,3,90,36,54,1,0,41,19,73,71,2,6,3,0,54,0,0
53381379,0,,,46,28,18,27,17,10,1,1,0,14,6,8,7,5,2,1,0,1,1,0,1,0,0,0,0,0,0,0,0,0,1,0,1,6,1,5,5,1,4,1,0,1,0,0,0,0,0,0,117,62,55,24,13,11,54,26,28,17,6,11,22,17,5,36,30,6,1,0,1,3,0,3,6,3,3,8,7,1,70,23,47,1,0,33,21,55,54,1,0,2,0,49,0,0
53381382,0,,,3,2,1,3,2,1,0,0,0,0,0,0,0,0,0,0,0,0,0,0,0,0,0,0,0,0,0,0,0,0,0,0,0,0,0,0,0,0,0,0,0,0,0,0,0,0,0,0,8,4,4,5,2,3,2,1,1,1,1,0,0,0,0,1,1,0,0,0,0,0,0,0,0,0,0,1,1,0,6,2,4,0,0,1,4,3,3,0,0,0,0,3,0,0
53381383,0,,,7,3,4,2,2,0,0,0,0,5,1,4,2,0,2,0,0,0,0,0,0,0,0,0,0,0,0,0,0,0,0,0,0,0,0,0,0,0,0,0,0,0,0,0,0,0,0,0,30,15,15,8,4,4,17,8,9,2,0,2,3,3,0,15,11,4,0,0,0,0,0,0,1,1,0,0,0,0,14,3,11,0,0,7,11,9,9,0,0,0,0,7,0,0
53381384,0,,,10,6,4,6,5,1,2,1,1,2,0,2,2,2,0,2,2,0,0,0,0,0,0,0,0,0,0,0,0,0,0,0,0,0,0,0,0,0,0,0,0,0,0,0,0,0,0,0,44,23,21,18,10,8,17,7,10,3,2,1,6,4,2,18,14,4,4,3,1,0,0,0,0,0,0,1,0,1,21,6,15,0,0,9,15,14,14,0,0,0,0,12,0,0
53381385,0,,,251,139,112,161,100,61,10,3,7,58,20,38,35,30,5,10,3,7,11,8,3,1,1,0,7,5,2,0,0,0,3,2,1,51,21,30,26,11,15,14,5,9,4,2,2,7,3,4,578,284,294,113,46,67,276,145,131,84,22,62,105,71,34,170,134,36,18,6,12,37,18,19,43,21,22,60,21,39,312,113,199,4,1,167,95,321,298,23,12,20,5,229,3,9
53381386,0,,,124,67,57,72,44,28,0,0,0,37,11,26,19,17,2,15,4,11,19,9,10,1,0,1,14,8,6,0,0,0,4,1,3,31,20,11,16,11,5,8,4,4,1,1,0,6,4,2,313,138,175,38,16,22,131,60,71,40,15,25,54,35,19,42,29,13,16,7,9,60,24,36,52,21,31,43,13,30,150,73,77,0,1,87,41,175,159,16,11,10,5,107,2,10
53381387,0,,,140,73,67,90,56,34,4,1,3,42,13,29,15,11,4,6,0,6,8,5,3,0,0,0,6,3,3,0,0,0,2,2,0,40,23,17,28,17,11,9,6,3,0,0,0,3,0,3,288,142,146,48,26,22,140,63,77,41,13,28,53,37,16,75,56,19,3,1,2,24,16,8,30,14,16,54,22,32,150,61,89,1,0,100,48,175,161,14,2,9,0,128,5,5
53381388,0,,,58,27,31,31,17,14,4,2,2,22,7,15,6,5,1,1,0,1,1,1,0,0,0,0,0,0,0,0,0,0,1,1,0,7,3,4,3,1,2,4,2,2,0,0,0,0,0,0,104,45,59,19,8,11,63,27,36,16,7,9,6,3,3,15,9,6,9,5,4,4,1,3,9,5,4,26,10,16,49,19,30,1,1,33,12,70,65,5,0,4,1,60,1,3
53381389,0,,,3,1,2,2,1,1,0,0,0,1,0,1,0,0,0,0,0,0,0,0,0,0,0,0,0,0,0,0,0,0,0,0,0,1,1,0,0,0,0,0,0,0,1,1,0,0,0,0,14,6,8,7,1,6,5,4,1,2,1,1,0,0,0,5,5,0,0,0,0,1,1,0,0,0,0,0,0,0,9,1,8,0,0,2,7,4,3,1,0,0,0,4,0,0
53381395,0,,,39,26,13,23,18,5,1,0,1,12,5,7,8,7,1,4,2,2,2,0,2,0,0,0,0,0,0,0,0,0,2,0,2,2,1,1,0,0,0,0,0,0,0,0,0,2,1,1,96,51,45,19,8,11,54,27,27,11,6,5,12,10,2,40,33,7,0,0,0,8,4,4,2,2,0,1,0,1,49,13,36,0,0,30,12,53,51,2,1,0,0,41,2,2
53381396,0,,,343,184,159,197,129,68,12,7,5,104,24,80,48,37,11,18,5,13,32,15,17,1,1,0,22,11,11,0,0,0,9,3,6,81,40,41,54,28,26,18,7,11,4,2,2,5,3,2,740,360,380,110,51,59,372,176,196,109,31,78,148,101,47,199,133,66,10,6,4,51,26,25,66,35,31,100,47,53,427,168,259,1,7,218,128,441,410,31,24,32,5,315,4,15
53381397,0,,,182,94,88,105,66,39,3,1,2,53,13,40,25,21,4,8,0,8,11,4,7,0,0,0,8,3,5,0,0,0,3,1,2,40,25,15,27,18,9,7,4,3,0,0,0,6,3,3,403,186,217,53,24,29,220,98,122,63,18,45,62,44,18,111,74,37,8,5,3,9,4,5,31,13,18,73,35,38,221,84,137,1,1,117,73,228,215,13,12,10,1,162,1,6
53381398,2,53381399,,*,*,*,*,*,*,*,*,*,*,*,*,*,*,*,*,*,*,*,*,*,*,*,*,*,*,*,*,*,*,*,*,*,*,*,*,*,*,*,*,*,*,*,*,*,*,*,*,*,*,*,*,*,*,*,*,*,*,*,*,*,*,*,*,*,*,*,*,*,*,*,*,*,*,*,*,*,*,*,*,*,*,*,*,*,*,*,*,*,*,*,*,*,*
53381399,1,,53381398,4,3,1,2,2,0,0,0,0,2,1,1,0,0,0,0,0,0,0,0,0,0,0,0,0,0,0,0,0,0,0,0,0,0,0,0,0,0,0,0,0,0,0,0,0,0,0,0,15,7,8,5,1,4,8,4,4,0,0,0,2,2,0,5,3,2,1,1,0,0,0,0,1,1,0,1,1,0,7,1,6,0,0,3,7,4,4,0,0,0,0,4,0,0
53381408,1,,53381419,20,13,7,9,5,4,2,2,0,3,1,2,7,7,0,4,0,4,1,1,0,0,0,0,1,1,0,0,0,0,0,0,0,4,2,2,2,2,0,2,0,2,0,0,0,0,0,0,44,26,18,12,7,5,16,11,5,7,2,5,9,6,3,13,10,3,3,2,1,1,1,0,3,2,1,4,1,3,25,13,12,4,1,15,5,33,31,2,0,0,1,17,0,0
53381409,0,,,20,11,9,8,6,2,0,0,0,7,3,4,3,3,0,3,1,2,2,2,0,0,0,0,1,1,0,0,0,0,1,1,0,6,4,2,5,3,2,1,1,0,0,0,0,0,0,0,59,29,30,3,2,1,28,14,14,10,2,8,17,10,7,13,11,2,6,3,3,7,3,4,8,4,4,19,7,12,13,6,7,3,0,11,17,28,26,2,0,4,0,19,0,0
53381416,2,53381417,,*,*,*,*,*,*,*,*,*,*,*,*,*,*,*,*,*,*,*,*,*,*,*,*,*,*,*,*,*,*,*,*,*,*,*,*,*,*,*,*,*,*,*,*,*,*,*,*,*,*,*,*,*,*,*,*,*,*,*,*,*,*,*,*,*,*,*,*,*,*,*,*,*,*,*,*,*,*,*,*,*,*,*,*,*,*,*,*,*,*,*,*,*,*
53381417,1,,53381416;53381428;53381445,24,12,12,9,6,3,1,0,1,8,1,7,7,6,1,9,2,7,1,1,0,0,0,0,0,0,0,0,0,0,1,1,0,11,4,7,8,2,6,3,2,1,0,0,0,0,0,0,61,28,33,15,6,9,27,12,15,4,3,1,15,7,8,25,16,9,3,1,2,5,3,2,17,7,10,4,1,3,19,5,14,10,3,7,9,45,42,3,0,1,0,19,0,2
53381418,0,,,11,10,1,8,7,1,0,0,0,3,3,0,4,4,0,5,1,4,0,0,0,0,0,0,0,0,0,0,0,0,0,0,0,2,1,1,2,1,1,0,0,0,0,0,0,0,0,0,36,21,15,9,3,6,16,12,4,8,3,5,1,1,0,8,6,2,2,2,0,6,6,0,4,1,3,0,0,0,16,5,11,5,0,10,6,20,20,0,0,0,0,8,0,1
53381419,2,53381408,,*,*,*,*,*,*,*,*,*,*,*,*,*,*,*,*,*,*,*,*,*,*,*,*,*,*,*,*,*,*,*,*,*,*,*,*,*,*,*,*,*,*,*,*,*,*,*,*,*,*,*,*,*,*,*,*,*,*,*,*,*,*,*,*,*,*,*,*,*,*,*,*,*,*,*,*,*,*,*,*,*,*,*,*,*,*,*,*,*,*,*,*,*,*
53381428,2,53381417,,*,*,*,*,*,*,*,*,*,*,*,*,*,*,*,*,*,*,*,*,*,*,*,*,*,*,*,*,*,*,*,*,*,*,*,*,*,*,*,*,*,*,*,*,*,*,*,*,*,*,*,*,*,*,*,*,*,*,*,*,*,*,*,*,*,*,*,*,*,*,*,*,*,*,*,*,*,*,*,*,*,*,*,*,*,*,*,*,*,*,*,*,*,*
53381432,2,53381450,,*,*,*,*,*,*,*,*,*,*,*,*,*,*,*,*,*,*,*,*,*,*,*,*,*,*,*,*,*,*,*,*,*,*,*,*,*,*,*,*,*,*,*,*,*,*,*,*,*,*,*,*,*,*,*,*,*,*,*,*,*,*,*,*,*,*,*,*,*,*,*,*,*,*,*,*,*,*,*,*,*,*,*,*,*,*,*,*,*,*,*,*,*,*
53381440,2,53381450,,*,*,*,*,*,*,*,*,*,*,*,*,*,*,*,*,*,*,*,*,*,*,*,*,*,*,*,*,*,*,*,*,*,*,*,*,*,*,*,*,*,*,*,*,*,*,*,*,*,*,*,*,*,*,*,*,*,*,*,*,*,*,*,*,*,*,*,*,*,*,*,*,*,*,*,*,*,*,*,*,*,*,*,*,*,*,*,*,*,*,*,*,*,*
53381441,2,53381450,,*,*,*,*,*,*,*,*,*,*,*,*,*,*,*,*,*,*,*,*,*,*,*,*,*,*,*,*,*,*,*,*,*,*,*,*,*,*,*,*,*,*,*,*,*,*,*,*,*,*,*,*,*,*,*,*,*,*,*,*,*,*,*,*,*,*,*,*,*,*,*,*,*,*,*,*,*,*,*,*,*,*,*,*,*,*,*,*,*,*,*,*,*,*
53381445,2,53381417,,*,*,*,*,*,*,*,*,*,*,*,*,*,*,*,*,*,*,*,*,*,*,*,*,*,*,*,*,*,*,*,*,*,*,*,*,*,*,*,*,*,*,*,*,*,*,*,*,*,*,*,*,*,*,*,*,*,*,*,*,*,*,*,*,*,*,*,*,*,*,*,*,*,*,*,*,*,*,*,*,*,*,*,*,*,*,*,*,*,*,*,*,*,*
53381448,2,53381458,,*,*,*,*,*,*,*,*,*,*,*,*,*,*,*,*,*,*,*,*,*,*,*,*,*,*,*,*,*,*,*,*,*,*,*,*,*,*,*,*,*,*,*,*,*,*,*,*,*,*,*,*,*,*,*,*,*,*,*,*,*,*,*,*,*,*,*,*,*,*,*,*,*,*,*,*,*,*,*,*,*,*,*,*,*,*,*,*,*,*,*,*,*,*
53381450,1,,53381432;53381440;53381441;53381451,21,9,12,14,9,5,0,0,0,7,0,7,4,3,1,1,0,1,0,0,0,0,0,0,0,0,0,0,0,0,0,0,0,4,2,2,3,2,1,1,0,1,0,0,0,0,0,0,55,23,32,9,3,6,29,13,16,11,2,9,6,5,1,18,13,5,3,2,1,0,0,0,4,3,1,6,2,4,28,5,23,0,0,16,13,28,27,1,0,2,0,23,0,1
53381451,2,53381450,,*,*,*,*,*,*,*,*,*,*,*,*,*,*,*,*,*,*,*,*,*,*,*,*,*,*,*,*,*,*,*,*,*,*,*,*,*,*,*,*,*,*,*,*,*,*,*,*,*,*,*,*,*,*,*,*,*,*,*,*,*,*,*,*,*,*,*,*,*,*,*,*,*,*,*,*,*,*,*,*,*,*,*,*,*,*,*,*,*,*,*,*,*,*
53381455,2,53381463,,*,*,*,*,*,*,*,*,*,*,*,*,*,*,*,*,*,*,*,*,*,*,*,*,*,*,*,*,*,*,*,*,*,*,*,*,*,*,*,*,*,*,*,*,*,*,*,*,*,*,*,*,*,*,*,*,*,*,*,*,*,*,*,*,*,*,*,*,*,*,*,*,*,*,*,*,*,*,*,*,*,*,*,*,*,*,*,*,*,*,*,*,*,*
53381458,1,,53381448,50,33,17,29,21,8,2,1,1,11,5,6,7,6,1,5,0,5,2,2,0,0,0,0,2,2,0,0,0,0,0,0,0,6,4,2,2,2,0,3,2,1,0,0,0,1,0,1,92,50,42,24,11,13,40,21,19,10,3,7,14,14,0,19,17,2,2,2,0,4,3,1,6,3,3,3,2,1,62,28,34,0,0,37,16,66,62,4,8,0,1,40,1,0
53381460,0,,,4,4,0,3,3,0,0,0,0,1,1,0,0,0,0,0,0,0,0,0,0,0,0,0,0,0,0,0,0,0,0,0,0,0,0,0,0,0,0,0,0,0,0,0,0,0,0,0,21,11,10,7,2,5,13,8,5,1,1,0,0,0,0,4,4,0,0,0,0,0,0,0,1,1,0,3,2,1,13,4,9,0,0,4,7,4,4,0,0,0,0,4,0,0
53381461,0,,,6,3,3,3,1,2,0,0,0,3,2,1,4,4,0,0,0,0,0,0,0,0,0,0,0,0,0,0,0,0,0,0,0,0,0,0,0,0,0,0,0,0,0,0,0,0,0,0,25,11,14,7,1,6,10,6,4,2,0,2,6,4,2,3,2,1,0,0,0,1,1,0,0,0,0,3,2,1,18,6,12,0,0,8,6,10,10,0,0,0,1,6,0,0
53381462,0,,,5,2,3,2,1,1,0,0,0,3,1,2,0,0,0,0,0,0,0,0,0,0,0,0,0,0,0,0,0,0,0,0,0,0,0,0,0,0,0,0,0,0,0,0,0,0,0,0,25,10,15,11,4,7,11,4,7,1,1,0,2,1,1,8,7,1,0,0,0,0,0,0,0,0,0,0,0,0,17,3,14,0,0,5,10,5,5,0,0,0,0,5,0,0
53381463,1,,53381455;53381473;53381474,4,4,0,2,2,0,0,0,0,1,1,0,0,0,0,0,0,0,0,0,0,0,0,0,0,0,0,0,0,0,0,0,0,0,0,0,0,0,0,0,0,0,0,0,0,0,0,0,28,14,14,16,6,10,9,5,4,1,1,0,2,2,0,12,10,2,0,0,0,1,1,0,0,0,0,0,0,0,15,3,12,0,0,4,14,4,4,0,0,0,0,3,0,0
53381465,2,53381483,,*,*,*,*,*,*,*,*,*,*,*,*,*,*,*,*,*,*,*,*,*,*,*,*,*,*,*,*,*,*,*,*,*,*,*,*,*,*,*,*,*,*,*,*,*,*,*,*,*,*,*,*,*,*,*,*,*,*,*,*,*,*,*,*,*,*,*,*,*,*,*,*,*,*,*,*,*,*,*,*,*,*,*,*,*,*,*,*,*,*,*,*,*,*
53381470,0,,,17,11,6,13,10,3,0,0,0,3,0,3,3,3,0,1,0,1,0,0,0,0,0,0,0,0,0,0,0,0,0,0,0,5,1,4,2,0,2,1,1,0,0,0,0,2,0,2,56,32,24,16,10,6,27,16,11,1,0,1,11,6,5,14,13,1,0,0,0,8,4,4,4,1,3,1,1,0,34,14,20,2,0,12,15,25,21,4,0,2,0,14,0,2
53381471,0,,,33,19,14,16,12,4,1,0,1,14,5,9,6,6,0,0,0,0,2,2,0,0,0,0,2,2,0,0,0,0,0,0,0,7,2,5,5,2,3,1,0,1,1,0,1,0,0,0,67,34,33,16,7,9,33,16,17,9,4,5,9,7,2,17,13,4,0,0,0,2,1,1,5,3,2,13,3,10,39,18,21,1,2,22,6,42,39,3,0,0,1,37,0,0
53381472,0,,,19,11,8,8,5,3,2,2,0,5,1,4,6,4,2,1,0,1,0,0,0,0,0,0,0,0,0,0,0,0,0,0,0,2,1,1,1,1,0,1,0,1,0,0,0,0,0,0,75,35,40,15,7,8,39,18,21,15,6,9,5,3,2,24,18,6,1,1,0,0,0,0,7,4,3,6,2,4,39,11,28,0,0,16,25,27,26,1,3,2,0,15,0,0
53381473,2,53381463,,*,*,*,*,*,*,*,*,*,*,*,*,*,*,*,*,*,*,*,*,*,*,*,*,*,*,*,*,*,*,*,*,*,*,*,*,*,*,*,*,*,*,*,*,*,*,*,*,*,*,*,*,*,*,*,*,*,*,*,*,*,*,*,*,*,*,*,*,*,*,*,*,*,*,*,*,*,*,*,*,*,*,*,*,*,*,*,*,*,*,*,*,*,*
53381474,2,53381463,,*,*,*,*,*,*,*,*,*,*,*,*,*,*,*,*,*,*,*,*,*,*,*,*,*,*,*,*,*,*,*,*,*,*,*,*,*,*,*,*,*,*,*,*,*,*,*,*,*,*,*,*,*,*,*,*,*,*,*,*,*,*,*,*,*,*,*,*,*,*,*,*,*,*,*,*,*,*,*,*,*,*,*,*,*,*,*,*,*,*,*,*,*,*
53381478,0,,,22,12,10,12,9,3,0,0,0,9,2,7,8,6,2,5,1,4,1,0,1,0,0,0,0,0,0,0,0,0,1,0,1,1,0,1,0,0,0,1,0,1,0,0,0,0,0,0,53,25,28,10,3,7,27,12,15,6,3,3,10,7,3,13,7,6,4,1,3,2,1,1,3,2,1,2,1,1,31,13,18,0,0,15,8,36,35,1,0,0,0,26,0,0
53381479,1,,53381488,20,12,8,10,7,3,0,0,0,10,5,5,8,8,0,8,1,7,5,2,3,0,0,0,4,2,2,0,0,0,1,0,1,2,2,0,2,2,0,0,0,0,0,0,0,0,0,0,73,35,38,16,3,13,40,20,20,8,6,2,9,6,3,15,8,7,0,0,0,5,3,2,2,0,2,3,1,2,55,27,28,0,0,22,11,36,36,0,1,0,0,21,1,0
53381481,0,,,5,5,0,2,2,0,0,0,0,3,3,0,0,0,0,0,0,0,0,0,0,0,0,0,0,0,0,0,0,0,0,0,0,0,0,0,0,0,0,0,0,0,0,0,0,0,0,0,15,11,4,7,5,2,7,5,2,0,0,0,1,1,0,4,3,1,0,0,0,0,0,0,1,1,0,0,0,0,10,7,3,0,0,4,7,5,5,0,0,0,1,3,1,1
53381482,1,,53381491;53381492,9,4,5,6,3,3,1,1,0,2,0,2,1,1,0,0,0,0,0,0,0,0,0,0,0,0,0,0,0,0,0,0,0,0,0,0,0,0,0,0,0,0,0,0,0,0,0,0,29,13,16,12,4,8,13,8,5,3,0,3,1,1,0,7,4,3,1,1,0,3,2,1,3,2,1,1,1,0,14,3,11,0,0,8,11,10,10,0,0,1,0,8,1,0
53381483,1,,53381465,13,6,7,6,5,1,2,1,1,5,0,5,1,1,0,0,0,0,1,1,0,0,0,0,0,0,0,0,0,0,1,1,0,0,0,0,0,0,0,0,0,0,0,0,0,0,0,0,23,10,13,5,2,3,15,7,8,1,1,0,2,0,2,8,7,1,2,1,1,0,0,0,3,0,3,0,0,0,11,3,8,0,0,5,5,14,14,0,0,0,0,8,0,0
53381488,2,53381479,,*,*,*,*,*,*,*,*,*,*,*,*,*,*,*,*,*,*,*,*,*,*,*,*,*,*,*,*,*,*,*,*,*,*,*,*,*,*,*,*,*,*,*,*,*,*,*,*,*,*,*,*,*,*,*,*,*,*,*,*,*,*,*,*,*,*,*,*,*,*,*,*,*,*,*,*,*,*,*,*,*,*,*,*,*,*,*,*,*,*,*,*,*,*
53381490,0,,,4,3,1,3,3,0,1,0,1,0,0,0,0,0,0,0,0,0,0,0,0,0,0,0,0,0,0,0,0,0,0,0,0,0,0,0,0,0,0,0,0,0,0,0,0,0,0,0,16,10,6,5,4,1,6,3,3,2,1,1,3,2,1,5,5,0,1,1,0,0,0,0,1,1,0,0,0,0,9,3,6,0,0,3,6,4,4,0,0,1,0,3,0,1
53381491,2,53381482,,*,*,*,*,*,*,*,*,*,*,*,*,*,*,*,*,*,*,*,*,*,*,*,*,*,*,*,*,*,*,*,*,*,*,*,*,*,*,*,*,*,*,*,*,*,*,*,*,*,*,*,*,*,*,*,*,*,*,*,*,*,*,*,*,*,*,*,*,*,*,*,*,*,*,*,*,*,*,*,*,*,*,*,*,*,*,*,*,*,*,*,*,*,*
53381492,2,53381482,,*,*,*,*,*,*,*,*,*,*,*,*,*,*,*,*,*,*,*,*,*,*,*,*,*,*,*,*,*,*,*,*,*,*,*,*,*,*,*,*,*,*,*,*,*,*,*,*,*,*,*,*,*,*,*,*,*,*,*,*,*,*,*,*,*,*,*,*,*,*,*,*,*,*,*,*,*,*,*,*,*,*,*,*,*,*,*,*,*,*,*,*,*,*
53381494,0,,,8,5,3,1,1,0,0,0,0,7,4,3,1,0,1,0,0,0,0,0,0,0,0,0,0,0,0,0,0,0,0,0,0,0,0,0,0,0,0,0,0,0,0,0,0,0,0,0,18,7,11,9,1,8,7,5,2,2,1,1,0,0,0,2,1,1,0,0,0,0,0,0,1,1,0,0,0,0,15,5,10,0,0,5,6,9,9,0,0,0,0,9,0,0
53381498,0,,,19,11,8,12,7,5,0,0,0,5,2,3,14,11,3,14,2,12,4,2,2,1,0,1,1,1,0,0,0,0,2,1,1,7,3,4,4,2,2,2,0,2,0,0,0,1,1,0,69,33,36,8,3,5,35,18,17,8,2,6,16,8,8,18,9,9,3,0,3,6,3,3,5,3,2,8,4,4,38,17,21,0,0,22,10,49,47,2,1,0,0,20,0,0
53381500,2,53381555,,*,*,*,*,*,*,*,*,*,*,*,*,*,*,*,*,*,*,*,*,*,*,*,*,*,*,*,*,*,*,*,*,*,*,*,*,*,*,*,*,*,*,*,*,*,*,*,*,*,*,*,*,*,*,*,*,*,*,*,*,*,*,*,*,*,*,*,*,*,*,*,*,*,*,*,*,*,*,*,*,*,*,*,*,*,*,*,*,*,*,*,*,*,*
53381537,2,53381547,,*,*,*,*,*,*,*,*,*,*,*,*,*,*,*,*,*,*,*,*,*,*,*,*,*,*,*,*,*,*,*,*,*,*,*,*,*,*,*,*,*,*,*,*,*,*,*,*,*,*,*,*,*,*,*,*,*,*,*,*,*,*,*,*,*,*,*,*,*,*,*,*,*,*,*,*,*,*,*,*,*,*,*,*,*,*,*,*,*,*,*,*,*,*
53381539,2,53381549,,*,*,*,*,*,*,*,*,*,*,*,*,*,*,*,*,*,*,*,*,*,*,*,*,*,*,*,*,*,*,*,*,*,*,*,*,*,*,*,*,*,*,*,*,*,*,*,*,*,*,*,*,*,*,*,*,*,*,*,*,*,*,*,*,*,*,*,*,*,*,*,*,*,*,*,*,*,*,*,*,*,*,*,*,*,*,*,*,*,*,*,*,*,*
53381546,0,,,13,8,5,4,3,1,0,0,0,5,2,3,6,4,2,2,1,1,0,0,0,0,0,0,0,0,0,0,0,0,0,0,0,2,1,1,2,1,1,0,0,0,0,0,0,0,0,0,29,17,12,1,1,0,11,5,6,5,3,2,12,8,4,0,0,0,8,4,4,9,6,3,6,4,2,7,3,4,1,1,0,0,0,14,4,21,21,0,0,1,2,14,0,1
53381547,1,,53381537,4,3,1,3,3,0,0,0,0,1,0,1,1,1,0,1,0,1,0,0,0,0,0,0,0,0,0,0,0,0,0,0,0,0,0,0,0,0,0,0,0,0,0,0,0,0,0,0,12,7,5,0,0,0,6,3,3,0,0,0,6,4,2,0,0,0,0,0,0,0,0,0,5,3,2,5,3,2,2,1,1,0,0,4,9,6,6,0,0,0,0,4,0,0
53381548,2,53381549,,*,*,*,*,*,*,*,*,*,*,*,*,*,*,*,*,*,*,*,*,*,*,*,*,*,*,*,*,*,*,*,*,*,*,*,*,*,*,*,*,*,*,*,*,*,*,*,*,*,*,*,*,*,*,*,*,*,*,*,*,*,*,*,*,*,*,*,*,*,*,*,*,*,*,*,*,*,*,*,*,*,*,*,*,*,*,*,*,*,*,*,*,*,*
53381549,1,,53381539;53381548,22,11,11,11,6,5,0,0,0,9,4,5,8,6,2,3,1,2,1,1,0,0,0,0,1,1,0,0,0,0,0,0,0,10,8,2,9,7,2,0,0,0,0,0,0,1,1,0,81,40,41,2,0,2,25,12,13,15,2,13,37,25,12,4,4,0,5,3,2,12,6,6,25,14,11,38,20,18,8,2,6,0,0,21,23,33,33,0,1,2,1,19,0,2
53381554,2,53381555,,*,*,*,*,*,*,*,*,*,*,*,*,*,*,*,*,*,*,*,*,*,*,*,*,*,*,*,*,*,*,*,*,*,*,*,*,*,*,*,*,*,*,*,*,*,*,*,*,*,*,*,*,*,*,*,*,*,*,*,*,*,*,*,*,*,*,*,*,*,*,*,*,*,*,*,*,*,*,*,*,*,*,*,*,*,*,*,*,*,*,*,*,*,*
53381555,1,,53381500;53381554,11,9,2,7,6,1,0,0,0,4,3,1,2,2,0,2,0,2,0,0,0,0,0,0,0,0,0,0,0,0,0,0,0,0,0,0,0,0,0,0,0,0,0,0,0,0,0,0,29,19,10,2,2,0,15,8,7,7,5,2,5,4,1,0,0,0,0,0,0,8,5,3,4,3,1,12,8,4,5,3,2,0,0,12,8,15,15,0,0,0,0,11,0,0
53381557,0,,,34,18,16,4,4,0,1,1,0,13,3,10,3,2,1,0,0,0,0,0,0,0,0,0,0,0,0,0,0,0,0,0,0,2,0,2,0,0,0,1,0,1,0,0,0,1,0,1,75,36,39,1,0,1,22,7,15,18,4,14,34,25,9,0,0,0,5,2,3,10,5,5,8,3,5,32,14,18,22,12,10,2,0,23,27,38,37,1,1,1,0,28,0,0
53381558,0,,,19,9,10,10,6,4,0,0,0,4,0,4,4,4,0,4,1,3,3,2,1,0,0,0,0,0,0,1,1,0,2,1,1,3,1,2,3,1,2,0,0,0,0,0,0,0,0,0,53,26,27,4,2,2,20,8,12,10,2,8,19,14,5,2,1,1,2,1,1,17,8,9,17,9,8,15,8,7,6,2,4,1,0,15,13,27,27,0,0,0,1,20,0,0
53381565,1,,53381566,9,5,4,4,2,2,1,0,1,2,2,0,2,2,0,0,0,0,1,1,0,0,0,0,1,1,0,0,0,0,0,0,0,4,1,3,2,0,2,2,1,1,0,0,0,0,0,0,16,9,7,1,0,1,5,2,3,4,3,1,6,4,2,4,2,2,0,0,0,0,0,0,0,0,0,9,5,4,8,4,4,0,1,5,2,13,11,2,1,0,1,9,0,0
53381566,2,53381565,,*,*,*,*,*,*,*,*,*,*,*,*,*,*,*,*,*,*,*,*,*,*,*,*,*,*,*,*,*,*,*,*,*,*,*,*,*,*,*,*,*,*,*,*,*,*,*,*,*,*,*,*,*,*,*,*,*,*,*,*,*,*,*,*,*,*,*,*,*,*,*,*,*,*,*,*,*,*,*,*,*,*,*,*,*,*,*,*,*,*,*,*,*,*
53381567,0,,,22,14,8,11,8,3,0,0,0,10,5,5,4,2,2,1,0,1,2,1,1,0,0,0,2,1,1,0,0,0,0,0,0,3,1,2,2,0,2,1,1,0,0,0,0,0,0,0,40,23,17,6,3,3,25,16,9,5,1,4,4,3,1,2,0,2,2,2,0,2,1,1,3,1,2,19,11,8,17,10,7,0,1,16,2,28,27,1,0,0,0,21,0,0
53381573,0,,,4,4,0,0,0,0,0,0,0,4,4,0,0,0,0,0,0,0,0,0,0,0,0,0,0,0,0,0,0,0,0,0,0,0,0,0,0,0,0,0,0,0,0,0,0,0,0,0,4,4,0,4,4,0,0,0,0,0,0,0,0,0,0,0,0,0,0,0,0,0,0,0,0,0,0,1,1,0,3,3,0,0,0,4,0,4,4,0,4,0,0,0,0,0
53381574,0,,,28,11,17,10,3,7,1,1,0,9,3,6,8,8,0,1,0,1,0,0,0,0,0,0,0,0,0,0,0,0,0,0,0,5,1,4,4,1,3,0,0,0,0,0,0,1,0,1,69,32,37,3,1,2,28,9,19,11,6,5,27,16,11,2,0,2,3,1,2,6,3,3,17,8,9,22,11,11,24,10,14,1,0,18,19,37,37,0,3,0,0,14,0,0
53381575,0,,,106,48,58,54,33,21,0,0,0,45,10,35,32,27,5,14,5,9,7,5,2,0,0,0,4,3,1,0,0,0,3,2,1,25,12,13,14,7,7,5,2,3,0,0,0,6,3,3,261,133,128,52,24,28,132,69,63,36,11,25,35,25,10,81,56,25,6,3,3,38,16,22,23,15,8,33,12,21,112,48,64,6,0,75,41,163,153,10,7,5,1,113,0,4
53381576,0,,,305,151,154,173,108,65,5,5,0,106,22,84,50,43,7,27,4,23,25,18,7,0,0,0,15,10,5,1,1,0,9,7,2,88,49,39,50,25,25,22,15,7,2,2,0,14,7,7,558,273,285,107,47,60,274,125,149,83,33,50,94,68,26,201,137,64,10,5,5,32,14,18,47,25,22,88,36,52,293,123,170,12,20,164,39,419,383,36,16,6,5,288,1,11
53381577,0,,,142,74,68,80,52,28,3,2,1,50,13,37,16,12,4,3,1,2,24,13,11,2,1,1,15,8,7,0,0,0,7,4,3,48,24,24,37,19,18,7,3,4,1,1,0,3,1,2,266,114,152,64,17,47,121,58,63,34,10,24,44,28,16,59,29,30,19,3,16,58,18,40,48,23,25,59,32,27,95,46,49,2,4,77,18,174,161,13,6,0,1,137,0,7
53381578,0,,,30,16,14,15,10,5,2,0,2,11,4,7,3,3,0,1,0,1,2,0,2,0,0,0,1,0,1,0,0,0,1,0,1,4,3,1,3,2,1,0,0,0,0,0,0,1,1,0,49,24,25,7,2,5,27,14,13,10,5,5,5,3,2,6,3,3,7,4,3,1,1,0,4,2,2,9,4,5,28,13,15,0,0,21,2,34,34,0,0,1,0,28,0,0
53381579,0,,,87,34,53,43,23,20,4,2,2,34,6,28,8,6,2,6,2,4,16,5,11,0,0,0,10,2,8,1,0,1,5,3,2,35,19,16,25,11,14,6,4,2,0,0,0,4,4,0,170,68,102,19,7,12,86,29,57,17,10,7,22,13,9,11,2,9,24,13,11,43,11,32,32,15,17,37,18,19,30,14,16,1,0,63,45,106,101,5,6,4,0,81,3,6
53381583,1,,53381592,11,4,7,8,4,4,0,0,0,3,0,3,2,2,0,2,0,2,0,0,0,0,0,0,0,0,0,0,0,0,0,0,0,5,1,4,4,1,3,0,0,0,0,0,0,1,0,1,35,14,21,12,5,7,16,7,9,5,1,4,2,1,1,12,7,5,2,1,1,2,1,1,0,0,0,2,0,2,22,6,16,1,0,9,5,16,15,1,2,1,1,11,0,1
53381584,0,,,62,32,30,31,25,6,0,0,0,31,7,24,14,13,1,9,1,8,1,0,1,0,0,0,1,0,1,0,0,0,0,0,0,18,5,13,14,2,12,3,2,1,1,1,0,0,0,0,127,63,64,23,11,12,65,34,31,24,8,16,15,10,5,31,21,10,1,1,0,12,6,6,5,2,3,15,3,12,82,35,47,0,4,35,10,90,86,4,0,1,2,68,0,3
53381585,0,,,32,16,16,15,10,5,0,0,0,13,3,10,8,8,0,1,0,1,0,0,0,0,0,0,0,0,0,0,0,0,0,0,0,6,3,3,3,1,2,2,2,0,0,0,0,1,0,1,68,34,34,25,12,13,28,13,15,8,3,5,7,6,1,26,19,7,1,0,1,3,2,1,5,2,3,7,4,3,32,10,22,5,3,13,10,44,41,3,4,0,0,34,1,1
53381586,0,,,98,49,49,60,41,19,2,1,1,32,4,28,13,13,0,6,1,5,8,5,3,0,0,0,6,4,2,0,0,0,2,1,1,28,11,17,15,9,6,8,1,7,1,0,1,4,1,3,164,81,83,32,15,17,84,40,44,22,6,16,23,18,5,51,31,20,1,1,0,32,16,16,5,2,3,28,10,18,83,37,46,3,7,48,10,130,117,13,4,1,1,105,0,4
53381587,0,,,171,92,79,103,70,33,1,0,1,51,11,40,28,25,3,17,5,12,18,9,9,0,0,0,13,6,7,0,0,0,5,3,2,54,24,30,38,19,19,10,3,7,3,1,2,3,1,2,305,145,160,54,20,34,136,71,65,59,24,35,45,27,18,119,74,45,4,2,2,39,19,20,18,10,8,45,20,25,141,50,91,9,11,86,14,231,216,15,7,4,3,161,1,10
53381588,0,,,283,145,138,174,113,61,2,1,1,98,23,75,34,27,7,10,1,9,45,25,20,0,0,0,33,19,14,1,1,0,11,5,6,121,52,69,84,34,50,25,14,11,2,1,1,10,3,7,471,217,254,84,26,58,227,113,114,69,26,43,80,48,32,130,72,58,64,19,45,52,30,22,76,36,40,107,42,65,189,88,101,4,5,174,27,367,327,40,11,8,4,292,1,11
53381589,0,,,76,36,40,43,27,16,0,0,0,23,2,21,9,7,2,6,2,4,16,8,8,0,0,0,8,5,3,2,0,2,6,3,3,22,8,14,14,5,9,5,2,3,0,0,0,3,1,2,130,62,68,13,5,8,63,34,29,16,3,13,24,12,12,21,9,12,4,2,2,27,14,13,26,9,17,33,15,18,38,19,19,0,0,46,17,98,91,7,1,1,0,73,1,2
53381592,2,53381583,,*,*,*,*,*,*,*,*,*,*,*,*,*,*,*,*,*,*,*,*,*,*,*,*,*,*,*,*,*,*,*,*,*,*,*,*,*,*,*,*,*,*,*,*,*,*,*,*,*,*,*,*,*,*,*,*,*,*,*,*,*,*,*,*,*,*,*,*,*,*,*,*,*,*,*,*,*,*,*,*,*,*,*,*,*,*,*,*,*,*,*,*,*,*
53381594,0,,,23,13,10,11,8,3,0,0,0,9,3,6,3,3,0,1,0,1,3,1,2,0,0,0,3,1,2,0,0,0,0,0,0,4,3,1,4,3,1,0,0,0,0,0,0,0,0,0,44,23,21,8,3,5,23,11,12,5,2,3,8,7,1,17,12,5,0,0,0,0,0,0,2,0,2,7,4,3,25,11,14,0,0,12,3,30,30,0,0,0,0,30,0,0
53381598,0,,,171,85,86,104,62,42,1,1,0,58,16,42,23,19,4,4,1,3,20,10,10,0,0,0,8,4,4,2,0,2,10,6,4,50,26,24,32,19,13,15,6,9,0,0,0,3,1,2,314,155,159,38,13,25,136,66,70,52,14,38,83,59,24,54,34,20,25,14,11,57,27,30,41,20,21,78,33,45,121,58,63,3,2,120,37,220,198,22,8,2,2,171,2,16
53381599,0,,,1049,584,465,670,474,196,13,3,10,316,67,249,105,77,28,30,9,21,220,110,110,19,9,10,113,56,57,15,9,6,73,36,37,372,195,177,243,134,109,72,33,39,7,2,5,50,26,24,1629,814,815,162,58,104,709,375,334,279,83,196,428,273,155,297,158,139,172,78,94,583,309,274,315,149,166,329,166,163,458,227,231,3,6,666,148,1309,1188,121,25,22,11,1107,9,55
53381607,0,,,127,66,61,82,52,30,1,0,1,32,4,28,18,14,4,14,4,10,19,14,5,0,0,0,12,9,3,0,0,0,7,5,2,31,19,12,18,11,7,7,5,2,2,1,1,4,2,2,237,112,125,33,11,22,118,61,57,38,11,27,48,29,19,98,69,29,18,9,9,12,5,7,24,11,13,36,17,19,99,34,65,1,0,77,14,171,159,12,7,2,0,116,0,6
53381608,0,,,132,77,55,84,66,18,1,0,1,39,4,35,19,16,3,13,1,12,16,10,6,0,0,0,10,7,3,0,0,0,6,3,3,33,11,22,21,7,14,7,2,5,1,1,0,4,1,3,215,111,104,23,9,14,108,56,52,35,12,23,47,32,15,84,49,35,12,8,4,26,13,13,20,9,11,31,19,12,89,32,57,0,1,86,11,175,164,11,7,2,2,115,1,4
53381617,0,,,346,200,146,213,145,68,5,5,0,85,20,65,48,35,13,26,9,17,40,17,23,2,1,1,21,7,14,0,0,0,17,9,8,84,34,50,44,18,26,26,12,14,3,1,2,11,3,8,634,319,315,92,32,60,302,155,147,96,24,72,129,99,30,200,132,68,28,21,7,54,24,30,56,23,33,58,22,36,353,143,210,0,6,206,47,460,422,38,33,6,3,302,2,13
53381618,0,,,44,28,16,29,19,10,0,0,0,10,5,5,5,5,0,6,1,5,9,3,6,0,0,0,7,1,6,0,0,0,2,2,0,13,10,3,11,8,3,2,2,0,0,0,0,0,0,0,93,46,47,6,1,5,42,21,21,18,4,14,19,14,5,35,25,10,4,2,2,15,9,6,12,4,8,12,6,6,28,6,22,1,0,31,13,57,55,2,1,1,0,35,0,4
53381619,0,,,57,33,24,27,18,9,1,0,1,19,8,11,12,10,2,5,1,4,0,0,0,0,0,0,0,0,0,0,0,0,0,0,0,14,7,7,7,3,4,6,3,3,0,0,0,1,1,0,165,82,83,21,9,12,65,33,32,30,8,22,37,26,11,38,28,10,7,4,3,19,10,9,29,16,13,27,10,17,49,16,33,0,1,41,47,80,74,6,3,3,1,56,0,4
53381627,0,,,126,65,61,66,47,19,4,2,2,45,9,36,23,20,3,14,1,13,10,6,4,0,0,0,7,5,2,0,0,0,3,1,2,61,33,28,39,22,17,11,7,4,1,1,0,10,3,7,240,118,122,46,19,27,120,62,58,33,11,22,27,19,8,76,53,23,0,0,0,18,7,11,34,19,15,48,22,26,121,50,71,0,1,76,19,186,163,23,7,5,4,137,1,4
53381628,0,,,6,4,2,4,3,1,0,0,0,0,0,0,0,0,0,0,0,0,0,0,0,0,0,0,0,0,0,0,0,0,0,0,0,0,0,0,0,0,0,0,0,0,0,0,0,0,0,0,13,6,7,2,1,1,3,1,2,3,0,3,3,3,0,3,1,2,1,0,1,1,0,1,1,1,0,1,1,0,4,2,2,0,0,4,5,6,6,0,0,0,0,5,0,0
53381635,0,,,34,18,16,25,14,11,0,0,0,4,0,4,1,1,0,1,1,0,4,0,4,1,0,1,1,0,1,2,0,2,0,0,0,18,8,10,11,5,6,5,3,2,0,0,0,2,0,2,44,23,21,3,0,3,26,14,12,5,3,2,10,6,4,7,3,4,4,2,2,7,3,4,12,5,7,27,15,12,9,3,6,0,0,17,3,44,39,5,4,0,0,19,1,2
53381636,0,,,315,231,84,245,221,24,1,0,1,62,4,58,6,0,6,2,0,2,105,62,43,30,15,15,10,7,3,23,14,9,42,26,16,137,73,64,106,58,48,23,12,11,0,0,0,8,3,5,460,235,225,11,2,9,81,28,53,83,28,55,280,175,105,91,54,37,49,23,26,307,160,147,72,37,35,120,61,59,57,32,25,0,0,227,4,359,324,35,222,4,5,112,1,5
53381637,0,,,1085,1003,82,1033,981,52,2,2,0,38,9,29,8,5,3,3,0,3,46,20,26,6,3,3,11,4,7,6,2,4,23,11,12,60,35,25,46,27,19,7,3,4,1,1,0,6,4,2,1166,1007,159,7,4,3,135,103,32,140,102,38,882,797,85,68,38,30,179,156,23,622,559,63,181,147,34,131,100,31,91,62,29,1,0,1041,1,1107,1096,11,963,6,3,50,0,7
53381638,0,,,67,37,30,40,24,16,0,0,0,18,5,13,7,5,2,1,1,0,6,5,1,0,0,0,5,4,1,0,0,0,1,1,0,17,7,10,10,4,6,4,1,3,0,0,0,3,2,1,186,79,107,81,25,56,63,33,30,16,2,14,25,18,7,16,10,6,25,11,14,67,24,43,29,14,15,26,12,14,46,20,26,0,1,34,5,82,77,5,5,0,1,62,1,0
53381639,0,,,40,21,19,26,16,10,2,1,1,10,3,7,3,3,0,1,0,1,3,1,2,0,0,0,3,1,2,0,0,0,0,0,0,13,5,8,11,3,8,1,1,0,1,1,0,0,0,0,62,30,32,10,5,5,29,15,14,11,4,7,8,4,4,14,6,8,0,0,0,1,0,1,2,1,1,33,15,18,24,12,12,1,2,16,5,47,44,3,2,0,0,38,0,1
53381644,2,53381654,,*,*,*,*,*,*,*,*,*,*,*,*,*,*,*,*,*,*,*,*,*,*,*,*,*,*,*,*,*,*,*,*,*,*,*,*,*,*,*,*,*,*,*,*,*,*,*,*,*,*,*,*,*,*,*,*,*,*,*,*,*,*,*,*,*,*,*,*,*,*,*,*,*,*,*,*,*,*,*,*,*,*,*,*,*,*,*,*,*,*,*,*,*,*
53381645,0,,,85,51,34,48,32,16,3,2,1,22,8,14,14,11,3,11,2,9,6,3,3,0,0,0,6,3,3,0,0,0,0,0,0,24,9,15,17,6,11,6,2,4,0,0,0,1,1,0,186,95,91,30,16,14,99,48,51,19,7,12,32,21,11,42,24,18,7,4,3,27,11,16,29,17,12,36,14,22,68,34,34,0,0,58,23,117,110,7,10,4,2,69,1,3
53381646,0,,,664,481,183,552,455,97,6,3,3,89,10,79,47,35,12,20,5,15,73,39,34,6,3,3,23,12,11,11,7,4,33,17,16,100,55,45,67,41,26,21,8,13,4,1,3,8,5,3,900,584,316,79,32,47,521,369,152,99,48,51,169,118,51,187,124,63,97,78,19,294,225,69,128,86,42,122,63,59,196,78,118,1,2,219,30,771,738,33,353,4,8,325,3,10
53381647,0,,,702,432,270,511,391,120,11,2,9,157,18,139,55,34,21,17,4,13,165,88,77,26,13,13,41,21,20,17,12,5,81,42,39,243,118,125,182,89,93,40,20,20,3,0,3,18,9,9,1080,524,556,85,40,45,379,170,209,175,49,126,391,242,149,267,152,115,113,48,65,303,144,159,230,108,122,213,109,104,294,135,159,2,8,448,46,831,776,55,190,15,12,520,2,19
53381648,0,,,609,336,273,325,228,97,13,7,6,199,47,152,83,69,14,32,12,20,65,38,27,9,7,2,30,16,14,5,4,1,21,11,10,131,62,69,82,34,48,29,17,12,4,1,3,16,10,6,1064,536,528,216,82,134,544,300,244,140,52,88,115,78,37,454,313,141,24,11,13,78,36,42,55,20,35,94,38,56,518,196,322,2,9,297,53,781,735,46,42,12,10,550,3,14
53381649,0,,,197,102,95,115,80,35,4,0,4,67,14,53,25,21,4,8,1,7,19,11,8,0,0,0,8,4,4,4,0,4,7,7,0,70,36,34,48,26,22,14,6,8,3,0,3,5,4,1,319,157,162,57,25,32,174,85,89,39,13,26,34,27,7,108,69,39,18,10,8,33,15,18,25,11,14,49,24,25,161,68,93,0,3,101,17,253,231,22,10,2,9,188,2,4
53381651,0,,,26,16,10,14,10,4,1,0,1,10,5,5,1,1,0,0,0,0,1,0,1,1,0,1,0,0,0,0,0,0,0,0,0,3,2,1,2,2,0,1,0,1,0,0,0,0,0,0,31,18,13,4,1,3,19,12,7,1,1,0,7,4,3,0,0,0,1,0,1,10,6,4,8,4,4,13,9,4,3,1,2,0,0,12,2,28,27,1,0,0,0,27,0,0
53381652,2,53381663,,*,*,*,*,*,*,*,*,*,*,*,*,*,*,*,*,*,*,*,*,*,*,*,*,*,*,*,*,*,*,*,*,*,*,*,*,*,*,*,*,*,*,*,*,*,*,*,*,*,*,*,*,*,*,*,*,*,*,*,*,*,*,*,*,*,*,*,*,*,*,*,*,*,*,*,*,*,*,*,*,*,*,*,*,*,*,*,*,*,*,*,*,*,*
53381653,0,,,32,14,18,18,12,6,0,0,0,13,1,12,9,9,0,4,0,4,2,0,2,0,0,0,2,0,2,0,0,0,0,0,0,15,7,8,12,5,7,3,2,1,0,0,0,0,0,0,68,33,35,19,11,8,31,14,17,10,3,7,5,3,2,8,0,8,0,0,0,4,3,1,6,3,3,21,10,11,45,23,22,0,0,22,9,49,45,4,3,0,0,32,0,0
53381654,1,,53381644,400,204,196,227,150,77,9,3,6,133,25,108,41,36,5,16,5,11,108,53,55,4,1,3,31,18,13,3,2,1,70,32,38,123,61,62,72,37,35,31,14,17,7,3,4,13,7,6,811,393,418,141,52,89,377,189,188,95,36,59,86,54,32,124,74,50,51,29,22,114,54,60,92,39,53,237,109,128,310,139,171,2,2,252,139,499,457,42,45,10,3,368,1,13
53381655,0,,,28,11,17,13,7,6,1,0,1,9,1,8,3,3,0,1,0,1,4,2,2,0,0,0,2,1,1,1,0,1,1,1,0,10,5,5,9,4,5,0,0,0,1,1,0,0,0,0,63,28,35,5,0,5,36,16,20,10,4,6,11,7,4,12,6,6,9,4,5,5,2,3,16,8,8,15,8,7,20,7,13,0,0,21,17,32,32,0,2,3,2,24,0,0
53381656,0,,,299,159,140,172,114,58,5,2,3,88,20,68,54,46,8,35,10,25,40,18,22,6,3,3,26,12,14,1,0,1,7,3,4,90,37,53,65,24,41,14,7,7,3,1,2,8,5,3,562,270,292,101,36,65,276,136,140,75,23,52,99,70,29,257,166,91,11,6,5,29,16,13,44,17,27,79,31,48,266,86,180,4,8,150,32,418,388,30,32,5,2,273,1,9
53381657,1,,53381667;53381668,202,96,106,135,81,54,2,0,2,57,9,48,30,24,6,2,0,2,24,13,11,3,1,2,13,8,5,3,2,1,5,2,3,65,41,24,47,30,17,10,8,2,2,1,1,6,2,4,341,159,182,73,33,40,168,72,96,40,16,24,44,30,14,119,80,39,17,10,7,38,14,24,34,16,18,43,25,18,165,60,105,3,6,109,22,255,236,19,7,7,2,194,1,9
53381658,0,,,392,208,184,227,152,75,7,4,3,130,32,98,72,60,12,32,11,21,59,37,22,3,1,2,23,17,6,8,6,2,25,13,12,120,58,62,83,39,44,26,15,11,3,0,3,8,4,4,763,377,386,151,67,84,392,200,192,81,35,46,80,48,32,292,190,102,14,10,4,78,42,36,73,38,35,103,38,65,311,119,192,4,7,224,39,545,507,38,29,5,10,403,5,15
53381659,0,,,120,68,52,63,48,15,4,3,1,47,11,36,8,7,1,3,1,2,15,9,6,0,0,0,6,4,2,3,1,2,6,4,2,44,25,19,27,14,13,14,10,4,0,0,0,3,1,2,189,100,89,25,10,15,92,51,41,31,10,21,26,22,4,52,37,15,4,1,3,32,14,18,25,12,13,34,18,16,82,42,40,1,0,67,15,152,136,16,7,1,2,116,3,3
53381660,2,53381670,,*,*,*,*,*,*,*,*,*,*,*,*,*,*,*,*,*,*,*,*,*,*,*,*,*,*,*,*,*,*,*,*,*,*,*,*,*,*,*,*,*,*,*,*,*,*,*,*,*,*,*,*,*,*,*,*,*,*,*,*,*,*,*,*,*,*,*,*,*,*,*,*,*,*,*,*,*,*,*,*,*,*,*,*,*,*,*,*,*,*,*,*,*,*
53381661,0,,,17,10,7,10,7,3,0,0,0,5,1,4,4,3,1,0,0,0,2,1,1,0,0,0,2,1,1,0,0,0,0,0,0,7,5,2,4,2,2,1,1,0,0,0,0,2,2,0,25,13,12,0,0,0,19,8,11,1,1,0,5,4,1,2,1,1,6,4,2,6,2,4,6,4,2,7,4,3,7,4,3,0,0,13,0,24,21,3,3,0,0,21,0,0
53381662,0,,,500,249,251,264,179,85,4,1,3,205,48,157,38,29,9,14,3,11,41,22,19,5,2,3,22,9,13,2,2,0,12,9,3,665,235,430,74,34,40,37,21,16,3,3,0,551,177,374,963,413,550,115,40,75,407,189,218,80,18,62,142,97,45,96,44,52,603,195,408,162,58,104,156,71,85,172,77,95,398,181,217,1,1,282,145,1115,558,557,582,7,3,456,2,14
53381663,1,,53381652,751,403,348,438,295,143,21,10,11,244,63,181,101,77,24,35,5,30,94,51,43,16,10,6,43,23,20,3,1,2,32,17,15,209,120,89,142,77,65,43,31,12,8,5,3,16,7,9,1539,709,830,349,114,235,731,372,359,195,69,126,188,117,71,347,239,108,155,54,101,249,117,132,155,79,76,220,104,116,658,258,400,1,14,468,237,966,892,74,59,20,10,726,7,35
53381664,0,,,663,350,313,414,281,133,12,5,7,185,30,155,61,45,16,28,6,22,103,50,53,13,7,6,41,18,23,5,3,2,44,22,22,182,87,95,126,54,72,43,29,14,8,3,5,5,1,4,1120,537,583,148,56,92,540,270,270,179,54,125,206,134,72,225,125,100,119,59,60,230,113,117,181,81,100,195,94,101,400,176,224,6,8,419,147,816,758,58,71,14,5,623,4,21
53381665,0,,,249,126,123,125,86,39,12,3,9,91,19,72,30,23,7,11,3,8,16,11,5,3,1,2,6,3,3,1,1,0,6,6,0,65,25,40,36,14,22,18,6,12,2,1,1,9,4,5,458,221,237,78,35,43,252,123,129,44,9,35,50,38,12,61,29,32,16,5,11,48,16,32,59,29,30,95,45,50,258,132,126,2,2,160,87,327,299,28,26,4,2,243,0,5
53381667,2,53381657,,*,*,*,*,*,*,*,*,*,*,*,*,*,*,*,*,*,*,*,*,*,*,*,*,*,*,*,*,*,*,*,*,*,*,*,*,*,*,*,*,*,*,*,*,*,*,*,*,*,*,*,*,*,*,*,*,*,*,*,*,*,*,*,*,*,*,*,*,*,*,*,*,*,*,*,*,*,*,*,*,*,*,*,*,*,*,*,*,*,*,*,*,*,*
53381668,2,53381657,,*,*,*,*,*,*,*,*,*,*,*,*,*,*,*,*,*,*,*,*,*,*,*,*,*,*,*,*,*,*,*,*,*,*,*,*,*,*,*,*,*,*,*,*,*,*,*,*,*,*,*,*,*,*,*,*,*,*,*,*,*,*,*,*,*,*,*,*,*,*,*,*,*,*,*,*,*,*,*,*,*,*,*,*,*,*,*,*,*,*,*,*,*,*
53381670,1,,53381660,168,81,87,104,64,40,3,2,1,47,5,42,16,11,5,4,1,3,31,12,19,3,2,1,10,5,5,1,1,0,17,4,13,58,26,32,40,18,22,11,4,7,2,0,2,5,4,1,272,134,138,16,10,6,117,54,63,48,21,27,52,26,26,41,20,21,26,13,13,77,32,45,49,21,28,85,42,43,35,17,18,0,0,125,49,206,188,18,6,2,3,168,3,8
53381672,0,,,958,531,427,573,402,171,18,7,11,290,65,225,90,67,23,32,9,23,143,69,74,23,8,15,54,27,27,10,5,5,56,29,27,250,134,116,169,91,78,47,26,21,8,3,5,26,14,12,1841,903,938,205,90,115,833,414,419,212,73,139,310,199,111,242,125,117,134,66,68,371,179,192,260,122,138,364,197,167,644,313,331,1,7,612,438,1165,1094,71,50,16,3,905,6,22
53381673,0,,,1473,804,669,885,602,283,24,10,14,454,109,345,188,138,50,72,17,55,163,79,84,30,16,14,68,28,40,2,1,1,63,34,29,351,176,175,209,101,108,105,53,52,7,2,5,30,20,10,2846,1380,1466,401,144,257,1312,639,673,401,122,279,591,398,193,520,325,195,227,117,110,429,212,217,327,155,172,472,226,246,1248,523,725,1,4,1034,537,1886,1750,136,148,53,28,1315,22,59
53381674,0,,,1212,672,540,732,497,235,24,20,4,352,82,270,131,103,28,48,13,35,144,76,68,28,16,12,55,30,25,4,3,1,57,27,30,356,185,171,236,131,105,78,34,44,12,4,8,30,16,14,2145,1065,1080,332,139,193,1040,527,513,324,117,207,324,221,103,356,219,137,120,64,56,407,207,200,311,148,163,454,218,236,868,408,460,3,7,806,305,1520,1400,120,110,32,13,1084,12,55
53381675,0,,,592,309,283,337,217,120,11,6,5,205,55,150,47,43,4,18,7,11,42,25,17,6,2,4,15,9,6,3,3,0,18,11,7,173,87,86,107,53,54,47,21,26,3,2,1,16,11,5,1035,514,521,233,102,131,540,288,252,129,39,90,96,65,31,237,148,89,34,21,13,110,52,58,128,60,68,153,68,85,585,275,310,2,1,342,99,732,663,69,28,12,7,580,2,31
53381676,0,,,8,4,4,3,2,1,0,0,0,2,0,2,1,1,0,0,0,0,0,0,0,0,0,0,0,0,0,0,0,0,0,0,0,2,2,0,0,0,0,1,1,0,0,0,0,1,1,0,9,5,4,2,2,0,6,3,3,1,0,1,0,0,0,0,0,0,0,0,0,0,0,0,0,0,0,7,5,2,4,2,2,0,0,4,1,11,9,2,3,2,0,6,1,1
53381680,0,,,1087,636,451,733,511,222,18,13,5,271,62,209,95,74,21,50,12,38,174,88,86,8,3,5,85,39,46,12,6,6,69,40,29,390,194,196,258,126,132,69,32,37,7,4,3,56,32,24,1633,855,778,122,56,66,721,377,344,287,96,191,390,263,127,242,122,120,122,74,48,469,250,219,354,181,173,484,237,247,376,188,188,3,7,758,221,1349,1234,115,50,24,14,1044,6,67
53381681,0,,,446,239,207,252,164,88,12,5,7,146,43,103,49,39,10,21,4,17,56,24,32,4,4,0,28,9,19,2,1,1,22,10,12,187,101,86,75,41,34,43,21,22,3,1,2,66,38,28,794,392,402,148,63,85,359,177,182,122,43,79,145,98,47,103,58,45,64,32,32,204,107,97,108,49,59,261,128,133,272,128,144,1,2,311,121,607,516,91,50,6,7,426,3,23
53381682,0,,,902,505,397,587,408,179,18,7,11,240,48,192,124,92,32,46,8,38,82,43,39,8,5,3,34,16,18,4,3,1,36,19,17,208,109,99,130,69,61,52,27,25,11,3,8,15,10,5,1638,815,823,236,97,139,702,356,346,259,95,164,314,204,110,212,120,92,157,77,80,319,173,146,213,111,102,266,128,138,638,293,345,2,2,682,291,1162,1083,79,116,28,10,793,12,39
53381683,0,,,1626,859,767,988,638,350,27,10,17,493,122,371,192,150,42,74,14,60,166,83,83,29,16,13,67,36,31,11,7,4,59,24,35,393,205,188,233,135,98,100,43,57,17,4,13,43,23,20,3112,1499,1613,524,211,313,1424,699,725,379,102,277,535,367,168,582,384,198,157,72,85,446,221,225,386,183,203,496,227,269,1443,625,818,7,8,1051,571,2051,1899,152,154,38,21,1479,11,61
53381684,0,,,1189,623,566,699,454,245,20,11,9,355,71,284,184,149,35,103,15,88,110,63,47,20,10,10,49,32,17,1,0,1,40,21,19,323,156,167,202,98,104,73,34,39,10,4,6,38,20,18,2436,1150,1286,365,137,228,1212,562,650,302,84,218,434,301,133,663,418,245,81,40,41,300,141,159,228,109,119,387,179,208,1170,464,706,4,6,764,294,1613,1485,128,165,38,17,1027,8,23
53381685,0,,,1186,628,558,696,449,247,27,16,11,381,101,280,161,123,38,58,17,41,107,50,57,16,8,8,55,28,27,2,0,2,34,14,20,281,127,154,173,74,99,64,31,33,9,1,8,35,21,14,2237,1092,1145,503,176,327,1140,595,545,266,101,165,256,182,74,736,488,248,64,29,35,216,111,105,174,72,102,275,111,164,1118,435,683,7,2,703,192,1518,1413,105,72,26,14,1124,7,41
53381686,0,,,79,41,38,43,30,13,1,1,0,30,6,24,8,7,1,2,1,1,9,6,3,0,0,0,4,1,3,0,0,0,5,5,0,23,12,11,12,8,4,5,2,3,1,1,0,5,1,4,127,62,65,22,9,13,65,34,31,25,7,18,10,9,1,24,19,5,5,2,3,13,6,7,14,5,9,31,15,16,72,33,39,0,0,43,8,99,90,9,2,3,0,75,1,4
53381690,0,,,1396,775,621,851,584,267,16,8,8,417,103,314,117,84,33,59,13,46,162,64,98,9,5,4,78,28,50,6,2,4,69,29,40,429,233,196,249,137,112,94,49,45,10,5,5,76,42,34,2305,1131,1174,258,98,160,1017,497,520,378,120,258,556,369,187,385,192,193,159,82,77,441,227,214,391,192,199,522,253,269,863,413,450,5,11,923,315,1728,1575,153,79,42,17,1280,14,86
53381691,0,,,1456,775,681,848,564,284,22,11,11,478,119,359,143,110,33,64,15,49,178,82,96,10,6,4,84,32,52,7,4,3,77,40,37,400,211,189,227,119,108,78,42,36,6,3,3,89,47,42,2565,1227,1338,413,145,268,1174,555,619,393,151,242,514,340,174,533,312,221,192,85,107,549,268,281,334,170,164,406,192,214,1049,455,594,9,12,969,318,1817,1670,147,111,64,18,1350,11,70
53381692,0,,,504,255,249,275,171,104,12,6,6,182,50,132,42,31,11,10,2,8,50,26,24,2,2,0,27,14,13,4,3,1,17,7,10,90,46,44,57,30,27,21,11,10,3,1,2,9,4,5,874,413,461,126,45,81,452,215,237,145,47,98,118,88,30,115,63,52,52,24,28,146,60,86,126,63,63,130,61,69,427,205,222,2,7,322,111,594,559,35,47,14,6,434,3,18
53381693,0,,,1404,770,634,795,517,278,29,16,13,495,172,323,196,154,42,73,15,58,183,95,88,24,10,14,73,36,37,7,5,2,79,44,35,352,190,162,221,116,105,81,47,34,9,3,6,41,24,17,2936,1443,1493,488,174,314,1371,719,652,354,112,242,403,275,128,623,412,211,131,64,67,419,229,190,274,115,159,403,194,209,1261,520,741,9,9,955,518,1806,1693,113,144,39,12,1304,14,44
53381694,0,,,1578,840,738,911,602,309,29,19,10,522,140,382,238,181,57,91,13,78,123,56,67,19,7,12,64,31,33,3,2,1,37,16,21,420,215,205,258,136,122,117,57,60,15,9,6,30,13,17,3231,1552,1679,623,250,373,1533,769,764,368,120,248,486,333,153,918,647,271,158,74,84,391,194,197,325,156,169,460,202,258,1489,531,958,3,13,1039,422,2089,1923,166,173,70,15,1404,12,57
53381695,0,,,1007,543,464,608,402,206,27,12,15,305,73,232,106,82,24,41,8,33,92,42,50,12,7,5,49,22,27,0,0,0,31,13,18,293,162,131,182,101,81,72,41,31,8,2,6,31,18,13,1833,900,933,394,129,265,877,472,405,216,76,140,247,172,75,499,309,190,71,36,35,211,119,92,176,82,94,295,135,160,855,365,490,6,3,592,189,1282,1169,113,59,36,11,938,9,47
53381696,0,,,1112,601,511,660,465,195,18,11,7,391,92,299,132,101,31,52,12,40,114,58,56,25,11,14,42,23,19,1,0,1,46,24,22,282,133,149,172,77,95,72,35,37,13,5,8,25,16,9,2083,1009,1074,549,206,343,1039,551,488,207,60,147,214,155,59,704,489,215,69,29,40,207,89,118,145,64,81,299,134,165,989,366,623,7,6,661,163,1414,1313,101,44,23,16,1094,7,37
53381697,0,,,38,18,20,21,14,7,0,0,0,17,4,13,10,10,0,6,1,5,4,2,2,1,0,1,1,1,0,1,1,0,1,0,1,14,5,9,6,4,2,6,1,5,0,0,0,2,0,2,78,36,42,23,8,15,37,20,17,9,3,6,8,5,3,28,16,12,0,0,0,6,3,3,1,0,1,11,4,7,50,20,30,0,0,28,8,61,54,7,2,4,0,45,0,2
53381700,0,,,5,3,2,3,3,0,0,0,0,2,0,2,4,4,0,4,0,4,0,0,0,0,0,0,0,0,0,0,0,0,0,0,0,3,2,1,1,0,1,1,1,0,1,1,0,0,0,0,23,12,11,0,0,0,14,5,9,2,2,0,7,5,2,5,4,1,1,0,1,1,1,0,1,1,0,7,3,4,11,5,6,0,0,7,5,15,13,2,0,1,0,6,0,0
53381701,0,,,8,4,4,4,3,1,0,0,0,2,0,2,2,1,1,0,0,0,0,0,0,0,0,0,0,0,0,0,0,0,0,0,0,0,0,0,0,0,0,0,0,0,0,0,0,0,0,0,22,11,11,0,0,0,8,4,4,4,2,2,10,5,5,0,0,0,0,0,0,3,2,1,7,5,2,3,0,3,9,4,5,0,0,8,8,10,10,0,1,0,0,6,0,0
53381702,0,,,94,50,44,57,34,23,2,1,1,22,6,16,37,26,11,22,3,19,9,5,4,0,0,0,7,4,3,0,0,0,2,1,1,33,16,17,20,10,10,7,3,4,1,1,0,5,2,3,230,109,121,26,13,13,103,44,59,43,14,29,39,31,8,76,47,29,9,5,4,18,8,10,31,17,14,43,17,26,76,28,48,0,0,74,35,166,153,13,7,3,3,73,0,1
53381703,0,,,88,38,50,71,29,42,1,0,1,12,6,6,3,2,1,3,1,2,5,4,1,0,0,0,5,4,1,0,0,0,0,0,0,8,3,5,7,2,5,1,1,0,0,0,0,0,0,0,135,64,71,5,4,1,36,19,17,34,13,21,48,21,27,8,4,4,23,7,16,47,20,27,24,15,9,18,9,9,15,7,8,2,0,76,28,95,94,1,44,0,1,22,1,0
53381710,0,,,30,18,12,15,11,4,0,0,0,11,4,7,12,9,3,4,0,4,3,1,2,2,1,1,0,0,0,0,0,0,1,0,1,3,3,0,1,1,0,2,2,0,0,0,0,0,0,0,82,45,37,1,1,0,46,26,20,13,1,12,21,17,4,6,5,1,3,1,2,12,7,5,19,12,7,27,15,12,20,9,11,0,0,31,20,48,46,2,4,0,2,28,1,1
53381711,0,,,46,26,20,29,20,9,0,0,0,9,2,7,12,10,2,12,1,11,7,5,2,0,0,0,5,4,1,0,0,0,2,1,1,12,3,9,6,1,5,5,1,4,0,0,0,1,1,0,93,47,46,8,2,6,37,19,18,19,7,12,23,15,8,30,21,9,3,2,1,11,4,7,11,3,8,16,6,10,33,14,19,1,0,35,5,74,70,4,7,0,0,29,0,0
53381712,0,,,155,81,74,87,53,34,4,2,2,37,8,29,61,50,11,46,12,34,35,19,16,0,0,0,27,14,13,0,0,0,8,5,3,56,27,29,35,16,19,17,9,8,1,0,1,3,2,1,364,181,183,52,24,28,181,84,97,58,20,38,69,50,19,180,120,60,14,5,9,24,10,14,38,15,23,34,13,21,161,62,99,1,3,121,20,284,262,22,4,6,4,126,1,7
53381713,0,,,25,17,8,13,10,3,1,1,0,4,1,3,12,9,3,6,2,4,2,1,1,0,0,0,1,1,0,0,0,0,1,0,1,12,7,5,7,4,3,4,3,1,0,0,0,1,0,1,59,30,29,8,3,5,25,14,11,12,3,9,14,10,4,14,8,6,2,2,0,6,3,3,3,1,2,17,8,9,31,16,15,0,0,26,5,48,43,5,2,1,2,27,0,2
53381722,0,,,53,33,20,27,18,9,2,1,1,16,7,9,5,3,2,1,1,0,6,6,0,0,0,0,4,4,0,0,0,0,2,2,0,7,3,4,6,2,4,0,0,0,0,0,0,1,1,0,97,52,45,8,3,5,45,23,22,15,4,11,26,20,6,17,13,4,7,4,3,13,10,3,18,10,8,21,9,12,33,14,19,2,0,34,24,60,59,1,3,1,2,43,0,1
53381723,1,,53381724;53381734,11,5,6,3,1,2,0,0,0,4,1,3,4,3,1,2,1,1,0,0,0,0,0,0,0,0,0,0,0,0,0,0,0,4,3,1,2,2,0,1,0,1,1,1,0,0,0,0,27,12,15,3,1,2,10,3,7,7,2,5,6,5,1,4,3,1,6,3,3,4,2,2,2,1,1,6,2,4,8,3,5,0,0,12,6,19,17,2,1,1,0,9,0,0
53381724,2,53381723,,*,*,*,*,*,*,*,*,*,*,*,*,*,*,*,*,*,*,*,*,*,*,*,*,*,*,*,*,*,*,*,*,*,*,*,*,*,*,*,*,*,*,*,*,*,*,*,*,*,*,*,*,*,*,*,*,*,*,*,*,*,*,*,*,*,*,*,*,*,*,*,*,*,*,*,*,*,*,*,*,*,*,*,*,*,*,*,*,*,*,*,*,*,*
53381733,0,,,1,0,1,0,0,0,0,0,0,1,0,1,1,1,0,1,0,1,0,0,0,0,0,0,0,0,0,0,0,0,0,0,0,0,0,0,0,0,0,0,0,0,0,0,0,0,0,0,11,6,5,1,0,1,2,1,1,1,0,1,7,5,2,0,0,0,1,1,0,4,2,2,4,2,2,0,0,0,2,1,1,0,0,2,6,4,3,1,0,2,0,2,0,0
53381734,2,53381723,,*,*,*,*,*,*,*,*,*,*,*,*,*,*,*,*,*,*,*,*,*,*,*,*,*,*,*,*,*,*,*,*,*,*,*,*,*,*,*,*,*,*,*,*,*,*,*,*,*,*,*,*,*,*,*,*,*,*,*,*,*,*,*,*,*,*,*,*,*,*,*,*,*,*,*,*,*,*,*,*,*,*,*,*,*,*,*,*,*,*,*,*,*,*
53381740,1,,53381750,17,8,9,6,5,1,1,1,0,7,0,7,4,2,2,0,0,0,4,2,2,0,0,0,4,2,2,0,0,0,0,0,0,6,3,3,4,1,3,2,2,0,0,0,0,0,0,0,101,22,79,56,4,52,23,10,13,6,1,5,14,7,7,5,2,3,19,5,14,37,3,34,19,6,13,21,7,14,6,3,3,0,0,13,8,24,21,3,1,0,0,19,0,1
53381750,2,53381740,,*,*,*,*,*,*,*,*,*,*,*,*,*,*,*,*,*,*,*,*,*,*,*,*,*,*,*,*,*,*,*,*,*,*,*,*,*,*,*,*,*,*,*,*,*,*,*,*,*,*,*,*,*,*,*,*,*,*,*,*,*,*,*,*,*,*,*,*,*,*,*,*,*,*,*,*,*,*,*,*,*,*,*,*,*,*,*,*,*,*,*,*,*,*
53381765,2,53381776,,*,*,*,*,*,*,*,*,*,*,*,*,*,*,*,*,*,*,*,*,*,*,*,*,*,*,*,*,*,*,*,*,*,*,*,*,*,*,*,*,*,*,*,*,*,*,*,*,*,*,*,*,*,*,*,*,*,*,*,*,*,*,*,*,*,*,*,*,*,*,*,*,*,*,*,*,*,*,*,*,*,*,*,*,*,*,*,*,*,*,*,*,*,*
53381776,1,,53381765,71,36,35,34,20,14,1,0,1,20,5,15,18,14,4,9,2,7,6,4,2,0,0,0,3,1,2,0,0,0,3,3,0,15,8,7,9,4,5,5,4,1,0,0,0,1,0,1,135,70,65,35,18,17,74,40,34,12,4,8,14,8,6,45,37,8,1,0,1,14,6,8,4,0,4,18,9,9,74,30,44,1,4,38,8,104,98,6,7,3,5,68,0,0
53381786,0,,,6,3,3,4,3,1,0,0,0,2,0,2,3,2,1,0,0,0,1,1,0,0,0,0,0,0,0,0,0,0,1,1,0,1,1,0,1,1,0,0,0,0,0,0,0,0,0,0,22,12,10,4,3,1,6,2,4,5,2,3,6,5,1,2,2,0,1,1,0,4,2,2,5,2,3,6,4,2,6,3,3,0,0,6,5,9,9,0,0,0,0,6,0,1
53381787,0,,,35,21,14,20,13,7,0,0,0,8,4,4,4,0,4,0,0,0,1,0,1,0,0,0,0,0,0,0,0,0,1,0,1,17,10,7,12,7,5,4,2,2,0,0,0,1,1,0,69,31,38,11,5,6,36,15,21,10,5,5,11,6,5,29,19,10,2,1,1,6,2,4,7,4,3,12,4,8,31,11,20,0,2,17,7,44,40,4,1,2,1,30,0,0
53381798,0,,,89,47,42,53,33,20,2,2,0,24,5,19,18,13,5,5,1,4,13,8,5,0,0,0,9,7,2,0,0,0,4,1,3,15,8,7,5,2,3,7,4,3,0,0,0,3,2,1,160,77,83,36,16,20,80,43,37,22,7,15,21,10,11,58,38,20,4,3,1,10,6,4,23,11,12,16,7,9,77,28,49,0,3,52,16,122,112,10,3,1,3,99,1,1
53381799,0,,,49,29,20,28,18,10,1,1,0,10,2,8,8,5,3,2,1,1,3,1,2,0,0,0,3,1,2,0,0,0,0,0,0,8,2,6,3,1,2,4,1,3,1,0,1,0,0,0,89,42,47,22,8,14,50,24,26,5,2,3,11,8,3,22,14,8,0,0,0,8,2,6,6,3,3,6,2,4,56,23,33,2,4,23,4,64,59,5,6,2,4,44,0,0
53382001,2,53382021,,*,*,*,*,*,*,*,*,*,*,*,*,*,*,*,*,*,*,*,*,*,*,*,*,*,*,*,*,*,*,*,*,*,*,*,*,*,*,*,*,*,*,*,*,*,*,*,*,*,*,*,*,*,*,*,*,*,*,*,*,*,*,*,*,*,*,*,*,*,*,*,*,*,*,*,*,*,*,*,*,*,*,*,*,*,*,*,*,*,*,*,*,*,*
53382021,1,,53382001,5,3,2,2,2,0,0,0,0,2,0,2,2,1,1,2,0,2,0,0,0,0,0,0,0,0,0,0,0,0,0,0,0,0,0,0,0,0,0,0,0,0,0,0,0,0,0,0,12,6,6,4,2,2,8,4,4,0,0,0,0,0,0,1,1,0,0,0,0,0,0,0,0,0,0,0,0,0,11,5,6,1,1,2,0,10,10,0,0,0,0,7,0,0
53382032,0,,,3,2,1,2,2,0,0,0,0,1,0,1,2,2,0,1,0,1,0,0,0,0,0,0,0,0,0,0,0,0,0,0,0,0,0,0,0,0,0,0,0,0,0,0,0,0,0,0,10,6,4,2,1,1,5,3,2,2,1,1,1,1,0,4,4,0,0,0,0,0,0,0,2,1,1,0,0,0,4,1,3,2,1,1,1,6,6,0,0,0,0,3,0,0
53382036,2,53382046,,*,*,*,*,*,*,*,*,*,*,*,*,*,*,*,*,*,*,*,*,*,*,*,*,*,*,*,*,*,*,*,*,*,*,*,*,*,*,*,*,*,*,*,*,*,*,*,*,*,*,*,*,*,*,*,*,*,*,*,*,*,*,*,*,*,*,*,*,*,*,*,*,*,*,*,*,*,*,*,*,*,*,*,*,*,*,*,*,*,*,*,*,*,*
53382042,0,,,28,27,1,26,25,1,0,0,0,2,2,0,5,4,1,2,0,2,1,1,0,0,0,0,0,0,0,0,0,0,1,1,0,0,0,0,0,0,0,0,0,0,0,0,0,0,0,0,45,36,9,16,14,2,13,9,4,5,4,1,11,9,2,5,4,1,23,22,1,6,5,1,0,0,0,3,2,1,9,4,5,4,1,1,5,35,35,0,25,0,0,2,0,0
53382046,1,,53382036,3,1,2,1,0,1,0,0,0,2,1,1,2,2,0,0,0,0,3,2,1,0,0,0,0,0,0,0,0,0,3,2,1,0,0,0,0,0,0,0,0,0,0,0,0,0,0,0,13,6,7,6,3,3,2,0,2,2,0,2,3,3,0,4,3,1,1,0,1,3,1,2,2,1,1,5,3,2,1,0,1,1,0,3,4,5,5,0,0,0,0,4,0,0
53382052,1,,53382053,0,0,0,0,0,0,0,0,0,0,0,0,5,3,2,2,0,2,0,0,0,0,0,0,0,0,0,0,0,0,0,0,0,0,0,0,0,0,0,0,0,0,0,0,0,0,0,0,15,4,11,8,2,6,5,1,4,1,0,1,1,1,0,3,2,1,0,0,0,0,0,0,0,0,0,2,1,1,10,1,9,5,0,0,4,7,7,0,0,0,0,0,0,0
53382053,2,53382052,,*,*,*,*,*,*,*,*,*,*,*,*,*,*,*,*,*,*,*,*,*,*,*,*,*,*,*,*,*,*,*,*,*,*,*,*,*,*,*,*,*,*,*,*,*,*,*,*,*,*,*,*,*,*,*,*,*,*,*,*,*,*,*,*,*,*,*,*,*,*,*,*,*,*,*,*,*,*,*,*,*,*,*,*,*,*,*,*,*,*,*,*,*,*
53382054,0,,,5,4,1,2,2,0,0,0,0,1,1,0,4,3,1,1,0,1,0,0,0,0,0,0,0,0,0,0,0,0,0,0,0,1,0,1,0,0,0,0,0,0,1,0,1,0,0,0,15,9,6,3,2,1,7,3,4,0,0,0,3,3,0,6,5,1,0,0,0,2,1,1,1,1,0,2,1,1,5,1,4,4,1,2,2,11,10,1,0,1,0,6,0,0
53382062,0,,,6,3,3,5,3,2,0,0,0,1,0,1,2,2,0,1,1,0,0,0,0,0,0,0,0,0,0,0,0,0,0,0,0,1,1,0,1,1,0,0,0,0,0,0,0,0,0,0,10,6,4,1,1,0,7,4,3,0,0,0,2,1,1,3,3,0,0,0,0,7,4,3,0,0,0,0,0,0,1,0,1,2,1,2,0,9,9,0,0,0,0,2,2,0
53382063,0,,,107,87,20,77,68,9,0,0,0,21,11,10,11,9,2,4,0,4,2,1,1,0,0,0,1,1,0,0,0,0,1,0,1,4,2,2,3,2,1,1,0,1,0,0,0,0,0,0,165,112,53,48,28,20,72,54,18,16,6,10,25,21,4,23,16,7,30,29,1,49,44,5,3,1,2,16,8,8,50,17,33,7,2,23,20,124,123,1,6,2,3,37,0,0
53382064,0,,,16,8,8,9,4,5,0,0,0,6,3,3,16,12,4,8,0,8,0,0,0,0,0,0,0,0,0,0,0,0,0,0,0,3,1,2,2,1,1,1,0,1,0,0,0,0,0,0,53,24,29,25,11,14,19,10,9,4,0,4,3,2,1,17,15,2,0,0,0,1,0,1,2,2,0,5,1,4,31,7,24,12,5,7,5,42,41,1,0,1,1,18,0,0
53382072,2,53382073,,*,*,*,*,*,*,*,*,*,*,*,*,*,*,*,*,*,*,*,*,*,*,*,*,*,*,*,*,*,*,*,*,*,*,*,*,*,*,*,*,*,*,*,*,*,*,*,*,*,*,*,*,*,*,*,*,*,*,*,*,*,*,*,*,*,*,*,*,*,*,*,*,*,*,*,*,*,*,*,*,*,*,*,*,*,*,*,*,*,*,*,*,*,*
53382073,1,,53382072,59,31,28,35,21,14,0,0,0,22,9,13,17,9,8,6,2,4,8,3,5,0,0,0,6,3,3,0,0,0,2,0,2,24,12,12,17,8,9,5,4,1,2,0,2,0,0,0,181,81,100,73,30,43,79,39,40,16,1,15,13,11,2,44,25,19,8,4,4,37,16,21,26,13,13,15,6,9,83,32,51,5,1,49,38,91,84,7,19,5,4,47,2,2
53382074,1,,53382084,7,5,2,3,3,0,0,0,0,2,1,1,2,2,0,1,0,1,0,0,0,0,0,0,0,0,0,0,0,0,0,0,0,1,0,1,1,0,1,0,0,0,0,0,0,0,0,0,12,7,5,1,0,1,10,7,3,1,0,1,0,0,0,4,3,1,0,0,0,0,0,0,1,1,0,1,1,0,7,2,5,2,0,3,1,10,10,0,0,0,0,7,0,0
53382082,0,,,10,6,4,9,6,3,0,0,0,1,0,1,0,0,0,1,0,1,1,0,1,0,0,0,1,0,1,0,0,0,0,0,0,4,0,4,4,0,4,0,0,0,0,0,0,0,0,0,12,7,5,3,1,2,6,4,2,1,0,1,2,2,0,5,1,4,1,0,1,0,0,0,2,0,2,2,2,0,7,4,3,0,0,7,1,11,11,0,0,0,0,11,0,0
53382083,0,,,16,11,5,11,9,2,0,0,0,4,1,3,3,1,2,1,0,1,0,0,0,0,0,0,0,0,0,0,0,0,0,0,0,2,1,1,2,1,1,0,0,0,0,0,0,0,0,0,25,15,10,5,3,2,7,4,3,6,3,3,7,5,2,6,4,2,1,1,0,9,5,4,2,2,0,1,1,0,8,3,5,1,0,13,2,20,20,0,4,0,0,14,0,1
53382084,2,53382074,,*,*,*,*,*,*,*,*,*,*,*,*,*,*,*,*,*,*,*,*,*,*,*,*,*,*,*,*,*,*,*,*,*,*,*,*,*,*,*,*,*,*,*,*,*,*,*,*,*,*,*,*,*,*,*,*,*,*,*,*,*,*,*,*,*,*,*,*,*,*,*,*,*,*,*,*,*,*,*,*,*,*,*,*,*,*,*,*,*,*,*,*,*,*
53382092,0,,,8,6,2,5,4,1,0,0,0,2,1,1,4,2,2,1,0,1,0,0,0,0,0,0,0,0,0,0,0,0,0,0,0,0,0,0,0,0,0,0,0,0,0,0,0,0,0,0,30,16,14,16,7,9,8,6,2,3,0,3,3,3,0,8,7,1,0,0,0,0,0,0,0,0,0,2,2,0,20,7,13,0,0,12,4,13,13,0,2,0,0,8,0,0
53382093,0,,,7,4,3,3,2,1,1,1,0,3,1,2,3,2,1,1,0,1,0,0,0,0,0,0,0,0,0,0,0,0,0,0,0,1,0,1,1,0,1,0,0,0,0,0,0,0,0,0,16,8,8,1,1,0,11,6,5,3,1,2,1,0,1,6,6,0,1,0,1,3,1,2,0,0,0,0,0,0,7,1,6,1,2,2,1,11,11,0,0,0,0,7,0,0
53382094,1,,53382095,8,4,4,4,2,2,0,0,0,4,2,2,3,3,0,1,0,1,0,0,0,0,0,0,0,0,0,0,0,0,0,0,0,0,0,0,0,0,0,0,0,0,0,0,0,0,0,0,15,8,7,5,2,3,5,3,2,1,0,1,4,3,1,3,2,1,0,0,0,0,0,0,0,0,0,1,1,0,11,5,6,2,2,3,0,12,12,0,0,0,0,9,0,0
53382095,2,53382094,,*,*,*,*,*,*,*,*,*,*,*,*,*,*,*,*,*,*,*,*,*,*,*,*,*,*,*,*,*,*,*,*,*,*,*,*,*,*,*,*,*,*,*,*,*,*,*,*,*,*,*,*,*,*,*,*,*,*,*,*,*,*,*,*,*,*,*,*,*,*,*,*,*,*,*,*,*,*,*,*,*,*,*,*,*,*,*,*,*,*,*,*,*,*
53382187,2,53382188,,*,*,*,*,*,*,*,*,*,*,*,*,*,*,*,*,*,*,*,*,*,*,*,*,*,*,*,*,*,*,*,*,*,*,*,*,*,*,*,*,*,*,*,*,*,*,*,*,*,*,*,*,*,*,*,*,*,*,*,*,*,*,*,*,*,*,*,*,*,*,*,*,*,*,*,*,*,*,*,*,*,*,*,*,*,*,*,*,*,*,*,*,*,*
53382188,1,,53382187,4,4,0,3,3,0,0,0,0,1,1,0,0,0,0,0,0,0,0,0,0,0,0,0,0,0,0,0,0,0,0,0,0,0,0,0,0,0,0,0,0,0,0,0,0,0,0,0,5,5,0,0,0,0,1,1,0,0,0,0,3,3,0,0,0,0,4,4,0,0,0,0,1,1,0,1,1,0,0,0,0,0,0,4,1,5,5,0,0,0,0,2,0,0
53382225,1,,53382235,8,5,3,2,2,0,0,0,0,5,2,3,0,0,0,0,0,0,0,0,0,0,0,0,0,0,0,0,0,0,0,0,0,0,0,0,0,0,0,0,0,0,0,0,0,0,0,0,29,12,17,17,5,12,9,5,4,0,0,0,3,2,1,9,3,6,0,0,0,0,0,0,1,1,0,4,2,2,15,6,9,1,0,6,11,8,8,0,2,0,0,3,0,2
53382234,2,53382244,,*,*,*,*,*,*,*,*,*,*,*,*,*,*,*,*,*,*,*,*,*,*,*,*,*,*,*,*,*,*,*,*,*,*,*,*,*,*,*,*,*,*,*,*,*,*,*,*,*,*,*,*,*,*,*,*,*,*,*,*,*,*,*,*,*,*,*,*,*,*,*,*,*,*,*,*,*,*,*,*,*,*,*,*,*,*,*,*,*,*,*,*,*,*
53382235,2,53382225,,*,*,*,*,*,*,*,*,*,*,*,*,*,*,*,*,*,*,*,*,*,*,*,*,*,*,*,*,*,*,*,*,*,*,*,*,*,*,*,*,*,*,*,*,*,*,*,*,*,*,*,*,*,*,*,*,*,*,*,*,*,*,*,*,*,*,*,*,*,*,*,*,*,*,*,*,*,*,*,*,*,*,*,*,*,*,*,*,*,*,*,*,*,*
53382244,1,,53382234,4,3,1,2,2,0,0,0,0,2,1,1,0,0,0,0,0,0,0,0,0,0,0,0,0,0,0,0,0,0,0,0,0,0,0,0,0,0,0,0,0,0,0,0,0,0,0,0,13,6,7,4,1,3,7,4,3,1,0,1,1,1,0,6,3,3,0,0,0,2,2,0,0,0,0,3,1,2,2,0,2,0,0,4,5,4,4,0,2,0,0,2,0,0
53382264,1,,53382274,22,15,7,14,10,4,3,3,0,3,1,2,1,0,1,0,0,0,1,0,1,0,0,0,0,0,0,0,0,0,1,0,1,0,0,0,0,0,0,0,0,0,0,0,0,0,0,0,24,15,9,6,6,0,8,3,5,3,1,2,6,4,2,1,0,1,5,2,3,9,5,4,4,4,0,3,2,1,3,2,1,0,0,21,0,23,23,0,12,0,0,7,0,0
53382274,2,53382264,,*,*,*,*,*,*,*,*,*,*,*,*,*,*,*,*,*,*,*,*,*,*,*,*,*,*,*,*,*,*,*,*,*,*,*,*,*,*,*,*,*,*,*,*,*,*,*,*,*,*,*,*,*,*,*,*,*,*,*,*,*,*,*,*,*,*,*,*,*,*,*,*,*,*,*,*,*,*,*,*,*,*,*,*,*,*,*,*,*,*,*,*,*,*
53382293,2,53382294,,*,*,*,*,*,*,*,*,*,*,*,*,*,*,*,*,*,*,*,*,*,*,*,*,*,*,*,*,*,*,*,*,*,*,*,*,*,*,*,*,*,*,*,*,*,*,*,*,*,*,*,*,*,*,*,*,*,*,*,*,*,*,*,*,*,*,*,*,*,*,*,*,*,*,*,*,*,*,*,*,*,*,*,*,*,*,*,*,*,*,*,*,*,*
53382294,1,,53382293,22,19,3,18,17,1,0,0,0,2,1,1,1,1,0,0,0,0,1,0,1,0,0,0,0,0,0,0,0,0,1,0,1,3,1,2,3,1,2,0,0,0,0,0,0,0,0,0,35,26,9,9,5,4,11,8,3,1,1,0,14,12,2,8,5,3,6,6,0,14,10,4,2,1,1,1,1,0,8,4,4,0,0,22,5,23,23,0,15,0,0,4,0,0
53382301,1,,53382311;53382321,12,10,2,7,7,0,0,0,0,5,3,2,7,6,1,1,0,1,1,0,1,0,0,0,0,0,0,0,0,0,1,0,1,1,1,0,1,1,0,0,0,0,0,0,0,0,0,0,55,27,28,20,8,12,23,11,12,6,4,2,5,3,2,13,8,5,1,0,1,3,2,1,10,6,4,7,5,2,23,7,16,0,1,13,14,20,20,0,0,0,0,15,0,0
53382303,0,,,26,11,15,12,7,5,1,0,1,10,1,9,7,7,0,2,1,1,1,1,0,0,0,0,0,0,0,0,0,0,1,1,0,1,0,1,1,0,1,0,0,0,0,0,0,0,0,0,64,36,28,13,6,7,29,14,15,5,1,4,13,12,1,20,16,4,0,0,0,4,3,1,7,4,3,6,4,2,25,7,18,1,3,15,10,35,35,0,0,0,0,24,0,0
53382304,0,,,42,23,19,27,18,9,1,1,0,14,4,10,4,2,2,2,0,2,0,0,0,0,0,0,0,0,0,0,0,0,0,0,0,2,2,0,1,1,0,0,0,0,0,0,0,1,1,0,78,35,43,11,5,6,36,15,21,14,3,11,12,9,3,15,13,2,0,0,0,3,0,3,4,2,2,7,3,4,45,15,30,1,0,20,11,49,48,1,2,1,0,40,2,0
53382305,0,,,6,3,3,1,1,0,0,0,0,3,1,2,0,0,0,0,0,0,0,0,0,0,0,0,0,0,0,0,0,0,0,0,0,3,3,0,3,3,0,0,0,0,0,0,0,0,0,0,8,3,5,1,0,1,5,2,3,1,0,1,1,1,0,5,5,0,0,0,0,0,0,0,0,0,0,3,1,2,3,0,3,0,0,4,2,7,6,1,1,0,0,4,0,0
53382306,0,,,13,8,5,8,6,2,0,0,0,5,2,3,0,0,0,0,0,0,1,1,0,0,0,0,0,0,0,0,0,0,1,1,0,0,0,0,0,0,0,0,0,0,0,0,0,0,0,0,35,19,16,6,3,3,18,10,8,7,3,4,4,3,1,6,4,2,0,0,0,1,1,0,4,3,1,1,0,1,24,12,12,0,1,7,8,13,13,0,0,0,0,13,0,0
53382307,0,,,145,86,59,80,54,26,7,3,4,47,20,27,16,13,3,5,1,4,8,6,2,0,0,0,6,5,1,0,0,0,2,1,1,38,19,19,27,13,14,7,3,4,1,1,0,3,2,1,301,155,146,48,24,24,178,93,85,33,12,21,31,20,11,74,54,20,1,1,0,25,13,12,25,11,14,70,37,33,147,61,86,2,0,90,52,176,166,10,3,7,2,135,3,3
53382308,0,,,9,3,6,5,1,4,0,0,0,4,2,2,2,2,0,2,0,2,0,0,0,0,0,0,0,0,0,0,0,0,0,0,0,3,3,0,3,3,0,0,0,0,0,0,0,0,0,0,27,13,14,5,4,1,14,5,9,2,1,1,6,3,3,9,7,2,0,0,0,1,1,0,6,4,2,1,0,1,13,4,9,0,0,5,9,14,13,1,1,1,0,6,0,0
53382309,0,,,9,7,2,8,7,1,0,0,0,1,0,1,3,2,1,1,0,1,0,0,0,0,0,0,0,0,0,0,0,0,0,0,0,2,0,2,2,0,2,0,0,0,0,0,0,0,0,0,30,18,12,13,9,4,14,8,6,1,0,1,1,1,0,10,8,2,0,0,0,0,0,0,0,0,0,2,0,2,20,10,10,1,0,7,8,13,13,0,0,0,0,11,0,0
53382311,2,53382301,,*,*,*,*,*,*,*,*,*,*,*,*,*,*,*,*,*,*,*,*,*,*,*,*,*,*,*,*,*,*,*,*,*,*,*,*,*,*,*,*,*,*,*,*,*,*,*,*,*,*,*,*,*,*,*,*,*,*,*,*,*,*,*,*,*,*,*,*,*,*,*,*,*,*,*,*,*,*,*,*,*,*,*,*,*,*,*,*,*,*,*,*,*,*
53382314,1,,53382315,7,3,4,3,1,2,0,0,0,4,2,2,1,1,0,0,0,0,1,1,0,1,1,0,0,0,0,0,0,0,0,0,0,2,0,2,2,0,2,0,0,0,0,0,0,0,0,0,14,7,7,0,0,0,6,3,3,5,2,3,2,1,1,4,2,2,0,0,0,1,1,0,0,0,0,5,1,4,6,3,3,0,0,4,4,8,8,0,0,0,1,7,0,0
53382315,2,53382314,,*,*,*,*,*,*,*,*,*,*,*,*,*,*,*,*,*,*,*,*,*,*,*,*,*,*,*,*,*,*,*,*,*,*,*,*,*,*,*,*,*,*,*,*,*,*,*,*,*,*,*,*,*,*,*,*,*,*,*,*,*,*,*,*,*,*,*,*,*,*,*,*,*,*,*,*,*,*,*,*,*,*,*,*,*,*,*,*,*,*,*,*,*,*
53382316,0,,,79,41,38,43,30,13,1,0,1,33,10,23,13,11,2,5,0,5,4,3,1,1,1,0,2,1,1,0,0,0,1,1,0,10,5,5,5,4,1,2,1,1,0,0,0,3,0,3,181,89,92,37,17,20,93,47,46,23,6,17,27,19,8,54,36,18,0,0,0,1,1,0,5,2,3,26,16,10,109,42,67,4,1,49,31,104,98,6,1,3,2,75,5,1
53382317,0,,,11,5,6,4,2,2,0,0,0,5,1,4,2,1,1,0,0,0,1,1,0,0,0,0,1,1,0,0,0,0,0,0,0,0,0,0,0,0,0,0,0,0,0,0,0,0,0,0,23,10,13,3,0,3,10,4,6,3,1,2,7,5,2,5,4,1,0,0,0,6,2,4,0,0,0,0,0,0,13,5,8,0,0,6,6,13,13,0,0,0,0,7,0,0
53382318,0,,,38,18,20,16,14,2,2,0,2,19,3,16,9,8,1,1,0,1,3,0,3,0,0,0,3,0,3,0,0,0,0,0,0,11,5,6,7,3,4,2,1,1,1,1,0,1,0,1,107,52,55,33,14,19,57,32,25,8,0,8,6,4,2,31,24,7,5,1,4,4,1,3,14,7,7,15,9,6,51,15,36,0,0,28,23,54,52,2,0,2,1,40,0,0
53382319,0,,,2,1,1,1,1,0,0,0,0,1,0,1,0,0,0,0,0,0,0,0,0,0,0,0,0,0,0,0,0,0,0,0,0,0,0,0,0,0,0,0,0,0,0,0,0,0,0,0,11,4,7,5,1,4,6,3,3,0,0,0,0,0,0,5,2,3,0,0,0,0,0,0,1,1,0,0,0,0,5,1,4,0,0,2,3,3,3,0,0,0,0,2,0,0
53382321,2,53382301,,*,*,*,*,*,*,*,*,*,*,*,*,*,*,*,*,*,*,*,*,*,*,*,*,*,*,*,*,*,*,*,*,*,*,*,*,*,*,*,*,*,*,*,*,*,*,*,*,*,*,*,*,*,*,*,*,*,*,*,*,*,*,*,*,*,*,*,*,*,*,*,*,*,*,*,*,*,*,*,*,*,*,*,*,*,*,*,*,*,*,*,*,*,*
53382325,0,,,5,3,2,3,2,1,0,0,0,2,1,1,1,0,1,0,0,0,0,0,0,0,0,0,0,0,0,0,0,0,0,0,0,2,2,0,0,0,0,0,0,0,0,0,0,2,2,0,16,7,9,3,1,2,5,3,2,7,2,5,1,1,0,7,4,3,1,1,0,1,1,0,0,0,0,4,1,3,5,2,3,1,0,4,4,6,6,0,0,0,0,5,0,0
53382326,0,,,39,21,18,22,15,7,2,2,0,14,3,11,6,5,1,3,0,3,1,1,0,0,0,0,0,0,0,0,0,0,1,1,0,8,5,3,3,2,1,1,1,0,1,0,1,3,2,1,85,41,44,19,9,10,41,19,22,13,6,7,12,7,5,16,9,7,3,2,1,1,0,1,4,2,2,19,10,9,51,24,27,2,0,26,13,56,51,5,4,1,0,43,0,1
53382329,0,,,10,5,5,4,3,1,0,0,0,6,2,4,2,1,1,1,1,0,0,0,0,0,0,0,0,0,0,0,0,0,0,0,0,0,0,0,0,0,0,0,0,0,0,0,0,0,0,0,50,21,29,10,4,6,28,11,17,3,0,3,3,3,0,19,13,6,0,0,0,1,0,1,2,1,1,2,0,2,26,7,19,0,0,9,14,14,14,0,0,0,0,14,0,0
53382333,0,,,10,5,5,3,3,0,0,0,0,5,1,4,1,1,0,1,0,1,1,1,0,0,0,0,1,1,0,0,0,0,0,0,0,1,1,0,1,1,0,0,0,0,0,0,0,0,0,0,21,11,10,9,3,6,6,5,1,1,0,1,5,3,2,7,6,1,0,0,0,4,3,1,1,1,0,4,2,2,7,1,6,2,0,6,4,12,12,0,0,0,0,6,0,0
53382334,0,,,5,3,2,0,0,0,0,0,0,4,2,2,1,1,0,0,0,0,0,0,0,0,0,0,0,0,0,0,0,0,0,0,0,2,1,1,2,1,1,0,0,0,0,0,0,0,0,0,11,6,5,4,2,2,7,4,3,0,0,0,0,0,0,7,6,1,0,0,0,0,0,0,0,0,0,1,0,1,5,1,4,1,0,2,2,6,6,0,0,0,0,4,0,0
53382335,0,,,2,1,1,1,1,0,0,0,0,1,0,1,1,1,0,0,0,0,0,0,0,0,0,0,0,0,0,0,0,0,0,0,0,0,0,0,0,0,0,0,0,0,0,0,0,0,0,0,47,23,24,37,17,20,4,3,1,3,1,2,3,2,1,1,1,0,0,0,0,4,3,1,2,1,1,3,2,1,37,16,21,0,1,1,3,3,3,0,0,0,0,2,0,0
53382336,0,,,22,11,11,14,9,5,0,0,0,7,1,6,3,3,0,0,0,0,0,0,0,0,0,0,0,0,0,0,0,0,0,0,0,2,1,1,1,0,1,1,1,0,0,0,0,0,0,0,64,30,34,24,9,15,24,12,12,11,6,5,5,3,2,27,22,5,0,0,0,0,0,0,7,3,4,2,0,2,30,6,24,0,2,10,16,26,25,1,0,1,0,22,0,1
53382337,2,53382347,,*,*,*,*,*,*,*,*,*,*,*,*,*,*,*,*,*,*,*,*,*,*,*,*,*,*,*,*,*,*,*,*,*,*,*,*,*,*,*,*,*,*,*,*,*,*,*,*,*,*,*,*,*,*,*,*,*,*,*,*,*,*,*,*,*,*,*,*,*,*,*,*,*,*,*,*,*,*,*,*,*,*,*,*,*,*,*,*,*,*,*,*,*,*
53382338,0,,,29,19,10,19,15,4,0,0,0,7,2,5,1,1,0,0,0,0,1,1,0,0,0,0,1,1,0,0,0,0,0,0,0,9,6,3,7,5,2,1,0,1,0,0,0,1,1,0,66,35,31,17,8,9,32,19,13,6,1,5,5,4,1,29,25,4,0,0,0,0,0,0,11,8,3,6,1,5,26,6,20,0,0,20,14,32,30,2,0,1,0,28,1,1
53382339,0,,,37,27,10,26,22,4,1,1,0,8,2,6,2,1,1,0,0,0,1,1,0,0,0,0,0,0,0,1,1,0,0,0,0,6,4,2,2,1,1,2,2,0,1,0,1,1,1,0,82,49,33,25,11,14,40,28,12,7,3,4,7,5,2,35,31,4,12,10,2,4,3,1,1,1,0,1,0,1,34,7,27,0,0,26,18,45,40,5,1,3,6,35,0,0
53382343,1,,53382352,9,6,3,5,4,1,0,0,0,4,2,2,3,3,0,2,1,1,2,1,1,1,1,0,0,0,0,0,0,0,1,0,1,3,1,2,3,1,2,0,0,0,0,0,0,0,0,0,27,13,14,6,1,5,13,8,5,2,0,2,6,4,2,4,3,1,0,0,0,3,2,1,6,3,3,7,4,3,12,3,9,3,0,6,7,14,14,0,0,0,0,9,0,0
53382344,1,,53382353,20,11,9,9,5,4,0,0,0,10,5,5,1,0,1,2,1,1,0,0,0,0,0,0,0,0,0,0,0,0,0,0,0,1,1,0,0,0,0,0,0,0,0,0,0,1,1,0,97,29,68,18,6,12,27,14,13,5,1,4,6,4,2,19,16,3,10,0,10,26,3,23,14,2,12,6,2,4,22,6,16,0,1,10,9,24,23,1,0,1,0,19,1,0
53382345,0,,,5,2,3,2,1,1,1,0,1,2,1,1,3,3,0,0,0,0,0,0,0,0,0,0,0,0,0,0,0,0,0,0,0,0,0,0,0,0,0,0,0,0,0,0,0,0,0,0,18,7,11,9,3,6,6,2,4,2,1,1,1,1,0,6,5,1,1,0,1,0,0,0,0,0,0,0,0,0,11,2,9,0,0,5,3,8,8,0,0,0,0,7,0,0
53382346,0,,,33,16,17,19,13,6,2,0,2,12,3,9,2,2,0,0,0,0,8,2,6,0,0,0,6,1,5,0,0,0,2,1,1,14,10,4,9,9,0,5,1,4,0,0,0,0,0,0,70,33,37,11,5,6,35,15,20,16,6,10,8,7,1,15,10,5,2,1,1,33,17,16,6,5,1,6,2,4,29,10,19,0,0,16,15,40,36,4,1,0,1,33,1,4
53382347,1,,53382337,273,146,127,163,112,51,6,4,2,90,19,71,28,24,4,8,2,6,46,24,22,3,1,2,21,9,12,2,0,2,20,14,6,67,33,34,41,21,20,15,8,7,5,1,4,6,3,3,567,267,300,104,44,60,265,131,134,94,26,68,89,61,28,132,86,46,56,28,28,105,51,54,52,21,31,61,27,34,265,106,159,1,3,160,74,338,314,24,5,24,1,259,6,13
53382348,0,,,14,9,5,10,6,4,0,0,0,4,3,1,3,3,0,0,0,0,0,0,0,0,0,0,0,0,0,0,0,0,0,0,0,0,0,0,0,0,0,0,0,0,0,0,0,0,0,0,52,25,27,13,6,7,22,9,13,4,2,2,4,3,1,15,12,3,0,0,0,1,1,0,2,2,0,5,3,2,22,4,18,0,0,9,16,19,19,0,0,2,0,15,0,0
53382349,0,,,23,10,13,14,10,4,0,0,0,9,0,9,1,1,0,3,3,0,0,0,0,0,0,0,0,0,0,0,0,0,0,0,0,5,3,2,3,2,1,0,0,0,0,0,0,2,1,1,46,24,22,9,4,5,19,11,8,3,1,2,7,3,4,13,8,5,3,1,2,0,0,0,1,0,1,6,3,3,23,12,11,0,0,14,8,28,27,1,1,1,0,23,0,0
53382352,2,53382343,,*,*,*,*,*,*,*,*,*,*,*,*,*,*,*,*,*,*,*,*,*,*,*,*,*,*,*,*,*,*,*,*,*,*,*,*,*,*,*,*,*,*,*,*,*,*,*,*,*,*,*,*,*,*,*,*,*,*,*,*,*,*,*,*,*,*,*,*,*,*,*,*,*,*,*,*,*,*,*,*,*,*,*,*,*,*,*,*,*,*,*,*,*,*
53382353,2,53382344,,*,*,*,*,*,*,*,*,*,*,*,*,*,*,*,*,*,*,*,*,*,*,*,*,*,*,*,*,*,*,*,*,*,*,*,*,*,*,*,*,*,*,*,*,*,*,*,*,*,*,*,*,*,*,*,*,*,*,*,*,*,*,*,*,*,*,*,*,*,*,*,*,*,*,*,*,*,*,*,*,*,*,*,*,*,*,*,*,*,*,*,*,*,*
53382354,1,,53382364,65,43,22,40,34,6,2,1,1,17,3,14,21,17,4,5,1,4,8,5,3,1,0,1,4,3,1,0,0,0,3,2,1,12,6,6,10,6,4,2,0,2,0,0,0,0,0,0,164,87,77,44,21,23,65,39,26,31,12,19,21,14,7,52,38,14,6,5,1,16,10,6,10,5,5,32,16,16,65,23,42,10,4,45,27,94,91,3,2,1,2,63,3,0
53382356,0,,,369,195,174,220,144,76,7,3,4,113,29,84,58,46,12,33,6,27,19,8,11,0,0,0,14,7,7,0,0,0,5,1,4,60,29,31,38,21,17,12,4,8,3,0,3,7,4,3,928,415,513,168,68,100,416,188,228,131,39,92,146,103,43,207,127,80,47,13,34,81,30,51,50,23,27,108,51,57,496,202,294,0,7,248,157,484,463,21,35,12,3,322,5,9
53382357,0,,,155,79,76,90,57,33,4,1,3,50,14,36,17,12,5,4,2,2,15,8,7,0,0,0,8,5,3,1,0,1,6,3,3,50,30,20,37,24,13,8,4,4,3,1,2,2,1,1,381,157,224,76,28,48,153,70,83,45,11,34,42,30,12,57,36,21,50,14,36,72,22,50,52,22,30,55,28,27,144,64,80,1,1,107,50,190,176,14,12,8,1,144,2,6
53382358,0,,,51,25,26,28,17,11,2,0,2,14,4,10,6,5,1,3,0,3,1,0,1,0,0,0,0,0,0,1,0,1,0,0,0,8,5,3,7,5,2,0,0,0,0,0,0,1,0,1,95,43,52,14,7,7,39,17,22,18,4,14,22,14,8,30,18,12,0,0,0,6,3,3,7,3,4,10,6,4,51,18,33,1,2,26,16,62,61,1,5,2,0,41,1,0
53382363,0,,,2,1,1,1,1,0,0,0,0,1,0,1,1,1,0,1,0,1,0,0,0,0,0,0,0,0,0,0,0,0,0,0,0,4,3,1,4,3,1,0,0,0,0,0,0,0,0,0,7,3,4,3,1,2,1,1,0,0,0,0,3,1,2,1,1,0,0,0,0,0,0,0,5,3,2,2,1,1,3,1,2,0,1,1,2,5,4,1,2,0,1,2,0,0
53382364,2,53382354,,*,*,*,*,*,*,*,*,*,*,*,*,*,*,*,*,*,*,*,*,*,*,*,*,*,*,*,*,*,*,*,*,*,*,*,*,*,*,*,*,*,*,*,*,*,*,*,*,*,*,*,*,*,*,*,*,*,*,*,*,*,*,*,*,*,*,*,*,*,*,*,*,*,*,*,*,*,*,*,*,*,*,*,*,*,*,*,*,*,*,*,*,*,*
53382365,2,53382366,,*,*,*,*,*,*,*,*,*,*,*,*,*,*,*,*,*,*,*,*,*,*,*,*,*,*,*,*,*,*,*,*,*,*,*,*,*,*,*,*,*,*,*,*,*,*,*,*,*,*,*,*,*,*,*,*,*,*,*,*,*,*,*,*,*,*,*,*,*,*,*,*,*,*,*,*,*,*,*,*,*,*,*,*,*,*,*,*,*,*,*,*,*,*
53382366,1,,53382365,562,292,270,328,192,136,16,8,8,166,52,114,60,42,18,15,2,13,34,12,22,6,1,5,16,9,7,2,0,2,10,2,8,86,47,39,57,33,24,18,10,8,3,0,3,8,4,4,1109,507,602,236,104,132,568,267,301,147,33,114,132,92,40,188,127,61,42,17,25,162,71,91,96,48,48,118,54,64,598,236,362,2,10,354,190,669,638,31,47,15,8,474,10,37
53382367,0,,,664,355,309,423,280,143,13,6,7,199,48,151,61,43,18,19,3,16,77,43,34,6,5,1,33,15,18,2,2,0,36,21,15,199,95,104,130,61,69,47,24,23,12,6,6,10,4,6,1177,557,620,180,90,90,565,267,298,193,50,143,188,126,62,213,131,82,69,38,31,223,99,124,168,73,95,221,106,115,482,211,271,6,5,434,156,814,748,66,30,28,10,628,17,52
53382368,0,,,208,105,103,135,82,53,7,2,5,54,14,40,22,18,4,6,1,5,17,10,7,0,0,0,13,8,5,1,0,1,3,2,1,51,28,23,22,12,10,18,11,7,3,2,1,8,3,5,410,203,207,82,50,32,209,97,112,50,12,38,59,37,22,104,73,31,9,4,5,43,21,22,26,10,16,104,50,54,185,78,107,2,3,113,67,267,238,29,5,15,1,194,4,18
53382369,0,,,393,218,175,221,150,71,10,3,7,141,50,91,45,35,10,13,4,9,29,13,16,1,1,0,10,4,6,3,1,2,15,7,8,90,50,40,49,26,23,30,18,12,2,0,2,9,6,3,925,416,509,268,90,178,375,184,191,123,37,86,135,92,43,197,136,61,38,10,28,91,29,62,95,24,71,119,57,62,481,209,272,3,6,244,128,493,453,40,16,26,1,358,12,32
53382373,2,53382382,,*,*,*,*,*,*,*,*,*,*,*,*,*,*,*,*,*,*,*,*,*,*,*,*,*,*,*,*,*,*,*,*,*,*,*,*,*,*,*,*,*,*,*,*,*,*,*,*,*,*,*,*,*,*,*,*,*,*,*,*,*,*,*,*,*,*,*,*,*,*,*,*,*,*,*,*,*,*,*,*,*,*,*,*,*,*,*,*,*,*,*,*,*,*
53382375,0,,,186,101,85,112,75,37,6,2,4,53,15,38,13,12,1,2,1,1,11,4,7,3,2,1,4,0,4,0,0,0,4,2,2,48,30,18,31,22,9,12,4,8,0,0,0,5,4,1,330,161,169,57,30,27,174,81,93,57,19,38,41,30,11,85,57,28,7,4,3,20,12,8,50,23,27,54,23,31,172,75,97,0,5,91,44,222,202,20,10,7,1,172,2,9
53382376,0,,,850,481,369,531,361,170,23,16,7,245,61,184,93,71,22,30,3,27,84,31,53,7,3,4,44,18,26,5,2,3,28,8,20,235,119,116,160,79,81,40,19,21,8,2,6,27,19,8,1601,780,821,232,97,135,762,384,378,252,64,188,313,215,98,322,202,120,65,35,30,187,86,101,246,113,133,303,145,158,782,340,442,12,17,528,204,1049,974,75,26,38,10,824,25,43
53382377,0,,,802,431,371,498,311,187,15,8,7,217,57,160,105,75,30,44,8,36,57,29,28,9,5,4,37,18,19,2,0,2,9,6,3,220,103,117,143,63,80,47,24,23,8,4,4,22,12,10,1563,745,818,203,94,109,789,369,420,230,53,177,324,220,104,366,243,123,50,20,30,163,82,81,173,79,94,261,124,137,800,317,483,6,7,515,206,1020,951,69,55,30,14,736,12,45
53382378,2,53382379,,*,*,*,*,*,*,*,*,*,*,*,*,*,*,*,*,*,*,*,*,*,*,*,*,*,*,*,*,*,*,*,*,*,*,*,*,*,*,*,*,*,*,*,*,*,*,*,*,*,*,*,*,*,*,*,*,*,*,*,*,*,*,*,*,*,*,*,*,*,*,*,*,*,*,*,*,*,*,*,*,*,*,*,*,*,*,*,*,*,*,*,*,*,*
53382379,1,,53382378,1124,610,514,696,446,250,23,10,13,317,89,228,134,102,32,49,13,36,106,55,51,9,2,7,65,33,32,13,8,5,19,12,7,301,154,147,186,93,93,79,43,36,9,1,8,27,17,10,2162,1053,1109,294,146,148,1002,491,511,383,104,279,411,283,128,391,250,141,68,36,32,285,136,149,246,115,131,432,204,228,1111,504,607,9,6,692,316,1426,1311,115,78,80,2,978,21,100
53382381,2,53382392,,*,*,*,*,*,*,*,*,*,*,*,*,*,*,*,*,*,*,*,*,*,*,*,*,*,*,*,*,*,*,*,*,*,*,*,*,*,*,*,*,*,*,*,*,*,*,*,*,*,*,*,*,*,*,*,*,*,*,*,*,*,*,*,*,*,*,*,*,*,*,*,*,*,*,*,*,*,*,*,*,*,*,*,*,*,*,*,*,*,*,*,*,*,*
53382382,1,,53382373,3,2,1,2,1,1,0,0,0,1,1,0,3,3,0,0,0,0,0,0,0,0,0,0,0,0,0,0,0,0,0,0,0,0,0,0,0,0,0,0,0,0,0,0,0,0,0,0,12,6,6,5,0,5,5,5,0,0,0,0,2,1,1,2,2,0,0,0,0,0,0,0,0,0,0,1,1,0,9,3,6,2,0,4,2,6,6,0,0,0,0,4,0,0
53382385,0,,,262,138,124,161,109,52,6,2,4,82,17,65,34,29,5,9,0,9,14,4,10,0,0,0,8,1,7,2,1,1,4,2,2,75,31,44,40,16,24,20,9,11,6,0,6,9,6,3,538,263,275,115,54,61,264,122,142,60,26,34,63,45,18,132,86,46,11,3,8,22,9,13,49,20,29,105,44,61,261,113,148,5,9,149,79,343,307,36,11,10,4,255,7,15
53382386,0,,,901,494,407,537,379,158,27,13,14,290,67,223,79,60,19,22,8,14,113,58,55,4,2,2,71,35,36,7,3,4,31,18,13,262,135,127,170,89,81,55,30,25,14,4,10,23,12,11,1536,771,765,252,122,130,725,371,354,268,75,193,236,171,65,316,204,112,51,21,30,224,114,110,215,112,103,321,150,171,710,325,385,12,14,510,197,1086,1002,84,36,36,14,873,33,43
53382387,0,,,499,271,228,282,198,84,15,5,10,173,43,130,81,61,20,23,4,19,44,20,24,4,0,4,25,11,14,1,1,0,14,8,6,186,91,95,121,58,63,36,17,19,7,3,4,22,13,9,952,470,482,144,62,82,499,253,246,143,44,99,131,93,38,223,143,80,34,16,18,90,45,45,146,67,79,204,94,110,438,192,246,15,11,307,112,666,604,62,33,19,13,508,8,35
53382388,0,,,107,62,45,64,43,21,5,4,1,27,8,19,18,10,8,7,1,6,13,5,8,3,2,1,4,1,3,0,0,0,6,2,4,30,12,18,15,6,9,9,5,4,4,1,3,2,0,2,179,93,86,19,7,12,96,50,46,25,11,14,22,16,6,24,14,10,8,4,4,30,15,15,12,6,6,40,22,18,85,39,46,2,0,81,16,142,132,10,11,2,0,93,1,12
53382389,0,,,171,94,77,104,74,30,4,3,1,44,6,38,13,10,3,4,0,4,17,11,6,2,1,1,5,5,0,4,0,4,6,5,1,39,17,22,31,14,17,5,3,2,1,0,1,2,0,2,303,144,159,48,26,22,166,75,91,44,17,27,43,26,17,39,21,18,15,8,7,57,28,29,40,19,21,35,16,19,173,80,93,0,1,107,40,196,188,8,16,8,0,148,3,14
53382392,1,,53382381,65,37,28,32,25,7,3,1,2,23,5,18,13,10,3,3,1,2,3,1,2,0,0,0,3,1,2,0,0,0,0,0,0,10,5,5,9,4,5,1,1,0,0,0,0,0,0,0,150,79,71,41,22,19,74,40,34,18,6,12,17,11,6,44,38,6,2,1,1,13,6,7,12,6,6,24,10,14,68,24,44,4,5,39,34,82,81,1,2,1,1,59,2,1
53382393,0,,,10,5,5,5,2,3,0,0,0,3,2,1,5,3,2,1,0,1,2,1,1,0,0,0,1,0,1,0,0,0,1,1,0,2,2,0,2,2,0,0,0,0,0,0,0,0,0,0,33,15,18,11,4,7,17,9,8,1,1,0,4,1,3,8,5,3,0,0,0,0,0,0,9,5,4,3,1,2,17,7,10,1,0,11,9,17,16,1,0,0,1,9,1,0
53382395,0,,,78,43,35,48,33,15,4,1,3,22,6,16,15,14,1,10,1,9,9,4,5,0,0,0,7,2,5,0,0,0,2,2,0,16,10,6,10,7,3,3,1,2,1,1,0,2,1,1,152,76,76,24,10,14,68,37,31,26,10,16,21,13,8,52,39,13,3,2,1,5,2,3,11,5,6,21,8,13,72,28,44,9,2,40,12,108,103,5,2,0,1,74,0,4
53382396,0,,,278,152,126,159,110,49,8,4,4,101,29,72,35,31,4,11,1,10,14,6,8,1,1,0,3,1,2,2,1,1,8,3,5,49,22,27,25,12,13,16,7,9,2,0,2,6,3,3,518,256,262,63,28,35,257,128,129,73,23,50,106,68,38,83,54,29,20,11,9,30,16,14,47,23,24,74,31,43,307,139,168,6,11,158,50,351,329,22,5,5,6,271,7,18
53382397,0,,,354,186,168,214,143,71,13,5,8,114,27,87,31,24,7,10,3,7,38,22,16,1,1,0,16,6,10,3,1,2,18,14,4,110,58,52,78,40,38,22,13,9,3,1,2,7,4,3,632,311,321,93,44,49,281,144,137,106,23,83,94,70,24,111,63,48,28,11,17,73,41,32,103,55,48,152,72,80,232,105,127,3,5,218,89,431,400,31,13,12,8,348,3,19
53382398,0,,,94,48,46,60,42,18,2,0,2,28,3,25,6,3,3,1,0,1,18,13,5,1,1,0,10,5,5,1,1,0,6,6,0,19,15,4,11,8,3,7,6,1,0,0,0,1,1,0,143,67,76,11,7,4,89,38,51,24,10,14,8,6,2,31,24,7,16,8,8,25,12,13,20,10,10,27,13,14,47,20,27,0,1,51,17,107,101,6,2,2,0,82,0,11
53382399,0,,,422,226,196,247,165,82,19,9,10,128,30,98,69,55,14,36,11,25,28,15,13,4,0,4,17,12,5,2,1,1,5,2,3,114,62,52,73,40,33,25,11,14,3,1,2,13,10,3,792,390,402,97,42,55,382,191,191,117,35,82,121,80,41,186,127,59,21,11,10,74,43,31,87,42,45,142,70,72,406,164,242,17,18,231,83,574,536,38,6,15,3,424,6,27
53382400,0,,,5,2,3,2,1,1,0,0,0,3,1,2,0,0,0,0,0,0,0,0,0,0,0,0,0,0,0,0,0,0,0,0,0,0,0,0,0,0,0,0,0,0,0,0,0,0,0,0,13,6,7,5,2,3,7,4,3,1,0,1,0,0,0,9,6,3,0,0,0,0,0,0,0,0,0,0,0,0,4,0,4,0,0,4,3,5,5,0,0,0,0,4,1,0
53382403,2,53382410,,*,*,*,*,*,*,*,*,*,*,*,*,*,*,*,*,*,*,*,*,*,*,*,*,*,*,*,*,*,*,*,*,*,*,*,*,*,*,*,*,*,*,*,*,*,*,*,*,*,*,*,*,*,*,*,*,*,*,*,*,*,*,*,*,*,*,*,*,*,*,*,*,*,*,*,*,*,*,*,*,*,*,*,*,*,*,*,*,*,*,*,*,*,*
53382405,2,53382435,,*,*,*,*,*,*,*,*,*,*,*,*,*,*,*,*,*,*,*,*,*,*,*,*,*,*,*,*,*,*,*,*,*,*,*,*,*,*,*,*,*,*,*,*,*,*,*,*,*,*,*,*,*,*,*,*,*,*,*,*,*,*,*,*,*,*,*,*,*,*,*,*,*,*,*,*,*,*,*,*,*,*,*,*,*,*,*,*,*,*,*,*,*,*
53382407,2,53382439,,*,*,*,*,*,*,*,*,*,*,*,*,*,*,*,*,*,*,*,*,*,*,*,*,*,*,*,*,*,*,*,*,*,*,*,*,*,*,*,*,*,*,*,*,*,*,*,*,*,*,*,*,*,*,*,*,*,*,*,*,*,*,*,*,*,*,*,*,*,*,*,*,*,*,*,*,*,*,*,*,*,*,*,*,*,*,*,*,*,*,*,*,*,*
53382410,1,,53382403,8,7,1,6,5,1,0,0,0,2,2,0,3,2,1,1,0,1,0,0,0,0,0,0,0,0,0,0,0,0,0,0,0,3,2,1,1,0,1,1,1,0,1,1,0,0,0,0,23,10,13,8,0,8,11,6,5,1,1,0,3,3,0,11,9,2,0,0,0,4,1,3,1,1,0,1,1,0,9,0,9,1,0,7,7,14,12,2,0,0,0,12,1,0
53382420,0,,,4,3,1,3,2,1,0,0,0,1,1,0,0,0,0,0,0,0,0,0,0,0,0,0,0,0,0,0,0,0,0,0,0,0,0,0,0,0,0,0,0,0,0,0,0,0,0,0,21,7,14,3,1,2,8,3,5,0,0,0,0,0,0,4,4,0,0,0,0,1,0,1,0,0,0,0,0,0,8,1,7,0,1,1,7,4,4,0,0,0,0,4,0,0
53382421,1,,53382431,3,2,1,1,1,0,0,0,0,2,1,1,1,1,0,1,0,1,0,0,0,0,0,0,0,0,0,0,0,0,0,0,0,0,0,0,0,0,0,0,0,0,0,0,0,0,0,0,11,7,4,2,1,1,5,4,1,2,1,1,0,0,0,5,5,0,0,0,0,0,0,0,0,0,0,0,0,0,6,2,4,0,0,3,5,5,5,0,0,0,0,3,0,0
53382431,2,53382421,,*,*,*,*,*,*,*,*,*,*,*,*,*,*,*,*,*,*,*,*,*,*,*,*,*,*,*,*,*,*,*,*,*,*,*,*,*,*,*,*,*,*,*,*,*,*,*,*,*,*,*,*,*,*,*,*,*,*,*,*,*,*,*,*,*,*,*,*,*,*,*,*,*,*,*,*,*,*,*,*,*,*,*,*,*,*,*,*,*,*,*,*,*,*
53382434,1,,53382444,6,3,3,2,2,0,0,0,0,4,1,3,0,0,0,0,0,0,0,0,0,0,0,0,0,0,0,0,0,0,0,0,0,0,0,0,0,0,0,0,0,0,0,0,0,0,0,0,17,11,6,8,5,3,9,6,3,0,0,0,0,0,0,10,9,1,0,0,0,0,0,0,0,0,0,0,0,0,7,2,5,0,0,5,8,6,6,0,0,0,0,6,0,0
53382435,1,,53382405,9,6,3,4,3,1,0,0,0,5,3,2,0,0,0,0,0,0,0,0,0,0,0,0,0,0,0,0,0,0,0,0,0,0,0,0,0,0,0,0,0,0,0,0,0,0,0,0,22,14,8,7,5,2,11,6,5,3,2,1,1,1,0,10,9,1,0,0,0,0,0,0,0,0,0,0,0,0,12,5,7,2,0,5,6,9,9,0,0,0,0,9,0,0
53382438,0,,,8,2,6,2,1,1,0,0,0,6,1,5,2,1,1,0,0,0,0,0,0,0,0,0,0,0,0,0,0,0,0,0,0,0,0,0,0,0,0,0,0,0,0,0,0,0,0,0,32,12,20,7,1,6,16,6,10,0,0,0,1,1,0,6,4,2,0,0,0,0,0,0,2,1,1,1,1,0,23,6,17,0,1,5,15,12,12,0,0,0,0,11,0,0
53382439,1,,53382407,35,26,9,25,19,6,1,1,0,8,5,3,3,3,0,2,1,1,6,0,6,0,0,0,0,0,0,0,0,0,6,0,6,5,3,2,4,2,2,1,1,0,0,0,0,0,0,0,93,49,44,32,13,19,33,20,13,9,2,7,10,9,1,30,26,4,8,2,6,2,0,2,7,3,4,7,3,4,41,14,27,1,1,21,24,41,40,1,4,1,0,30,0,2
53382443,1,,53382452;53382453,13,6,7,7,6,1,0,0,0,6,0,6,1,1,0,0,0,0,0,0,0,0,0,0,0,0,0,0,0,0,0,0,0,4,1,3,2,1,1,2,0,2,0,0,0,0,0,0,34,13,21,10,3,7,17,9,8,5,0,5,2,1,1,13,9,4,0,0,0,0,0,0,0,0,0,8,2,6,17,3,14,0,0,9,7,17,14,3,2,2,0,15,0,0
53382444,2,53382434,,*,*,*,*,*,*,*,*,*,*,*,*,*,*,*,*,*,*,*,*,*,*,*,*,*,*,*,*,*,*,*,*,*,*,*,*,*,*,*,*,*,*,*,*,*,*,*,*,*,*,*,*,*,*,*,*,*,*,*,*,*,*,*,*,*,*,*,*,*,*,*,*,*,*,*,*,*,*,*,*,*,*,*,*,*,*,*,*,*,*,*,*,*,*
53382446,0,,,1,1,0,1,1,0,0,0,0,0,0,0,0,0,0,0,0,0,0,0,0,0,0,0,0,0,0,0,0,0,0,0,0,0,0,0,0,0,0,0,0,0,0,0,0,0,0,0,9,4,5,4,0,4,3,3,0,1,0,1,1,1,0,2,2,0,0,0,0,0,0,0,0,0,0,0,0,0,7,2,5,0,0,1,6,1,1,0,0,0,0,1,0,0
53382447,0,,,8,5,3,5,3,2,0,0,0,3,2,1,3,2,1,1,0,1,1,0,1,0,0,0,0,0,0,0,0,0,1,0,1,1,1,0,0,0,0,1,1,0,0,0,0,0,0,0,30,15,15,7,2,5,20,11,9,2,1,1,1,1,0,5,5,0,0,0,0,0,0,0,4,3,1,4,1,3,19,7,12,0,0,5,8,14,13,1,1,0,2,7,0,3
53382448,0,,,13,5,8,4,2,2,0,0,0,9,3,6,5,4,1,2,1,1,1,1,0,0,0,0,1,1,0,0,0,0,0,0,0,5,3,2,4,2,2,1,1,0,0,0,0,0,0,0,44,21,23,13,5,8,19,9,10,3,1,2,4,3,1,10,9,1,0,0,0,11,6,5,1,1,0,6,1,5,19,6,13,1,0,13,10,21,20,1,1,0,0,15,0,0
53382452,2,53382443,,*,*,*,*,*,*,*,*,*,*,*,*,*,*,*,*,*,*,*,*,*,*,*,*,*,*,*,*,*,*,*,*,*,*,*,*,*,*,*,*,*,*,*,*,*,*,*,*,*,*,*,*,*,*,*,*,*,*,*,*,*,*,*,*,*,*,*,*,*,*,*,*,*,*,*,*,*,*,*,*,*,*,*,*,*,*,*,*,*,*,*,*,*,*
53382453,2,53382443,,*,*,*,*,*,*,*,*,*,*,*,*,*,*,*,*,*,*,*,*,*,*,*,*,*,*,*,*,*,*,*,*,*,*,*,*,*,*,*,*,*,*,*,*,*,*,*,*,*,*,*,*,*,*,*,*,*,*,*,*,*,*,*,*,*,*,*,*,*,*,*,*,*,*,*,*,*,*,*,*,*,*,*,*,*,*,*,*,*,*,*,*,*,*
53382460,0,,,117,57,60,66,43,23,6,2,4,41,9,32,10,9,1,3,2,1,9,4,5,1,1,0,6,3,3,1,0,1,1,0,1,41,18,23,21,10,11,15,8,7,3,0,3,2,0,2,225,109,116,42,22,20,124,55,69,27,10,17,30,21,9,26,13,13,6,3,3,34,18,16,18,9,9,42,18,24,149,70,79,1,1,69,39,151,133,18,5,10,0,109,4,7
53382461,0,,,36,24,12,20,17,3,0,0,0,12,3,9,2,2,0,0,0,0,3,3,0,0,0,0,3,3,0,0,0,0,0,0,0,9,4,5,6,2,4,2,1,1,1,1,0,0,0,0,78,37,41,14,6,8,44,18,26,9,3,6,11,10,1,29,22,7,2,1,1,7,4,3,3,1,2,6,3,3,43,13,30,0,1,20,9,41,38,3,0,1,0,34,0,3
53382470,0,,,911,501,410,545,352,193,30,15,15,276,92,184,141,107,34,70,15,55,70,38,32,11,2,9,33,20,13,13,8,5,13,8,5,245,129,116,134,66,68,65,36,29,10,5,5,35,21,14,1938,933,1005,344,153,191,912,446,466,313,79,234,353,250,103,510,358,152,60,33,27,188,91,97,166,84,82,353,162,191,970,369,601,8,14,589,331,1231,1129,102,63,85,5,830,26,52
53382471,0,,,262,142,120,169,111,58,7,3,4,70,16,54,29,23,6,8,2,6,31,21,10,3,2,1,19,12,7,3,3,0,6,4,2,95,43,52,50,25,25,28,13,15,2,1,1,15,4,11,565,250,315,67,30,37,207,106,101,93,21,72,106,73,33,80,49,31,19,5,14,146,59,87,101,40,61,118,58,60,227,103,124,2,3,149,59,347,301,46,10,25,0,265,4,20
53382472,0,,,9,7,2,7,7,0,0,0,0,2,0,2,2,1,1,1,0,1,2,1,1,0,0,0,1,0,1,0,0,0,1,1,0,0,0,0,0,0,0,0,0,0,0,0,0,0,0,0,17,9,8,0,0,0,9,4,5,2,1,1,6,4,2,8,6,2,4,2,2,0,0,0,1,1,0,1,0,1,5,1,4,1,0,4,1,12,12,0,0,0,0,9,0,0
53382473,0,,,8,5,3,6,4,2,0,0,0,1,0,1,1,1,0,0,0,0,0,0,0,0,0,0,0,0,0,0,0,0,0,0,0,0,0,0,0,0,0,0,0,0,0,0,0,0,0,0,20,10,10,3,1,2,9,4,5,4,1,3,4,4,0,8,6,2,0,0,0,0,0,0,2,1,1,0,0,0,10,3,7,1,0,4,3,9,9,0,0,0,0,7,2,0
53382474,0,,,87,45,42,58,34,24,3,2,1,25,8,17,26,21,5,13,1,12,7,2,5,0,0,0,3,2,1,0,0,0,4,0,4,22,14,8,13,9,4,5,2,3,1,0,1,3,3,0,233,114,119,32,15,17,101,51,50,24,7,17,40,23,17,70,51,19,0,0,0,11,4,7,5,3,2,34,19,15,103,33,70,13,5,43,41,139,127,12,2,5,0,90,4,5
53382475,0,,,93,51,42,56,39,17,4,3,1,28,6,22,25,21,4,13,3,10,8,4,4,0,0,0,5,2,3,1,1,0,2,1,1,22,11,11,15,8,7,5,2,3,0,0,0,2,1,1,204,103,101,25,9,16,92,46,46,43,16,27,34,27,7,61,49,12,7,3,4,9,4,5,6,3,3,33,15,18,106,39,67,9,6,44,26,140,132,8,4,7,1,91,1,6
53382476,2,53382486,,*,*,*,*,*,*,*,*,*,*,*,*,*,*,*,*,*,*,*,*,*,*,*,*,*,*,*,*,*,*,*,*,*,*,*,*,*,*,*,*,*,*,*,*,*,*,*,*,*,*,*,*,*,*,*,*,*,*,*,*,*,*,*,*,*,*,*,*,*,*,*,*,*,*,*,*,*,*,*,*,*,*,*,*,*,*,*,*,*,*,*,*,*,*
53382477,0,,,8,4,4,6,4,2,1,0,1,1,0,1,3,3,0,1,0,1,1,0,1,0,0,0,0,0,0,0,0,0,1,0,1,2,2,0,1,1,0,1,1,0,0,0,0,0,0,0,20,10,10,2,2,0,6,3,3,3,1,2,2,2,0,13,11,2,0,0,0,0,0,0,0,0,0,0,0,0,8,1,7,1,1,1,3,14,13,1,0,0,0,8,1,0
53382480,0,,,367,193,174,188,130,58,32,19,13,134,33,101,52,37,15,10,4,6,59,32,27,1,0,1,36,21,15,8,4,4,14,7,7,121,63,58,88,50,38,19,9,10,8,2,6,6,2,4,781,365,416,225,111,114,382,180,202,87,23,64,66,42,24,131,72,59,54,30,24,166,81,85,154,78,76,148,65,83,295,128,167,4,5,279,173,461,430,31,27,24,2,312,12,29
53382481,0,,,407,224,183,241,169,72,13,8,5,136,37,99,63,47,16,23,2,21,40,16,24,3,1,2,25,9,16,4,2,2,8,4,4,141,70,71,78,40,38,38,16,22,4,1,3,21,13,8,771,384,387,94,40,54,400,203,197,119,36,83,154,102,52,173,123,50,12,5,7,86,41,45,94,42,52,188,93,95,395,163,232,7,12,240,98,557,496,61,19,36,3,380,12,26
53382482,0,,,196,101,95,112,82,30,11,2,9,61,8,53,58,44,14,30,8,22,25,11,14,3,1,2,12,5,7,3,2,1,7,3,4,66,34,32,38,24,14,18,7,11,3,0,3,7,3,4,406,203,203,58,27,31,218,113,105,66,17,49,62,44,18,154,104,50,11,7,4,37,17,20,48,22,26,67,33,34,178,63,115,23,22,98,35,315,286,29,10,13,0,197,8,19
53382483,0,,,147,79,68,88,62,26,10,3,7,47,13,34,56,43,13,24,4,20,9,6,3,0,0,0,6,4,2,0,0,0,3,2,1,40,23,17,23,17,6,9,3,6,3,1,2,5,2,3,344,160,184,39,19,20,186,80,106,58,19,39,50,33,17,109,78,31,7,3,4,29,15,14,23,12,11,57,25,32,155,45,110,21,26,63,47,243,228,15,3,10,3,150,4,7
53382484,0,,,438,240,198,257,176,81,17,12,5,150,41,109,83,68,15,37,3,34,38,19,19,1,0,1,20,11,9,6,4,2,11,4,7,127,62,65,67,32,35,38,18,20,2,0,2,20,12,8,895,435,460,118,48,70,455,228,227,143,48,95,127,88,39,211,138,73,18,9,9,70,32,38,90,41,49,185,91,94,420,175,245,28,24,240,136,625,565,60,11,19,6,435,22,37
53382485,0,,,26,16,10,21,14,7,0,0,0,4,1,3,8,6,2,0,0,0,1,1,0,0,0,0,1,1,0,0,0,0,0,0,0,3,2,1,2,1,1,1,1,0,0,0,0,0,0,0,59,33,26,10,5,5,34,19,15,4,1,3,9,7,2,22,17,5,0,0,0,3,2,1,4,3,1,1,0,1,32,14,18,2,5,8,7,35,34,1,3,0,0,21,1,2
53382486,1,,53382476,164,90,74,97,70,27,7,3,4,51,9,42,56,43,13,17,3,14,7,4,3,1,1,0,4,3,1,1,0,1,1,0,1,49,22,27,21,12,9,16,8,8,7,0,7,5,2,3,347,174,173,35,18,17,157,78,79,50,18,32,39,26,13,92,67,25,2,1,1,38,23,15,24,12,12,56,23,33,189,73,116,10,21,67,32,269,246,23,1,4,2,178,9,10
53382487,0,,,199,96,103,106,67,39,4,3,1,74,15,59,60,48,12,23,5,18,19,10,9,1,1,0,3,1,2,6,2,4,9,6,3,85,49,36,49,27,22,18,12,6,5,2,3,13,8,5,470,224,246,66,28,38,200,102,98,75,25,50,56,40,16,164,117,47,14,8,6,36,16,20,32,14,18,67,29,38,228,82,146,17,17,99,58,321,295,26,10,7,1,185,7,15
53382488,0,,,17,11,6,12,8,4,0,0,0,5,3,2,12,8,4,5,1,4,1,0,1,0,0,0,1,0,1,0,0,0,0,0,0,7,5,2,3,2,1,3,2,1,0,0,0,1,1,0,98,51,47,18,9,9,49,21,28,10,5,5,10,7,3,19,14,5,5,3,2,13,10,3,12,7,5,18,10,8,39,12,27,3,4,10,5,40,35,5,2,0,0,17,1,5
53382490,0,,,110,57,53,65,42,23,4,2,2,33,8,25,34,26,8,22,3,19,6,3,3,0,0,0,3,2,1,1,0,1,2,1,1,47,24,23,25,13,12,14,9,5,3,1,2,5,1,4,238,112,126,22,9,13,135,72,63,37,6,31,36,24,12,87,62,25,3,1,2,18,12,6,20,7,13,61,28,33,95,28,67,20,12,47,29,189,171,18,3,3,0,109,1,19
53382491,0,,,91,48,43,52,35,17,5,1,4,29,7,22,28,25,3,21,4,17,6,2,4,0,0,0,2,0,2,2,1,1,2,1,1,29,9,20,21,6,15,3,1,2,1,0,1,4,2,2,273,123,150,37,17,20,122,54,68,28,7,21,44,30,14,72,51,21,20,7,13,40,14,26,26,7,19,23,9,14,106,37,69,15,9,36,22,157,149,8,11,7,1,77,1,8
53382492,0,,,37,22,15,18,15,3,4,0,4,14,6,8,1,1,0,1,1,0,9,2,7,1,1,0,2,0,2,0,0,0,6,1,5,14,9,5,8,4,4,2,2,0,3,2,1,1,1,0,53,29,24,9,5,4,34,17,17,6,4,2,4,3,1,10,4,6,5,1,4,20,11,9,10,7,3,21,12,9,10,5,5,0,0,27,10,42,39,3,4,1,0,30,1,2
53382493,0,,,181,99,82,113,81,32,5,1,4,52,11,41,41,36,5,21,4,17,12,5,7,3,1,2,8,4,4,1,0,1,0,0,0,64,32,32,38,19,19,18,9,9,4,1,3,4,3,1,346,170,176,47,23,24,187,94,93,59,19,40,51,33,18,97,62,35,2,0,2,28,13,15,43,22,21,113,55,58,137,54,83,10,9,104,41,268,243,25,4,7,1,175,9,22
53382494,0,,,210,112,98,119,84,35,8,4,4,70,17,53,41,29,12,20,4,16,21,13,8,2,1,1,12,8,4,1,1,0,6,3,3,73,40,33,46,24,22,19,14,5,4,1,3,4,1,3,399,189,210,56,31,25,200,90,110,75,21,54,64,45,19,147,99,48,7,4,3,34,17,17,51,28,23,74,35,39,175,57,118,19,12,106,48,300,273,27,2,6,0,205,7,20
53382495,0,,,39,20,19,24,14,10,0,0,0,12,3,9,5,4,1,2,1,1,7,3,4,0,0,0,5,1,4,0,0,0,2,2,0,17,10,7,10,5,5,2,1,1,1,1,0,4,3,1,63,28,35,4,0,4,26,12,14,16,4,12,17,12,5,10,8,2,6,2,4,20,7,13,3,2,1,26,13,13,22,9,13,2,1,21,7,52,46,6,1,2,0,37,4,0
53382496,0,,,110,63,47,61,43,18,4,3,1,37,12,25,47,35,12,25,5,20,9,5,4,1,0,1,5,4,1,0,0,0,3,1,2,51,31,20,25,15,10,15,10,5,2,1,1,9,5,4,304,155,149,30,16,14,152,73,79,50,20,30,30,23,7,109,83,26,4,2,2,23,13,10,26,11,15,45,23,22,140,48,92,22,15,56,28,214,195,19,4,4,1,112,13,12
53382497,0,,,104,55,49,65,38,27,3,1,2,27,8,19,20,16,4,16,3,13,7,4,3,0,0,0,4,2,2,1,1,0,2,1,1,19,9,10,10,5,5,5,2,3,3,1,2,1,1,0,209,103,106,16,8,8,103,48,55,36,15,21,25,16,9,51,37,14,4,3,1,8,5,3,16,9,7,26,13,13,120,44,76,12,7,46,23,153,146,7,1,2,1,92,6,3
53382498,0,,,5,4,1,3,3,0,0,0,0,1,0,1,3,3,0,2,0,2,0,0,0,0,0,0,0,0,0,0,0,0,0,0,0,2,0,2,1,0,1,1,0,1,0,0,0,0,0,0,15,7,8,0,0,0,6,1,5,4,2,2,5,4,1,5,2,3,4,1,3,1,1,0,0,0,0,0,0,0,7,3,4,2,1,3,0,11,10,1,1,0,0,5,0,1
53382499,0,,,10,5,5,2,1,1,1,1,0,6,2,4,3,3,0,2,1,1,0,0,0,0,0,0,0,0,0,0,0,0,0,0,0,2,1,1,2,1,1,0,0,0,0,0,0,0,0,0,25,13,12,6,4,2,10,5,5,4,1,3,4,3,1,7,7,0,0,0,0,1,0,1,2,1,1,5,2,3,12,4,8,1,1,6,4,15,15,0,1,0,0,11,0,0
53382502,0,,,31,20,11,21,16,5,0,0,0,9,3,6,15,14,1,6,0,6,0,0,0,0,0,0,0,0,0,0,0,0,0,0,0,13,5,8,7,3,4,4,2,2,0,0,0,2,0,2,78,39,39,12,5,7,43,18,25,9,4,5,13,12,1,28,20,8,0,0,0,0,0,0,4,4,0,7,0,7,52,20,32,1,0,27,5,57,52,5,1,1,0,36,0,0
53382503,0,,,8,5,3,6,4,2,1,1,0,1,0,1,5,4,1,3,1,2,2,1,1,0,0,0,1,0,1,0,0,0,1,1,0,5,3,2,3,3,0,2,0,2,0,0,0,0,0,0,29,13,16,6,3,3,13,5,8,2,0,2,8,5,3,6,4,2,0,0,0,3,1,2,9,5,4,0,0,0,18,7,11,0,0,10,3,18,16,2,0,0,2,9,0,0
53382504,1,,53382514,15,7,8,7,3,4,0,0,0,3,0,3,6,4,2,4,0,4,1,0,1,1,0,1,0,0,0,0,0,0,0,0,0,2,1,1,2,1,1,0,0,0,0,0,0,0,0,0,35,15,20,2,1,1,20,9,11,9,2,7,4,3,1,6,3,3,1,1,0,3,1,2,4,1,3,9,4,5,15,6,9,0,0,11,3,25,25,0,2,0,0,15,0,0
53382505,0,,,14,8,6,10,7,3,0,0,0,4,1,3,8,6,2,4,1,3,5,2,3,0,0,0,5,2,3,0,0,0,0,0,0,8,3,5,5,2,3,3,1,2,0,0,0,0,0,0,39,19,20,5,2,3,22,10,12,5,1,4,7,6,1,9,3,6,3,2,1,2,2,0,16,6,10,5,2,3,17,9,8,0,0,14,4,29,26,3,3,1,0,18,0,1
53382506,0,,,46,25,21,25,17,8,2,1,1,17,5,12,8,7,1,11,2,9,5,3,2,0,0,0,5,3,2,0,0,0,0,0,0,12,9,3,10,7,3,2,2,0,0,0,0,0,0,0,93,44,49,14,3,11,49,24,25,13,6,7,17,11,6,32,22,10,3,2,1,7,5,2,7,4,3,8,6,2,53,17,36,0,0,31,8,67,65,2,1,2,0,52,0,1
53382507,0,,,82,45,37,44,31,13,1,1,0,34,11,23,12,8,4,1,1,0,12,6,6,0,0,0,6,3,3,0,0,0,6,3,3,18,11,7,9,4,5,5,5,0,1,1,0,3,1,2,158,79,79,30,13,17,68,33,35,25,8,17,32,23,9,28,20,8,22,12,10,16,6,10,15,6,9,25,12,13,76,36,40,0,3,45,12,100,95,5,4,1,1,71,1,5
53382508,0,,,135,70,65,85,55,30,1,0,1,40,8,32,17,16,1,4,0,4,14,6,8,1,1,0,8,3,5,1,1,0,4,1,3,38,24,14,27,18,9,10,5,5,0,0,0,1,1,0,223,102,121,28,5,23,86,45,41,46,12,34,59,38,21,64,43,21,10,5,5,40,18,22,24,12,12,49,24,25,82,27,55,1,1,91,19,168,156,12,7,3,1,135,1,4
53382509,0,,,1148,595,553,697,454,243,10,7,3,397,100,297,148,117,31,55,13,42,139,74,65,5,3,2,81,43,38,8,5,3,45,23,22,328,182,146,216,115,101,57,33,24,7,3,4,48,31,17,1969,941,1028,292,101,191,911,443,468,317,103,214,424,278,146,555,349,206,138,79,59,313,160,153,279,135,144,319,151,168,803,304,499,10,13,723,205,1457,1354,103,41,36,16,1142,6,46
53382514,2,53382504,,*,*,*,*,*,*,*,*,*,*,*,*,*,*,*,*,*,*,*,*,*,*,*,*,*,*,*,*,*,*,*,*,*,*,*,*,*,*,*,*,*,*,*,*,*,*,*,*,*,*,*,*,*,*,*,*,*,*,*,*,*,*,*,*,*,*,*,*,*,*,*,*,*,*,*,*,*,*,*,*,*,*,*,*,*,*,*,*,*,*,*,*,*,*
53382517,0,,,65,38,27,35,24,11,0,0,0,27,11,16,10,10,0,2,0,2,6,5,1,0,0,0,5,4,1,0,0,0,1,1,0,16,7,9,11,5,6,3,1,2,0,0,0,2,1,1,131,68,63,15,8,7,77,40,37,20,9,11,19,11,8,66,47,19,0,0,0,8,3,5,12,8,4,13,6,7,54,16,38,1,4,37,12,82,77,5,6,2,1,68,1,2
53382518,0,,,5,2,3,2,1,1,0,0,0,2,0,2,1,1,0,1,0,1,0,0,0,0,0,0,0,0,0,0,0,0,0,0,0,0,0,0,0,0,0,0,0,0,0,0,0,0,0,0,8,4,4,1,0,1,6,4,2,1,0,1,0,0,0,0,0,0,0,0,0,0,0,0,0,0,0,0,0,0,8,4,4,0,0,4,0,7,7,0,0,0,0,5,0,0
53382519,0,,,127,69,58,77,48,29,1,0,1,36,10,26,23,17,6,5,0,5,8,3,5,0,0,0,7,3,4,0,0,0,1,0,1,23,7,16,14,4,10,4,1,3,2,0,2,3,2,1,284,136,148,58,22,36,114,55,59,54,19,35,46,33,13,98,62,36,6,2,4,14,10,4,25,10,15,26,12,14,133,43,90,0,1,97,36,169,160,9,15,3,1,117,0,2
53382527,0,,,30,12,18,17,12,5,0,0,0,13,0,13,10,9,1,3,0,3,1,0,1,0,0,0,0,0,0,0,0,0,1,0,1,10,6,4,8,6,2,0,0,0,0,0,0,2,0,2,64,31,33,6,2,4,21,10,11,19,7,12,13,9,4,13,9,4,0,0,0,8,5,3,6,3,3,24,10,14,18,6,12,1,4,17,7,46,43,3,1,1,1,31,0,0
53382528,0,,,22,11,11,12,8,4,0,0,0,7,1,6,19,15,4,9,2,7,2,1,1,0,0,0,1,1,0,0,0,0,1,0,1,14,11,3,7,5,2,6,5,1,0,0,0,1,1,0,85,41,44,3,0,3,39,18,21,13,6,7,21,13,8,9,4,5,1,1,0,2,1,1,13,9,4,20,10,10,45,22,23,0,0,28,16,55,50,5,0,0,1,22,0,6
53382529,0,,,172,93,79,98,64,34,2,1,1,61,19,42,33,28,5,14,1,13,15,6,9,2,1,1,8,3,5,0,0,0,5,2,3,65,34,31,46,23,23,14,8,6,1,1,0,4,2,2,342,165,177,62,26,36,167,89,78,42,9,33,67,40,27,114,73,41,8,3,5,30,12,18,38,19,19,54,28,26,174,69,105,4,1,111,33,244,219,25,12,4,1,158,0,8
53382538,0,,,60,28,32,33,21,12,0,0,0,23,5,18,8,7,1,0,0,0,3,1,2,0,0,0,3,1,2,0,0,0,0,0,0,23,14,9,14,7,7,6,5,1,0,0,0,3,2,1,115,57,58,27,12,15,50,26,24,17,4,13,15,10,5,24,15,9,5,2,3,2,2,0,28,17,11,21,8,13,55,23,32,0,2,33,14,79,69,10,0,3,3,59,0,4
53382539,0,,,214,108,106,122,78,44,3,2,1,70,13,57,38,30,8,18,3,15,20,9,11,2,1,1,13,7,6,1,1,0,4,0,4,45,27,18,26,15,11,10,7,3,2,1,1,7,4,3,448,200,248,83,21,62,196,99,97,67,20,47,102,60,42,134,90,44,21,10,11,52,21,31,37,16,21,46,20,26,223,79,144,5,5,139,62,289,272,17,23,2,3,194,2,6
53382549,0,,,23,14,9,12,9,3,0,0,0,7,1,6,4,2,2,1,0,1,7,2,5,0,0,0,4,1,3,2,1,1,1,0,1,6,3,3,4,1,3,1,1,0,1,1,0,0,0,0,44,23,21,4,3,1,23,11,12,8,3,5,7,5,2,11,6,5,0,0,0,15,6,9,5,3,2,12,7,5,12,5,7,0,1,15,5,30,28,2,0,1,0,21,0,1
53382551,1,,53382552,18,13,5,9,7,2,1,1,0,5,3,2,4,3,1,2,0,2,0,0,0,0,0,0,0,0,0,0,0,0,0,0,0,0,0,0,0,0,0,0,0,0,0,0,0,0,0,0,58,30,28,30,14,16,23,13,10,2,1,1,3,2,1,14,11,3,0,0,0,2,1,1,4,3,1,4,2,2,34,13,21,0,3,11,20,24,24,0,0,0,0,14,0,0
53382552,2,53382551,,*,*,*,*,*,*,*,*,*,*,*,*,*,*,*,*,*,*,*,*,*,*,*,*,*,*,*,*,*,*,*,*,*,*,*,*,*,*,*,*,*,*,*,*,*,*,*,*,*,*,*,*,*,*,*,*,*,*,*,*,*,*,*,*,*,*,*,*,*,*,*,*,*,*,*,*,*,*,*,*,*,*,*,*,*,*,*,*,*,*,*,*,*,*
53382563,0,,,35,17,18,10,9,1,2,2,0,21,4,17,11,9,2,2,0,2,3,3,0,0,0,0,3,3,0,0,0,0,0,0,0,4,3,1,4,3,1,0,0,0,0,0,0,0,0,0,87,43,44,51,22,29,24,15,9,2,0,2,9,5,4,33,28,5,2,1,1,4,3,1,11,7,4,4,1,3,40,9,31,3,1,29,19,48,48,0,8,0,0,31,0,1
53382564,0,,,6,2,4,1,1,0,0,0,0,5,1,4,7,4,3,5,0,5,0,0,0,0,0,0,0,0,0,0,0,0,0,0,0,0,0,0,0,0,0,0,0,0,0,0,0,0,0,0,35,13,22,23,7,16,9,5,4,3,1,2,0,0,0,7,7,0,0,0,0,3,1,2,2,1,1,3,2,1,20,2,18,7,2,3,11,18,18,0,2,0,0,4,3,0
53382565,1,,53382566,26,11,15,14,8,6,1,1,0,10,1,9,12,9,3,7,1,6,4,2,2,0,0,0,4,2,2,0,0,0,0,0,0,4,2,2,2,2,0,1,0,1,1,0,1,0,0,0,81,35,46,26,13,13,39,16,23,9,1,8,7,5,2,29,20,9,0,0,0,3,1,2,4,1,3,14,6,8,39,11,28,3,3,16,21,47,45,2,1,1,0,27,1,0
53382566,2,53382565,,*,*,*,*,*,*,*,*,*,*,*,*,*,*,*,*,*,*,*,*,*,*,*,*,*,*,*,*,*,*,*,*,*,*,*,*,*,*,*,*,*,*,*,*,*,*,*,*,*,*,*,*,*,*,*,*,*,*,*,*,*,*,*,*,*,*,*,*,*,*,*,*,*,*,*,*,*,*,*,*,*,*,*,*,*,*,*,*,*,*,*,*,*,*
53382580,0,,,6,3,3,2,1,1,0,0,0,0,0,0,0,0,0,0,0,0,2,1,1,0,0,0,1,0,1,0,0,0,1,1,0,1,1,0,1,1,0,0,0,0,0,0,0,0,0,0,17,8,9,1,1,0,9,4,5,4,1,3,3,2,1,9,6,3,0,0,0,0,0,0,4,2,2,0,0,0,7,2,5,0,0,4,4,6,6,0,0,0,0,3,0,0
53382584,2,53382594,,*,*,*,*,*,*,*,*,*,*,*,*,*,*,*,*,*,*,*,*,*,*,*,*,*,*,*,*,*,*,*,*,*,*,*,*,*,*,*,*,*,*,*,*,*,*,*,*,*,*,*,*,*,*,*,*,*,*,*,*,*,*,*,*,*,*,*,*,*,*,*,*,*,*,*,*,*,*,*,*,*,*,*,*,*,*,*,*,*,*,*,*,*,*
53382590,0,,,5,4,1,2,2,0,0,0,0,3,2,1,2,2,0,1,0,1,0,0,0,0,0,0,0,0,0,0,0,0,0,0,0,1,0,1,0,0,0,0,0,0,0,0,0,1,0,1,13,7,6,0,0,0,5,1,4,4,3,1,3,2,1,3,3,0,0,0,0,3,1,2,0,0,0,1,0,1,7,3,4,1,1,3,4,8,8,0,0,1,1,2,1,0
53382591,0,,,7,2,5,2,2,0,0,0,0,5,0,5,2,2,0,0,0,0,0,0,0,0,0,0,0,0,0,0,0,0,0,0,0,0,0,0,0,0,0,0,0,0,0,0,0,0,0,0,11,5,6,3,2,1,5,2,3,0,0,0,2,1,1,5,4,1,0,0,0,0,0,0,2,1,1,0,0,0,4,0,4,2,1,4,0,9,9,0,0,0,0,7,0,0
53382594,1,,53382584,5,4,1,5,4,1,0,0,0,0,0,0,2,2,0,1,0,1,0,0,0,0,0,0,0,0,0,0,0,0,0,0,0,0,0,0,0,0,0,0,0,0,0,0,0,0,0,0,15,7,8,3,1,2,8,3,5,1,1,0,3,2,1,0,0,0,0,0,0,1,1,0,0,0,0,1,1,0,13,5,8,0,0,6,0,8,8,0,0,0,0,5,1,0
53382600,0,,,1011,519,492,584,378,206,14,6,8,340,84,256,141,106,35,57,12,45,89,41,48,8,4,4,55,24,31,0,0,0,26,13,13,310,155,155,164,68,96,64,31,33,31,25,6,51,31,20,1800,850,950,281,102,179,843,399,444,288,91,197,347,233,114,465,286,179,92,54,38,274,131,143,208,92,116,254,110,144,854,341,513,5,5,650,189,1340,1210,130,92,25,16,965,15,67
53382601,0,,,374,185,189,209,123,86,4,2,2,116,29,87,56,41,15,25,5,20,18,10,8,0,0,0,13,7,6,0,0,0,5,3,2,63,31,32,41,22,19,15,8,7,3,0,3,4,1,3,697,331,366,108,38,70,331,161,170,108,41,67,132,81,51,210,134,76,25,16,9,98,45,53,63,33,30,68,28,40,289,99,190,1,2,258,81,473,456,17,66,10,0,284,1,13
53382603,0,,,318,167,151,178,123,55,11,7,4,99,13,86,35,27,8,14,4,10,30,13,17,3,0,3,16,6,10,3,1,2,8,6,2,94,38,56,56,23,33,29,14,15,3,0,3,6,1,5,581,290,291,129,58,71,314,159,155,51,17,34,59,39,20,108,61,47,27,13,14,71,31,40,84,38,46,97,54,43,305,138,167,2,1,185,115,408,373,35,20,9,1,302,0,16
53382604,0,,,293,144,149,156,101,55,12,6,6,103,22,81,30,22,8,7,0,7,42,25,17,8,6,2,21,13,8,5,2,3,8,4,4,121,55,66,78,35,43,30,15,15,5,2,3,8,3,5,497,231,266,84,34,50,279,130,149,62,24,38,55,39,16,109,74,35,36,19,17,120,56,64,87,35,52,116,52,64,192,75,117,0,5,187,51,374,330,44,19,18,2,283,1,10
53382605,0,,,637,335,302,364,238,126,12,6,6,207,48,159,70,55,15,30,5,25,59,32,27,15,7,8,24,14,10,1,1,0,19,10,9,176,86,90,106,50,56,46,21,25,4,1,3,20,14,6,1133,547,586,215,83,132,576,290,286,139,43,96,162,113,49,269,167,102,46,25,21,119,58,61,146,70,76,185,82,103,595,260,335,14,4,367,126,810,741,69,52,39,10,582,2,16
53382606,0,,,338,163,175,162,112,50,12,5,7,151,36,115,40,32,8,11,4,7,30,15,15,5,3,2,13,5,8,0,0,0,12,7,5,113,40,73,63,23,40,35,10,25,7,1,6,8,6,2,745,337,408,170,49,121,396,201,195,72,22,50,56,43,13,106,53,53,33,15,18,100,45,55,96,44,52,149,64,85,385,162,223,0,2,252,173,437,390,47,26,40,6,316,4,8
53382610,0,,,160,87,73,98,68,30,2,2,0,48,9,39,30,23,7,21,5,16,14,10,4,2,1,1,9,7,2,0,0,0,3,2,1,53,24,29,30,14,16,12,5,7,0,0,0,11,5,6,329,161,168,52,19,33,155,75,80,45,13,32,64,45,19,72,57,15,18,7,11,41,24,17,45,22,23,65,26,39,140,49,91,0,5,118,32,235,216,19,13,4,2,162,1,7
53382611,0,,,63,37,26,44,31,13,2,1,1,14,3,11,10,10,0,6,1,5,4,2,2,0,0,0,2,1,1,0,0,0,2,1,1,9,5,4,4,3,1,5,2,3,0,0,0,0,0,0,158,82,76,29,14,15,93,48,45,18,5,13,18,15,3,44,34,10,1,0,1,14,6,8,13,5,8,14,8,6,85,36,49,0,0,43,21,84,79,5,6,0,0,64,1,1
53382612,0,,,122,50,72,80,34,46,1,0,1,24,6,18,8,7,1,5,2,3,8,3,5,4,0,4,3,2,1,0,0,0,1,1,0,13,2,11,8,1,7,2,1,1,1,0,1,2,0,2,169,71,98,14,2,12,82,32,50,35,16,19,37,21,16,44,25,19,17,9,8,38,11,27,17,5,12,25,11,14,48,15,33,0,0,94,22,137,135,2,48,4,1,45,2,23
53382615,0,,,46,25,21,23,16,7,2,2,0,20,6,14,5,3,2,1,0,1,5,3,2,0,0,0,3,2,1,0,0,0,2,1,1,21,9,12,14,4,10,6,5,1,0,0,0,1,0,1,90,44,46,13,7,6,45,18,27,6,1,5,7,7,0,9,4,5,0,0,0,6,4,2,11,6,5,33,14,19,34,17,17,0,1,29,18,61,53,8,1,7,1,52,1,0
53382616,0,,,524,282,242,299,201,98,9,5,4,171,38,133,55,42,13,16,9,7,35,18,17,3,2,1,17,8,9,0,0,0,15,8,7,124,60,64,77,33,44,36,20,16,3,2,1,8,5,3,993,484,509,180,66,114,551,284,267,112,32,80,114,86,28,299,197,102,23,11,12,55,25,30,75,37,38,121,57,64,566,228,338,4,2,303,100,643,598,45,24,36,1,479,3,13
53382617,0,,,134,70,64,85,57,28,1,0,1,45,10,35,11,8,3,6,1,5,10,4,6,1,1,0,6,3,3,0,0,0,3,0,3,45,23,22,23,11,12,16,8,8,1,1,0,5,3,2,211,99,112,38,17,21,126,55,71,25,11,14,14,12,2,41,22,19,4,2,2,16,9,7,38,19,19,51,20,31,116,54,62,0,0,78,13,174,151,23,8,16,1,130,0,6
53382621,0,,,116,55,61,56,35,21,7,0,7,33,7,26,15,14,1,11,4,7,22,12,10,1,0,1,12,8,4,0,0,0,9,4,5,33,18,15,20,14,6,8,2,6,0,0,0,5,2,3,215,100,115,20,8,12,83,39,44,45,16,29,52,30,22,38,30,8,23,8,15,57,23,34,16,7,9,39,16,23,79,38,41,1,1,76,21,155,143,12,6,1,3,115,0,15
53382622,0,,,113,59,54,60,39,21,1,1,0,44,11,33,12,12,0,6,1,5,22,11,11,0,0,0,14,9,5,0,0,0,8,2,6,24,14,10,16,11,5,6,1,5,0,0,0,2,2,0,210,103,107,31,13,18,101,51,50,26,7,19,31,20,11,46,25,21,10,6,4,24,10,14,23,11,12,37,20,17,89,41,48,1,1,66,24,140,131,9,3,1,0,114,0,8
53382626,0,,,458,240,218,252,170,82,17,8,9,155,34,121,43,39,4,32,9,23,50,33,17,7,5,2,21,15,6,3,3,0,19,10,9,133,76,57,80,40,40,37,27,10,6,5,1,10,4,6,808,399,409,154,60,94,455,240,215,105,30,75,87,65,22,245,162,83,12,6,6,99,55,44,77,34,43,145,73,72,400,171,229,2,0,264,79,593,537,56,32,32,4,445,1,14
53382627,0,,,750,392,358,461,298,163,7,3,4,236,53,183,82,68,14,40,7,33,80,32,48,2,2,0,53,21,32,3,0,3,22,9,13,202,101,101,120,50,70,55,37,18,8,5,3,19,9,10,1524,723,801,283,103,180,812,395,417,199,67,132,195,137,58,500,314,186,28,11,17,149,67,82,128,54,74,233,115,118,769,296,473,2,5,471,181,956,874,82,82,63,6,658,7,13
53382628,0,,,277,153,124,169,120,49,9,8,1,91,19,72,19,9,10,5,1,4,26,16,10,3,2,1,14,8,6,0,0,0,9,6,3,74,42,32,38,22,16,28,14,14,1,1,0,7,5,2,476,238,238,79,40,39,266,127,139,61,20,41,61,45,16,100,63,37,21,13,8,62,31,31,67,31,36,100,52,48,226,106,120,1,2,161,42,335,302,33,15,27,2,267,3,5
53382629,0,,,8,2,6,3,1,2,1,1,0,4,0,4,3,3,0,1,0,1,1,0,1,0,0,0,1,0,1,0,0,0,0,0,0,4,3,1,3,3,0,1,0,1,0,0,0,0,0,0,19,7,12,3,2,1,14,4,10,0,0,0,2,1,1,10,7,3,0,0,0,2,1,1,0,0,0,4,0,4,8,2,6,0,0,6,0,14,13,1,0,1,0,10,0,0
53382630,0,,,22,9,13,10,4,6,1,1,0,7,2,5,1,0,1,0,0,0,3,1,2,0,0,0,0,0,0,0,0,0,3,1,2,2,0,2,1,0,1,0,0,0,0,0,0,1,0,1,38,17,21,2,1,1,23,10,13,8,3,5,5,3,2,7,4,3,1,1,0,7,3,4,4,2,2,5,1,4,19,7,12,0,0,10,6,23,23,0,9,0,0,13,0,0
53382631,0,,,686,357,329,410,260,150,13,7,6,216,54,162,85,72,13,33,7,26,68,33,35,2,1,1,39,15,24,7,3,4,20,14,6,175,99,76,106,62,44,47,23,24,5,2,3,17,12,5,1242,603,639,178,73,105,598,294,304,187,64,123,245,156,89,295,206,89,74,29,45,156,75,81,160,87,73,232,96,136,519,217,302,6,12,449,160,878,811,67,65,10,12,622,4,32
53382632,0,,,29,17,12,14,11,3,1,1,0,9,4,5,3,2,1,2,1,1,2,1,1,0,0,0,1,1,0,0,0,0,1,0,1,4,3,1,3,3,0,1,0,1,0,0,0,0,0,0,47,24,23,9,4,5,21,10,11,6,2,4,6,5,1,8,7,1,0,0,0,5,2,3,10,5,5,4,2,2,20,9,11,0,0,17,3,35,34,1,1,1,0,25,0,0
53382636,0,,,73,35,38,41,21,20,2,2,0,26,9,17,7,6,1,1,0,1,1,0,1,0,0,0,1,0,1,0,0,0,0,0,0,6,3,3,1,0,1,4,2,2,0,0,0,1,1,0,114,53,61,17,8,9,69,33,36,16,5,11,9,6,3,11,4,7,0,0,0,7,3,4,6,3,3,31,12,19,66,34,32,0,1,37,10,85,81,4,4,6,0,69,1,0
53382637,0,,,281,147,134,185,119,66,3,2,1,81,15,66,33,25,8,10,0,10,28,18,10,0,0,0,19,12,7,3,2,1,6,4,2,99,42,57,62,29,33,20,5,15,6,2,4,11,6,5,571,270,301,111,43,68,287,145,142,79,25,54,79,49,30,159,110,49,4,2,2,60,28,32,64,29,35,118,49,69,293,112,181,4,7,181,65,370,328,42,36,48,0,260,2,1
53382638,0,,,479,257,222,284,188,96,7,4,3,158,42,116,49,39,10,18,3,15,31,20,11,1,1,0,21,13,8,0,0,0,9,6,3,131,70,61,76,42,34,32,18,14,3,0,3,20,10,10,855,423,432,150,66,84,483,243,240,102,34,68,94,65,29,198,134,64,23,13,10,59,30,29,58,27,31,181,86,95,468,206,262,1,2,281,79,610,549,61,30,43,4,462,4,13
53382639,0,,,456,259,197,263,187,76,7,6,1,150,40,110,42,32,10,16,5,11,56,29,27,1,0,1,32,15,17,3,1,2,20,13,7,139,66,73,85,40,45,32,13,19,3,2,1,19,11,8,920,439,481,178,65,113,452,224,228,104,40,64,109,74,35,179,117,62,51,27,24,143,56,87,85,33,52,133,65,68,417,185,232,1,0,283,112,558,517,41,22,42,1,426,2,16
53382641,1,,53382651,57,32,25,29,21,8,1,1,0,20,5,15,3,2,1,0,0,0,3,1,2,0,0,0,3,1,2,0,0,0,0,0,0,14,8,6,10,6,4,4,2,2,0,0,0,0,0,0,94,49,45,17,8,9,57,31,26,10,3,7,7,5,2,27,18,9,6,3,3,11,7,4,4,2,2,17,9,8,43,17,26,0,1,33,8,64,60,4,2,3,0,52,0,3
53382648,2,53382649,,*,*,*,*,*,*,*,*,*,*,*,*,*,*,*,*,*,*,*,*,*,*,*,*,*,*,*,*,*,*,*,*,*,*,*,*,*,*,*,*,*,*,*,*,*,*,*,*,*,*,*,*,*,*,*,*,*,*,*,*,*,*,*,*,*,*,*,*,*,*,*,*,*,*,*,*,*,*,*,*,*,*,*,*,*,*,*,*,*,*,*,*,*,*
53382649,1,,53382648,824,439,385,491,323,168,19,12,7,249,55,194,95,71,24,34,3,31,83,48,35,3,1,2,39,22,17,11,8,3,30,17,13,265,119,146,170,84,86,58,25,33,16,3,13,21,7,14,1555,752,803,232,89,143,825,410,415,195,53,142,240,166,74,318,201,117,44,20,24,209,104,105,175,80,95,275,130,145,796,335,461,8,6,504,203,1057,962,95,42,93,6,773,3,16
53382651,2,53382641,,*,*,*,*,*,*,*,*,*,*,*,*,*,*,*,*,*,*,*,*,*,*,*,*,*,*,*,*,*,*,*,*,*,*,*,*,*,*,*,*,*,*,*,*,*,*,*,*,*,*,*,*,*,*,*,*,*,*,*,*,*,*,*,*,*,*,*,*,*,*,*,*,*,*,*,*,*,*,*,*,*,*,*,*,*,*,*,*,*,*,*,*,*,*
53382659,0,,,29,14,15,16,8,8,0,0,0,11,5,6,2,2,0,2,0,2,1,0,1,1,0,1,0,0,0,0,0,0,0,0,0,9,6,3,6,4,2,3,2,1,0,0,0,0,0,0,60,26,34,13,3,10,34,17,17,4,1,3,9,5,4,10,7,3,2,0,2,5,1,4,12,7,5,3,1,2,38,16,22,1,0,19,11,36,33,3,3,2,0,26,0,1
53382668,2,53382678,,*,*,*,*,*,*,*,*,*,*,*,*,*,*,*,*,*,*,*,*,*,*,*,*,*,*,*,*,*,*,*,*,*,*,*,*,*,*,*,*,*,*,*,*,*,*,*,*,*,*,*,*,*,*,*,*,*,*,*,*,*,*,*,*,*,*,*,*,*,*,*,*,*,*,*,*,*,*,*,*,*,*,*,*,*,*,*,*,*,*,*,*,*,*
53382676,1,,53382686,6,4,2,3,3,0,0,0,0,2,0,2,2,1,1,0,0,0,0,0,0,0,0,0,0,0,0,0,0,0,0,0,0,1,0,1,0,0,0,1,0,1,0,0,0,0,0,0,78,48,30,7,4,3,13,10,3,3,2,1,1,1,0,3,2,1,6,5,1,13,7,6,9,7,2,16,9,7,32,18,14,0,0,4,3,9,8,1,0,1,0,7,0,0
53382677,0,,,6,3,3,3,2,1,0,0,0,2,0,2,0,0,0,0,0,0,0,0,0,0,0,0,0,0,0,0,0,0,0,0,0,6,3,3,4,2,2,1,0,1,0,0,0,1,1,0,8,4,4,0,0,0,5,2,3,0,0,0,1,1,0,2,2,0,0,0,0,0,0,0,0,0,0,8,4,4,0,0,0,0,0,3,1,8,6,2,0,0,0,6,1,0
53382678,1,,53382668,163,99,64,77,56,21,3,3,0,70,32,38,14,12,2,1,1,0,8,3,5,0,0,0,5,3,2,0,0,0,3,0,3,40,21,19,20,11,9,8,4,4,1,1,0,11,5,6,283,151,132,48,19,29,145,77,68,36,21,15,43,29,14,64,45,19,17,7,10,27,20,7,30,20,10,48,22,26,136,58,78,0,0,100,29,195,180,15,15,18,1,152,4,3
53382679,1,,53382689,219,125,94,116,82,34,7,5,2,73,22,51,22,16,6,12,5,7,15,7,8,0,0,0,10,5,5,0,0,0,5,2,3,64,38,26,40,23,17,13,7,6,1,0,1,10,8,2,412,211,201,56,28,28,204,104,100,55,17,38,59,44,15,107,74,33,10,7,3,30,20,10,31,15,16,71,40,31,190,74,116,1,2,121,54,274,254,20,14,13,2,193,2,10
53382681,0,,,2,0,2,0,0,0,1,0,1,1,0,1,2,2,0,2,0,2,0,0,0,0,0,0,0,0,0,0,0,0,0,0,0,0,0,0,0,0,0,0,0,0,0,0,0,0,0,0,12,4,8,7,3,4,2,0,2,2,1,1,1,0,1,6,4,2,0,0,0,0,0,0,0,0,0,0,0,0,6,0,6,1,1,1,2,6,6,0,0,0,0,2,0,0
53382686,2,53382676,,*,*,*,*,*,*,*,*,*,*,*,*,*,*,*,*,*,*,*,*,*,*,*,*,*,*,*,*,*,*,*,*,*,*,*,*,*,*,*,*,*,*,*,*,*,*,*,*,*,*,*,*,*,*,*,*,*,*,*,*,*,*,*,*,*,*,*,*,*,*,*,*,*,*,*,*,*,*,*,*,*,*,*,*,*,*,*,*,*,*,*,*,*,*
53382687,0,,,4,3,1,0,0,0,0,0,0,4,3,1,1,1,0,0,0,0,0,0,0,0,0,0,0,0,0,0,0,0,0,0,0,2,1,1,1,1,0,0,0,0,0,0,0,1,0,1,9,5,4,4,1,3,3,2,1,2,2,0,0,0,0,5,1,4,0,0,0,2,2,0,0,0,0,1,1,0,3,2,1,0,1,3,2,6,5,1,2,1,0,4,0,0
53382688,0,,,33,15,18,13,9,4,0,0,0,15,3,12,4,3,1,1,0,1,1,0,1,0,0,0,1,0,1,0,0,0,0,0,0,11,6,5,8,5,3,2,1,1,0,0,0,1,0,1,60,27,33,13,3,10,30,13,17,6,3,3,11,8,3,18,13,5,4,0,4,10,5,5,1,1,0,12,7,5,27,7,20,0,0,28,9,40,38,2,14,2,0,17,0,0
53382689,2,53382679,,*,*,*,*,*,*,*,*,*,*,*,*,*,*,*,*,*,*,*,*,*,*,*,*,*,*,*,*,*,*,*,*,*,*,*,*,*,*,*,*,*,*,*,*,*,*,*,*,*,*,*,*,*,*,*,*,*,*,*,*,*,*,*,*,*,*,*,*,*,*,*,*,*,*,*,*,*,*,*,*,*,*,*,*,*,*,*,*,*,*,*,*,*,*
53382690,0,,,15,10,5,7,5,2,2,1,1,3,2,1,6,5,1,2,0,2,0,0,0,0,0,0,0,0,0,0,0,0,0,0,0,2,0,2,1,0,1,1,0,1,0,0,0,0,0,0,32,18,14,7,5,2,13,7,6,5,4,1,2,0,2,16,9,7,0,0,0,3,2,1,2,1,1,3,2,1,10,4,6,3,0,7,3,24,23,1,1,1,0,16,0,1
53382691,0,,,17,9,8,8,5,3,1,0,1,5,2,3,4,3,1,3,0,3,0,0,0,0,0,0,0,0,0,0,0,0,0,0,0,2,1,1,0,0,0,0,0,0,0,0,0,2,1,1,26,13,13,1,1,0,15,6,9,3,0,3,4,4,0,8,6,2,0,0,0,1,1,0,0,0,0,1,0,1,18,7,11,1,0,8,2,25,24,1,1,0,0,13,0,0
53382709,0,,,55,32,23,37,26,11,0,0,0,12,1,11,12,9,3,1,0,1,6,3,3,0,0,0,3,2,1,0,0,0,3,1,2,14,6,8,13,5,8,1,1,0,0,0,0,0,0,0,131,60,71,36,14,22,64,30,34,19,9,10,12,7,5,14,8,6,5,2,3,13,6,7,20,11,9,9,6,3,90,36,54,2,4,32,18,70,68,2,6,0,2,49,0,0
53382710,0,,,48,29,19,27,19,8,1,1,0,16,7,9,5,4,1,1,0,1,0,0,0,0,0,0,0,0,0,0,0,0,0,0,0,8,5,3,5,4,1,1,0,1,0,0,0,2,1,1,77,37,40,21,8,13,43,25,18,4,0,4,9,4,5,28,21,7,0,0,0,0,0,0,4,3,1,9,5,4,44,13,31,1,2,24,8,58,55,3,4,1,1,40,1,1
53382711,0,,,37,21,16,16,12,4,2,2,0,13,3,10,4,3,1,3,0,3,3,3,0,0,0,0,3,3,0,0,0,0,0,0,0,6,3,3,3,2,1,1,0,1,0,0,0,2,1,1,57,27,30,7,3,4,36,17,19,8,3,5,4,3,1,20,17,3,0,0,0,3,1,2,3,1,2,12,3,9,28,11,17,1,1,18,4,47,44,3,7,0,0,30,1,1
53382713,0,,,32,17,15,15,11,4,0,0,0,16,5,11,3,1,2,1,1,0,0,0,0,0,0,0,0,0,0,0,0,0,0,0,0,5,2,3,1,1,0,3,1,2,1,0,1,0,0,0,65,31,34,22,9,13,38,21,17,5,1,4,0,0,0,33,21,12,0,0,0,0,0,0,0,0,0,6,3,3,31,9,22,0,0,20,5,40,36,4,0,2,0,34,0,0
53382715,1,,53382716,32,17,15,21,12,9,0,0,0,11,5,6,1,1,0,0,0,0,0,0,0,0,0,0,0,0,0,0,0,0,0,0,0,6,5,1,3,2,1,1,1,0,1,1,0,1,1,0,68,34,34,10,5,5,33,18,15,10,2,8,8,5,3,28,21,7,1,1,0,4,2,2,0,0,0,6,3,3,30,9,21,0,0,19,10,37,33,4,0,3,0,36,0,0
53382716,2,53382715,,*,*,*,*,*,*,*,*,*,*,*,*,*,*,*,*,*,*,*,*,*,*,*,*,*,*,*,*,*,*,*,*,*,*,*,*,*,*,*,*,*,*,*,*,*,*,*,*,*,*,*,*,*,*,*,*,*,*,*,*,*,*,*,*,*,*,*,*,*,*,*,*,*,*,*,*,*,*,*,*,*,*,*,*,*,*,*,*,*,*,*,*,*,*
53382719,0,,,8,5,3,4,2,2,0,0,0,2,1,1,4,4,0,3,1,2,1,0,1,0,0,0,1,0,1,0,0,0,0,0,0,0,0,0,0,0,0,0,0,0,0,0,0,0,0,0,27,16,11,6,1,5,14,9,5,1,1,0,5,4,1,0,0,0,0,0,0,8,6,2,5,3,2,2,2,0,13,5,8,3,1,7,7,15,15,0,0,0,0,13,0,0
53382720,0,,,78,42,36,43,27,16,0,0,0,27,8,19,5,3,2,3,1,2,3,3,0,1,1,0,1,1,0,0,0,0,1,1,0,17,7,10,10,5,5,6,2,4,0,0,0,1,0,1,134,64,70,23,11,12,76,38,38,14,2,12,15,11,4,45,32,13,0,0,0,1,1,0,19,9,10,24,6,18,60,24,36,2,0,42,13,96,87,9,2,4,0,79,0,2
53382723,0,,,11,5,6,6,2,4,0,0,0,5,3,2,3,2,1,0,0,0,2,0,2,0,0,0,0,0,0,0,0,0,2,0,2,6,3,3,4,1,3,1,1,0,0,0,0,1,1,0,28,13,15,7,4,3,13,6,7,2,0,2,2,1,1,8,5,3,5,1,4,0,0,0,3,2,1,5,2,3,15,6,9,0,1,6,3,17,15,2,0,0,0,14,0,1
53382724,0,,,30,16,14,15,8,7,1,1,0,10,3,7,11,9,2,2,1,1,3,1,2,0,0,0,0,0,0,3,1,2,0,0,0,8,3,5,3,1,2,2,1,1,0,0,0,3,1,2,71,38,33,12,3,9,40,24,16,8,2,6,11,9,2,12,7,5,5,4,1,9,6,3,8,3,5,9,4,5,39,18,21,0,2,17,11,45,43,2,2,2,1,34,0,0
53382725,0,,,9,5,4,4,3,1,0,0,0,4,1,3,0,0,0,0,0,0,0,0,0,0,0,0,0,0,0,0,0,0,0,0,0,0,0,0,0,0,0,0,0,0,0,0,0,0,0,0,15,6,9,3,1,2,7,3,4,1,0,1,2,2,0,5,3,2,0,0,0,0,0,0,1,1,0,1,0,1,6,2,4,0,0,5,1,9,9,0,0,0,1,8,0,0
53382730,0,,,139,72,67,84,49,35,2,2,0,43,12,31,15,13,2,5,1,4,34,17,17,3,2,1,9,4,5,3,2,1,19,9,10,62,38,24,47,31,16,11,4,7,0,0,0,4,3,1,312,146,166,45,18,27,155,67,88,39,20,19,47,29,18,81,58,23,19,9,10,43,19,24,33,13,20,52,20,32,131,57,74,3,2,90,53,177,162,15,8,13,0,132,1,6
53382732,0,,,130,63,67,65,44,21,2,1,1,58,13,45,12,9,3,7,1,6,14,5,9,0,0,0,6,2,4,1,0,1,7,3,4,52,21,31,31,13,18,10,3,7,3,2,1,8,3,5,300,137,163,54,26,28,141,60,81,32,12,20,26,13,13,63,37,26,1,0,1,30,15,15,18,7,11,43,15,28,158,63,95,0,0,83,68,167,149,18,8,13,2,137,0,2
53382733,0,,,67,36,31,47,30,17,0,0,0,19,6,13,6,6,0,4,1,3,3,1,2,0,0,0,0,0,0,3,1,2,0,0,0,13,5,8,8,3,5,3,0,3,1,1,0,1,1,0,138,71,67,16,5,11,80,43,37,16,8,8,19,10,9,46,37,9,0,0,0,12,4,8,22,11,11,20,7,13,53,17,36,0,1,37,17,86,79,7,2,7,0,66,1,0
53382740,0,,,531,274,257,292,191,101,6,2,4,191,53,138,44,33,11,13,4,9,63,32,31,5,2,3,32,18,14,8,3,5,18,9,9,187,102,85,81,38,43,28,14,14,6,3,3,72,47,25,940,448,492,151,60,91,454,215,239,115,33,82,151,105,46,177,112,65,57,29,28,178,94,84,94,44,50,190,88,102,439,190,249,7,3,321,206,684,599,85,47,59,5,463,9,38
53382741,0,,,731,309,422,166,106,60,3,1,2,528,176,352,50,39,11,16,5,11,32,14,18,3,0,3,12,7,5,4,1,3,13,6,7,1182,420,762,42,21,21,14,4,10,0,0,0,1126,395,731,620,303,317,97,36,61,254,121,133,71,28,43,133,82,51,140,99,41,300,106,194,719,258,461,51,23,28,65,29,36,308,123,185,3,1,643,1158,1227,801,426,561,168,8,265,24,60
53382742,0,,,448,219,229,212,133,79,13,4,9,197,62,135,35,27,8,16,3,13,29,17,12,0,0,0,8,5,3,8,3,5,13,9,4,338,139,199,81,41,40,32,18,14,6,2,4,219,78,141,667,315,352,100,43,57,322,154,168,88,30,58,76,47,29,137,94,43,72,30,42,175,60,115,80,40,40,144,66,78,307,130,177,2,3,305,223,590,499,91,117,58,5,351,6,27
53382743,2,53382753,,*,*,*,*,*,*,*,*,*,*,*,*,*,*,*,*,*,*,*,*,*,*,*,*,*,*,*,*,*,*,*,*,*,*,*,*,*,*,*,*,*,*,*,*,*,*,*,*,*,*,*,*,*,*,*,*,*,*,*,*,*,*,*,*,*,*,*,*,*,*,*,*,*,*,*,*,*,*,*,*,*,*,*,*,*,*,*,*,*,*,*,*,*,*
53382750,0,,,159,84,75,98,69,29,3,3,0,52,7,45,12,12,0,9,3,6,12,8,4,1,1,0,5,3,2,2,2,0,4,2,2,66,30,36,36,17,19,19,10,9,2,0,2,9,3,6,284,156,128,34,12,22,130,73,57,39,17,22,44,29,15,63,39,24,12,7,5,41,26,15,26,7,19,92,44,48,95,48,47,1,1,89,44,212,186,26,11,20,0,155,0,4
53382751,0,,,458,197,261,157,107,50,2,1,1,263,65,198,33,21,12,16,6,10,19,7,12,3,1,2,6,4,2,3,1,2,7,1,6,543,198,345,58,36,22,27,15,12,0,0,0,458,147,311,550,261,289,77,26,51,241,107,134,69,17,52,118,87,31,105,66,39,151,53,98,349,123,226,63,30,33,113,53,60,233,98,135,0,0,383,484,713,514,199,232,84,7,260,10,45
53382752,0,,,769,378,391,343,224,119,8,5,3,374,118,256,112,80,32,50,12,38,37,24,13,3,2,1,15,10,5,11,7,4,8,5,3,612,275,337,103,58,45,59,33,26,9,6,3,441,178,263,1295,626,669,183,78,105,627,300,327,170,60,110,217,138,79,301,206,95,122,57,65,421,181,240,125,57,68,195,98,97,653,262,391,5,4,585,588,1168,934,234,275,122,4,532,20,66
53382753,1,,53382743,397,218,179,228,156,72,5,2,3,125,32,93,55,44,11,18,3,15,53,27,26,1,1,0,27,13,14,3,2,1,22,11,11,124,69,55,82,40,42,19,15,4,4,0,4,19,14,5,687,353,334,100,41,59,336,189,147,96,33,63,96,60,36,129,89,40,49,26,23,91,44,47,118,60,58,143,70,73,273,126,147,7,6,237,75,503,471,32,18,26,6,390,0,10
53382754,0,,,75,38,37,45,27,18,1,1,0,27,8,19,5,5,0,2,1,1,6,2,4,1,1,0,2,0,2,0,0,0,3,1,2,17,10,7,11,6,5,4,3,1,0,0,0,2,1,1,131,67,64,26,8,18,62,34,28,13,6,7,19,12,7,45,37,8,5,2,3,19,7,12,9,7,2,19,5,14,51,16,35,1,1,44,15,88,82,6,2,2,0,71,0,2
53382755,1,,53382765;53382766,95,51,44,59,39,20,0,0,0,32,10,22,12,9,3,5,2,3,2,0,2,0,0,0,1,0,1,0,0,0,1,0,1,27,13,14,12,7,5,6,2,4,2,0,2,7,4,3,163,78,85,37,14,23,92,49,43,18,4,14,16,11,5,68,46,22,0,0,0,4,1,3,4,2,2,30,14,16,86,28,58,0,1,52,12,122,113,9,1,13,0,98,1,2
53382756,0,,,18,10,8,10,9,1,1,1,0,7,0,7,2,2,0,1,0,1,0,0,0,0,0,0,0,0,0,0,0,0,0,0,0,5,2,3,5,2,3,0,0,0,0,0,0,0,0,0,37,20,17,10,5,5,12,7,5,8,3,5,4,3,1,15,13,2,0,0,0,4,0,4,3,2,1,1,0,1,16,5,11,0,0,11,6,21,21,0,1,0,0,19,1,0
53382760,0,,,32,18,14,18,12,6,0,0,0,13,5,8,4,3,1,1,0,1,2,1,1,0,0,0,2,1,1,0,0,0,0,0,0,4,4,0,2,2,0,2,2,0,0,0,0,0,0,0,56,28,28,9,4,5,33,16,17,7,2,5,6,5,1,16,12,4,0,0,0,8,5,3,4,3,1,3,1,2,31,12,19,2,2,15,7,39,37,2,1,0,0,32,0,3
53382761,0,,,123,69,54,66,45,21,2,1,1,45,14,31,10,7,3,3,2,1,6,2,4,1,0,1,5,2,3,0,0,0,0,0,0,33,19,14,17,9,8,8,5,3,1,1,0,7,4,3,213,106,107,38,16,22,120,59,61,25,8,17,24,20,4,27,16,11,5,2,3,17,8,9,10,7,3,60,32,28,129,60,69,1,1,69,24,147,136,11,1,13,1,120,3,2
53382762,0,,,642,336,306,339,217,122,9,8,1,218,60,158,146,108,38,69,15,54,55,32,23,6,4,2,23,12,11,13,9,4,13,7,6,167,83,84,87,47,40,38,21,17,6,2,4,36,13,23,1457,676,781,204,71,133,662,291,371,215,70,145,301,205,96,334,223,111,66,34,32,174,76,98,133,63,70,192,91,101,708,267,441,2,6,481,241,919,857,62,84,87,5,470,13,35
53382763,0,,,44,23,21,27,16,11,0,0,0,14,4,10,4,3,1,2,0,2,2,0,2,0,0,0,1,0,1,0,0,0,1,0,1,17,8,9,4,1,3,6,1,5,2,2,0,5,4,1,92,40,52,16,9,7,49,19,30,12,3,9,6,5,1,13,4,9,2,1,1,5,1,4,12,6,6,16,7,9,59,28,31,0,2,30,19,61,50,11,9,8,0,40,1,3
53382764,0,,,235,139,96,136,96,40,3,2,1,69,22,47,25,22,3,14,5,9,28,21,7,0,0,0,8,7,1,9,5,4,11,9,2,88,32,56,66,22,44,12,7,5,2,0,2,8,3,5,449,236,213,62,25,37,217,115,102,66,29,37,62,42,20,110,72,38,10,5,5,56,32,24,78,34,44,74,32,42,186,84,102,2,1,146,65,299,275,24,26,11,1,207,3,14
53382765,2,53382755,,*,*,*,*,*,*,*,*,*,*,*,*,*,*,*,*,*,*,*,*,*,*,*,*,*,*,*,*,*,*,*,*,*,*,*,*,*,*,*,*,*,*,*,*,*,*,*,*,*,*,*,*,*,*,*,*,*,*,*,*,*,*,*,*,*,*,*,*,*,*,*,*,*,*,*,*,*,*,*,*,*,*,*,*,*,*,*,*,*,*,*,*,*,*
53382766,2,53382755,,*,*,*,*,*,*,*,*,*,*,*,*,*,*,*,*,*,*,*,*,*,*,*,*,*,*,*,*,*,*,*,*,*,*,*,*,*,*,*,*,*,*,*,*,*,*,*,*,*,*,*,*,*,*,*,*,*,*,*,*,*,*,*,*,*,*,*,*,*,*,*,*,*,*,*,*,*,*,*,*,*,*,*,*,*,*,*,*,*,*,*,*,*,*
53382769,2,53382778,,*,*,*,*,*,*,*,*,*,*,*,*,*,*,*,*,*,*,*,*,*,*,*,*,*,*,*,*,*,*,*,*,*,*,*,*,*,*,*,*,*,*,*,*,*,*,*,*,*,*,*,*,*,*,*,*,*,*,*,*,*,*,*,*,*,*,*,*,*,*,*,*,*,*,*,*,*,*,*,*,*,*,*,*,*,*,*,*,*,*,*,*,*,*
53382770,0,,,177,100,77,102,66,36,3,2,1,61,22,39,12,10,2,3,0,3,11,7,4,1,0,1,5,4,1,4,2,2,1,1,0,62,29,33,40,21,19,14,6,8,1,0,1,7,2,5,342,168,174,42,19,23,172,89,83,51,17,34,53,34,19,133,88,45,6,3,3,19,8,11,19,11,8,50,21,29,163,63,100,1,2,99,44,215,194,21,17,20,1,151,2,5
53382771,0,,,251,138,113,145,103,42,2,0,2,84,22,62,29,26,3,10,1,9,24,12,12,1,0,1,10,5,5,3,1,2,10,6,4,66,32,34,35,15,20,12,8,4,4,1,3,15,8,7,516,259,257,96,37,59,252,130,122,46,15,31,62,45,17,146,102,44,6,2,4,46,22,24,41,21,20,55,25,30,247,94,153,1,1,159,72,320,294,26,6,25,1,241,2,8
53382772,0,,,680,351,329,385,252,133,18,8,10,214,44,170,70,59,11,27,5,22,74,34,40,6,0,6,27,15,12,19,10,9,22,9,13,203,103,100,120,58,62,33,15,18,13,6,7,37,24,13,1492,706,786,274,100,174,644,305,339,174,55,119,256,167,89,293,176,117,182,83,99,215,105,110,173,77,96,163,81,82,652,270,382,6,8,428,292,861,786,75,72,75,4,554,5,32
53382773,0,,,473,257,216,281,183,98,8,7,1,143,37,106,55,42,13,19,4,15,45,17,28,5,0,5,7,3,4,16,8,8,17,6,11,113,58,55,65,31,34,27,15,12,2,2,0,19,10,9,929,447,482,132,58,74,441,216,225,126,34,92,174,109,65,180,115,65,32,16,16,134,62,72,77,37,40,139,65,74,481,204,277,3,4,308,137,593,548,45,34,52,2,408,5,13
53382774,0,,,94,53,41,58,46,12,0,0,0,32,4,28,3,3,0,3,1,2,29,20,9,3,3,0,6,4,2,8,4,4,12,9,3,34,18,16,23,12,11,5,3,2,1,1,0,5,2,3,126,65,61,8,6,2,53,29,24,20,4,16,30,19,11,29,15,14,23,12,11,41,22,19,22,11,11,31,16,15,27,16,11,0,0,55,7,106,100,6,5,10,1,90,0,5
53382775,0,,,261,137,124,155,98,57,5,2,3,74,20,54,23,18,5,7,3,4,31,19,12,1,1,0,17,9,8,7,4,3,6,5,1,88,38,50,54,23,31,19,11,8,3,0,3,12,4,8,480,223,257,66,26,40,198,106,92,74,21,53,72,50,22,132,82,50,15,5,10,77,33,44,50,19,31,88,39,49,211,87,124,0,5,138,42,323,294,29,18,32,5,239,0,8
53382776,0,,,59,29,30,31,25,6,2,0,2,25,3,22,3,2,1,1,1,0,19,10,9,3,2,1,8,5,3,4,2,2,4,1,3,42,17,25,24,11,13,13,6,7,2,0,2,3,0,3,88,45,43,11,5,6,47,23,24,8,4,4,13,8,5,38,13,25,1,0,1,27,17,10,23,11,12,30,16,14,19,9,10,0,0,39,14,80,63,17,3,12,0,59,0,7
53382777,0,,,97,56,41,61,45,16,1,1,0,28,5,23,10,8,2,2,1,1,6,4,2,0,0,0,5,3,2,0,0,0,1,1,0,23,10,13,12,7,5,6,2,4,1,0,1,4,1,3,199,104,95,35,13,22,103,57,46,24,8,16,30,21,9,83,60,23,7,3,4,3,0,3,3,1,2,16,6,10,111,44,67,5,1,48,26,121,112,9,2,8,0,98,0,0
53382778,1,,53382769,97,58,39,55,38,17,0,0,0,30,11,19,11,8,3,5,1,4,0,0,0,0,0,0,0,0,0,0,0,0,0,0,0,19,9,10,9,4,5,6,3,3,0,0,0,4,2,2,207,105,102,53,23,30,94,48,46,29,13,16,18,12,6,71,58,13,2,1,1,8,3,5,9,4,5,15,8,7,107,31,76,2,0,53,26,123,116,7,2,6,2,101,1,1
53382779,0,,,19,12,7,11,8,3,0,0,0,4,1,3,1,1,0,0,0,0,0,0,0,0,0,0,0,0,0,0,0,0,0,0,0,8,4,4,4,2,2,2,0,2,2,2,0,0,0,0,57,32,25,11,5,6,17,9,8,6,2,4,4,4,0,14,12,2,0,0,0,1,0,1,3,2,1,2,1,1,21,8,13,1,0,10,15,23,20,3,1,2,0,13,0,1
53382782,0,,,20,12,8,11,9,2,0,0,0,9,3,6,1,1,0,0,0,0,0,0,0,0,0,0,0,0,0,0,0,0,0,0,0,4,2,2,1,0,1,2,2,0,0,0,0,1,0,1,31,16,15,6,1,5,23,13,10,0,0,0,2,2,0,12,10,2,0,0,0,0,0,0,0,0,0,8,3,5,15,5,10,0,0,13,1,23,21,2,0,1,0,21,0,1
53382783,0,,,845,454,391,520,348,172,14,5,9,270,70,200,62,46,16,20,6,14,87,48,39,6,4,2,22,12,10,19,11,8,40,21,19,290,132,158,140,69,71,50,23,27,14,3,11,86,37,49,1698,851,847,257,104,153,682,351,331,238,56,182,344,238,106,234,134,100,162,79,83,342,166,176,234,112,122,317,148,169,613,286,327,2,4,521,288,1047,933,114,60,138,8,748,5,30
53382784,0,,,461,257,204,299,204,95,10,3,7,129,31,98,40,28,12,22,5,17,85,37,48,8,3,5,19,5,14,16,8,8,42,21,21,140,70,70,77,36,41,33,19,14,6,4,2,24,11,13,795,405,390,80,39,41,374,182,192,112,38,74,168,113,55,150,84,66,82,46,36,157,77,80,113,59,54,155,82,73,293,127,166,2,3,284,103,581,524,57,34,74,5,411,5,13
53382788,0,,,3,3,0,2,2,0,0,0,0,1,1,0,1,1,0,1,1,0,0,0,0,0,0,0,0,0,0,0,0,0,0,0,0,0,0,0,0,0,0,0,0,0,0,0,0,0,0,0,15,9,6,9,5,4,5,3,2,0,0,0,1,1,0,8,8,0,0,0,0,0,0,0,0,0,0,0,0,0,7,1,6,1,0,3,2,5,5,0,0,0,0,3,0,0
53382789,0,,,15,9,6,10,6,4,0,0,0,3,1,2,2,2,0,0,0,0,3,1,2,0,0,0,0,0,0,2,0,2,1,1,0,1,0,1,0,0,0,0,0,0,0,0,0,1,0,1,41,21,20,12,6,6,18,10,8,5,1,4,6,4,2,20,19,1,4,1,3,1,1,0,1,0,1,0,0,0,19,1,18,0,0,10,8,18,17,1,0,0,0,15,0,0
53382790,0,,,0,0,0,0,0,0,0,0,0,0,0,0,0,0,0,0,0,0,0,0,0,0,0,0,0,0,0,0,0,0,0,0,0,0,0,0,0,0,0,0,0,0,0,0,0,0,0,0,78,11,67,2,0,2,73,9,64,1,0,1,2,2,0,0,0,0,22,6,16,42,4,38,13,1,12,1,0,1,0,0,0,0,0,0,0,0,0,0,0,0,0,0,0,0
53382793,0,,,29,12,17,15,7,8,0,0,0,13,4,9,8,3,5,1,1,0,1,1,0,0,0,0,0,0,0,0,0,0,1,1,0,8,3,5,6,2,4,1,0,1,0,0,0,1,1,0,129,42,87,5,2,3,41,17,24,12,4,8,8,6,2,26,16,10,23,5,18,34,6,28,9,2,7,3,0,3,33,11,22,0,1,19,11,41,39,2,5,3,0,25,0,0
53382794,0,,,396,206,190,264,167,97,20,3,17,96,24,72,28,21,7,9,2,7,47,22,25,2,0,2,15,7,8,14,7,7,16,8,8,102,48,54,55,22,33,14,8,6,8,6,2,25,12,13,728,353,375,69,28,41,316,151,165,109,40,69,146,89,57,146,98,48,56,26,30,187,90,97,74,34,40,85,36,49,236,91,145,8,4,267,125,470,438,32,33,44,2,333,2,18
53382795,0,,,31,14,17,15,9,6,0,0,0,16,5,11,1,1,0,1,0,1,9,3,6,1,0,1,3,1,2,2,1,1,3,1,2,15,9,6,9,7,2,3,1,2,0,0,0,3,1,2,54,23,31,10,4,6,21,11,10,8,3,5,2,0,2,12,7,5,0,0,0,15,6,9,1,0,1,23,11,12,18,7,11,0,0,20,14,36,33,3,0,3,0,31,1,1
53382797,0,,,5,3,2,2,1,1,0,0,0,2,1,1,0,0,0,0,0,0,0,0,0,0,0,0,0,0,0,0,0,0,0,0,0,0,0,0,0,0,0,0,0,0,0,0,0,0,0,0,19,8,11,9,1,8,9,7,2,1,0,1,0,0,0,7,6,1,0,0,0,2,1,1,0,0,0,1,1,0,9,0,9,0,0,5,6,5,5,0,0,0,0,5,1,0
53383003,0,,,35,16,19,17,11,6,0,0,0,17,4,13,14,11,3,8,3,5,5,1,4,0,0,0,4,1,3,0,0,0,1,0,1,13,5,8,11,5,6,2,0,2,0,0,0,0,0,0,83,40,43,26,10,16,40,21,19,7,2,5,10,7,3,19,8,11,0,0,0,4,3,1,21,13,8,24,10,14,33,12,21,9,6,21,9,61,57,4,5,2,2,35,0,0
53383004,0,,,9,4,5,2,1,1,0,0,0,3,0,3,7,5,2,3,1,2,4,3,1,0,0,0,1,1,0,0,0,0,3,2,1,4,2,2,3,2,1,1,0,1,0,0,0,0,0,0,25,12,13,6,3,3,9,4,5,4,2,2,6,3,3,11,7,4,0,0,0,4,2,2,2,1,1,2,1,1,14,6,8,3,1,5,2,20,19,1,0,1,1,7,0,0
53383005,0,,,6,3,3,2,2,0,0,0,0,4,1,3,8,8,0,7,1,6,3,2,1,0,0,0,0,0,0,0,0,0,3,2,1,8,3,5,5,2,3,2,0,2,1,1,0,0,0,0,29,15,14,13,5,8,12,8,4,2,1,1,1,0,1,7,4,3,4,2,2,7,2,5,5,3,2,4,3,1,13,6,7,3,3,3,4,26,23,3,0,2,2,9,0,0
53383006,1,,53383016,8,4,4,4,1,3,1,1,0,3,2,1,5,2,3,1,0,1,0,0,0,0,0,0,0,0,0,0,0,0,0,0,0,2,2,0,2,2,0,0,0,0,0,0,0,0,0,0,22,9,13,5,2,3,11,4,7,3,1,2,3,2,1,2,1,1,0,0,0,6,3,3,3,2,1,3,2,1,10,3,7,3,1,6,2,15,15,0,1,0,0,6,0,0
53383013,0,,,29,14,15,18,9,9,1,1,0,10,4,6,9,7,2,4,1,3,10,5,5,0,0,0,5,1,4,0,0,0,5,4,1,11,4,7,7,4,3,2,0,2,1,0,1,1,0,1,53,25,28,10,4,6,24,9,15,6,3,3,12,8,4,21,13,8,8,2,6,23,12,11,6,3,3,6,3,3,10,1,9,7,1,20,5,46,42,4,2,3,3,31,0,0
53383014,0,,,4,3,1,3,3,0,0,0,0,1,0,1,5,4,1,3,0,3,1,0,1,0,0,0,1,0,1,0,0,0,0,0,0,1,1,0,0,0,0,1,1,0,0,0,0,0,0,0,14,7,7,2,1,1,9,3,6,0,0,0,3,3,0,2,2,0,0,0,0,5,3,2,0,0,0,4,2,2,5,1,4,3,1,3,1,13,12,1,1,1,1,3,0,0
53383016,2,53383006,,*,*,*,*,*,*,*,*,*,*,*,*,*,*,*,*,*,*,*,*,*,*,*,*,*,*,*,*,*,*,*,*,*,*,*,*,*,*,*,*,*,*,*,*,*,*,*,*,*,*,*,*,*,*,*,*,*,*,*,*,*,*,*,*,*,*,*,*,*,*,*,*,*,*,*,*,*,*,*,*,*,*,*,*,*,*,*,*,*,*,*,*,*,*
53383023,2,53383024,,*,*,*,*,*,*,*,*,*,*,*,*,*,*,*,*,*,*,*,*,*,*,*,*,*,*,*,*,*,*,*,*,*,*,*,*,*,*,*,*,*,*,*,*,*,*,*,*,*,*,*,*,*,*,*,*,*,*,*,*,*,*,*,*,*,*,*,*,*,*,*,*,*,*,*,*,*,*,*,*,*,*,*,*,*,*,*,*,*,*,*,*,*,*
53383024,1,,53383023,2,2,0,1,1,0,0,0,0,1,1,0,5,5,0,1,0,1,1,1,0,0,0,0,0,0,0,0,0,0,1,1,0,0,0,0,0,0,0,0,0,0,0,0,0,0,0,0,18,11,7,4,2,2,9,7,2,1,0,1,2,1,1,5,5,0,0,0,0,2,1,1,0,0,0,8,5,3,4,1,3,6,0,1,2,10,10,0,0,0,0,4,0,0
53383034,0,,,6,4,2,5,3,2,0,0,0,1,1,0,2,1,1,1,0,1,0,0,0,0,0,0,0,0,0,0,0,0,0,0,0,0,0,0,0,0,0,0,0,0,0,0,0,0,0,0,12,6,6,2,0,2,3,2,1,6,3,3,1,1,0,0,0,0,2,1,1,0,0,0,1,1,0,4,2,2,5,2,3,1,2,1,1,9,9,0,0,0,0,6,0,0
53383044,1,,53383054;53383064;53383074,3,1,2,1,0,1,0,0,0,2,1,1,5,3,2,3,1,2,2,2,0,0,0,0,1,1,0,0,0,0,1,1,0,1,0,1,1,0,1,0,0,0,0,0,0,0,0,0,16,8,8,3,0,3,7,5,2,2,1,1,2,1,1,3,3,0,0,0,0,6,3,3,0,0,0,0,0,0,10,4,6,2,1,4,1,11,11,0,0,0,0,2,0,0
53383054,2,53383044,,*,*,*,*,*,*,*,*,*,*,*,*,*,*,*,*,*,*,*,*,*,*,*,*,*,*,*,*,*,*,*,*,*,*,*,*,*,*,*,*,*,*,*,*,*,*,*,*,*,*,*,*,*,*,*,*,*,*,*,*,*,*,*,*,*,*,*,*,*,*,*,*,*,*,*,*,*,*,*,*,*,*,*,*,*,*,*,*,*,*,*,*,*,*
53383064,2,53383044,,*,*,*,*,*,*,*,*,*,*,*,*,*,*,*,*,*,*,*,*,*,*,*,*,*,*,*,*,*,*,*,*,*,*,*,*,*,*,*,*,*,*,*,*,*,*,*,*,*,*,*,*,*,*,*,*,*,*,*,*,*,*,*,*,*,*,*,*,*,*,*,*,*,*,*,*,*,*,*,*,*,*,*,*,*,*,*,*,*,*,*,*,*,*
53383074,2,53383044,,*,*,*,*,*,*,*,*,*,*,*,*,*,*,*,*,*,*,*,*,*,*,*,*,*,*,*,*,*,*,*,*,*,*,*,*,*,*,*,*,*,*,*,*,*,*,*,*,*,*,*,*,*,*,*,*,*,*,*,*,*,*,*,*,*,*,*,*,*,*,*,*,*,*,*,*,*,*,*,*,*,*,*,*,*,*,*,*,*,*,*,*,*,*
53383204,2,53383269,,*,*,*,*,*,*,*,*,*,*,*,*,*,*,*,*,*,*,*,*,*,*,*,*,*,*,*,*,*,*,*,*,*,*,*,*,*,*,*,*,*,*,*,*,*,*,*,*,*,*,*,*,*,*,*,*,*,*,*,*,*,*,*,*,*,*,*,*,*,*,*,*,*,*,*,*,*,*,*,*,*,*,*,*,*,*,*,*,*,*,*,*,*,*
53383269,1,,53383204,48,23,25,26,18,8,2,2,0,16,1,15,14,10,4,5,0,5,8,3,5,0,0,0,4,2,2,4,1,3,0,0,0,12,8,4,4,2,2,6,5,1,1,0,1,1,1,0,93,45,48,14,5,9,45,21,24,9,4,5,19,11,8,20,10,10,4,2,2,17,9,8,8,4,4,23,11,12,41,20,21,1,1,38,12,76,67,9,3,0,1,47,5,4
53383305,0,,,74,33,41,35,23,12,0,0,0,30,6,24,28,21,7,15,3,12,5,3,2,0,0,0,3,2,1,1,1,0,1,0,1,18,8,10,11,6,5,3,0,3,0,0,0,4,2,2,177,83,94,25,12,13,78,40,38,34,9,25,20,12,8,66,49,17,4,1,3,4,0,4,12,6,6,9,3,6,85,26,59,12,12,33,19,124,117,7,1,1,0,79,1,2
53383306,0,,,443,222,221,283,172,111,16,8,8,122,28,94,91,77,14,45,8,37,41,25,16,2,2,0,24,14,10,2,2,0,13,7,6,109,50,59,59,25,34,28,16,12,8,1,7,14,8,6,820,407,413,98,46,52,402,208,194,138,41,97,136,87,49,205,137,68,30,17,13,85,44,41,86,38,48,137,64,73,408,171,237,38,31,220,55,639,586,53,12,12,5,456,10,24
53383307,0,,,810,445,365,500,332,168,16,9,7,242,62,180,116,92,24,49,11,38,88,46,42,1,1,0,40,22,18,12,5,7,35,18,17,225,119,106,157,81,76,44,23,21,8,3,5,16,12,4,1658,826,832,165,87,78,763,385,378,278,78,200,240,170,70,316,211,105,106,56,50,209,97,112,214,103,111,319,159,160,675,287,388,12,9,504,274,1043,986,57,33,13,10,766,27,44
53383308,0,,,579,316,263,349,232,117,10,9,1,184,50,134,103,80,23,52,10,42,34,24,10,2,2,0,21,17,4,1,0,1,10,5,5,180,92,88,114,57,57,45,24,21,4,1,3,17,10,7,1130,557,573,136,59,77,534,258,276,178,59,119,178,126,52,295,196,99,23,16,7,121,62,59,117,66,51,207,100,107,537,208,329,33,30,305,119,813,752,61,29,16,1,561,14,41
53383309,0,,,335,175,160,201,137,64,12,4,8,106,23,83,27,19,8,4,0,4,31,22,9,5,3,2,12,8,4,5,3,2,9,8,1,101,49,52,64,30,34,29,17,12,3,1,2,5,1,4,531,262,269,54,22,32,269,142,127,77,17,60,79,51,28,86,61,25,19,12,7,99,47,52,109,50,59,134,66,68,210,95,115,1,6,187,56,404,370,34,12,10,3,322,8,27
53383314,0,,,57,35,22,37,27,10,3,3,0,15,3,12,20,16,4,8,1,7,1,0,1,0,0,0,0,0,0,0,0,0,1,0,1,5,1,4,4,1,3,0,0,0,0,0,0,1,0,1,163,82,81,33,9,24,76,44,32,20,8,12,23,15,8,60,40,20,0,0,0,6,3,3,5,3,2,12,5,7,79,26,53,7,5,30,26,92,91,1,2,0,0,61,2,1
53383315,0,,,26,16,10,16,12,4,0,0,0,7,2,5,11,10,1,6,1,5,1,1,0,0,0,0,1,1,0,0,0,0,0,0,0,8,2,6,4,1,3,3,1,2,0,0,0,1,0,1,70,38,32,14,7,7,35,20,15,7,1,6,10,8,2,26,22,4,4,1,3,0,0,0,6,3,3,11,6,5,30,8,22,4,3,17,6,49,44,5,0,1,2,29,1,1
53383316,0,,,297,165,132,167,121,46,18,10,8,99,24,75,45,35,10,19,1,18,31,18,13,3,3,0,20,9,11,4,2,2,4,4,0,61,31,30,35,20,15,15,7,8,5,0,5,6,4,2,557,266,291,83,35,48,267,130,137,100,25,75,80,63,17,114,81,33,9,4,5,71,29,42,74,42,32,102,52,50,261,101,160,13,10,164,55,388,365,23,5,8,6,288,5,16
53383317,0,,,663,350,313,390,263,127,28,11,17,204,45,159,87,67,20,29,4,25,103,55,48,6,2,4,54,33,21,7,3,4,36,17,19,221,114,107,138,68,70,55,31,24,14,5,9,14,10,4,1282,627,655,142,72,70,607,296,311,183,54,129,210,139,71,252,170,82,75,40,35,207,102,105,190,90,100,285,140,145,549,231,318,16,13,416,186,871,786,85,33,23,13,633,16,58
53383318,0,,,406,196,210,238,147,91,14,6,8,145,35,110,25,19,6,6,3,3,54,27,27,2,1,1,27,10,17,6,5,1,19,11,8,149,77,72,78,41,37,35,19,16,13,6,7,23,11,12,661,289,372,99,36,63,327,157,170,100,19,81,88,57,31,111,64,47,47,20,27,135,58,77,101,37,64,160,79,81,292,128,164,1,9,215,81,488,438,50,11,9,2,392,20,25
53383319,0,,,666,361,305,414,285,129,35,15,20,186,35,151,81,64,17,42,9,33,92,43,49,2,1,1,45,21,24,17,7,10,28,14,14,265,129,136,168,80,88,65,34,31,14,5,9,18,10,8,1142,568,574,95,40,55,568,293,275,205,65,140,147,105,42,232,124,108,42,21,21,167,83,84,238,112,126,325,163,162,421,198,223,15,18,372,98,890,800,90,13,25,1,681,18,59
53383324,1,,53383333,145,78,67,81,51,30,7,4,3,46,15,31,35,30,5,13,1,12,10,5,5,1,0,1,4,2,2,0,0,0,5,3,2,26,19,7,17,12,5,5,3,2,0,0,0,4,4,0,324,162,162,46,20,26,160,82,78,43,12,31,43,30,13,91,65,26,15,5,10,22,12,10,19,9,10,23,16,7,190,79,111,7,11,78,40,207,200,7,3,2,0,147,5,5
53383325,0,,,189,96,93,100,66,34,6,2,4,69,16,53,25,19,6,8,0,8,5,2,3,0,0,0,4,2,2,0,0,0,1,0,1,55,29,26,32,14,18,18,12,6,2,2,0,3,1,2,374,176,198,31,13,18,180,82,98,60,18,42,69,44,25,52,34,18,8,2,6,31,13,18,55,31,24,83,40,43,187,76,111,1,8,108,48,255,230,25,2,5,0,204,9,11
53383326,0,,,633,331,302,379,253,126,20,9,11,213,54,159,81,58,23,28,8,20,95,48,47,8,3,5,56,28,28,1,1,0,30,16,14,227,121,106,141,75,66,52,31,21,13,7,6,21,8,13,1320,644,676,183,91,92,567,273,294,188,55,133,205,136,69,235,162,73,61,33,28,214,107,107,165,76,89,254,119,135,566,238,328,20,15,391,220,825,748,77,26,14,18,606,20,51
53383327,0,,,1094,570,524,641,418,223,45,19,26,340,83,257,141,115,26,49,8,41,208,93,115,14,11,3,73,39,34,10,2,8,111,41,70,271,145,126,178,93,85,64,34,30,10,5,5,19,13,6,2331,1102,1229,343,166,177,1038,492,546,346,84,262,387,248,139,537,336,201,171,76,95,425,212,213,254,122,132,350,169,181,995,383,612,18,16,682,320,1379,1301,78,58,16,22,981,19,71
53383328,0,,,511,276,235,315,210,105,18,5,13,148,37,111,76,56,20,27,7,20,76,43,33,2,2,0,39,21,18,9,5,4,26,15,11,165,79,86,110,58,52,36,17,19,8,1,7,11,3,8,1019,498,521,176,80,96,439,230,209,164,52,112,158,98,60,253,173,80,62,32,30,156,71,85,135,66,69,183,85,98,411,166,245,16,14,302,89,669,617,52,18,15,6,504,15,31
53383329,0,,,921,487,434,604,402,202,28,9,19,250,43,207,96,72,24,34,5,29,167,93,74,6,3,3,62,39,23,28,14,14,71,37,34,399,197,202,263,135,128,94,42,52,11,7,4,31,13,18,1517,727,790,123,53,70,671,333,338,264,62,202,262,179,83,252,159,93,122,64,58,286,137,149,344,178,166,407,185,222,485,203,282,18,14,535,169,1189,1057,132,22,34,11,894,25,92
53383333,2,53383324,,*,*,*,*,*,*,*,*,*,*,*,*,*,*,*,*,*,*,*,*,*,*,*,*,*,*,*,*,*,*,*,*,*,*,*,*,*,*,*,*,*,*,*,*,*,*,*,*,*,*,*,*,*,*,*,*,*,*,*,*,*,*,*,*,*,*,*,*,*,*,*,*,*,*,*,*,*,*,*,*,*,*,*,*,*,*,*,*,*,*,*,*,*,*
53383334,1,,53383343,95,56,39,65,44,21,2,0,2,22,7,15,14,12,2,3,1,2,3,0,3,0,0,0,1,0,1,0,0,0,2,0,2,36,14,22,12,4,8,10,4,6,1,0,1,13,6,7,198,100,98,26,12,14,89,47,42,32,6,26,39,29,10,72,49,23,0,0,0,9,4,5,9,6,3,41,17,24,94,33,61,2,7,44,38,130,112,18,1,3,6,102,4,2
53383335,0,,,238,123,115,143,89,54,8,4,4,71,16,55,36,31,5,6,1,5,24,10,14,2,0,2,11,4,7,1,1,0,10,5,5,104,64,40,81,53,28,18,8,10,1,0,1,4,3,1,522,241,281,89,32,57,240,115,125,79,25,54,93,58,35,108,76,32,18,7,11,72,29,43,96,38,58,105,55,50,230,98,132,7,9,139,56,307,282,25,2,9,5,243,8,14
53383336,0,,,1483,819,664,933,642,291,44,20,24,430,104,326,116,85,31,35,7,28,161,78,83,8,5,3,78,38,40,5,5,0,70,30,40,498,244,254,284,130,154,133,75,58,21,4,17,60,35,25,2475,1253,1222,228,106,122,1080,550,530,396,115,281,549,364,185,354,196,158,136,72,64,336,172,164,385,190,195,638,315,323,1059,511,548,11,22,840,292,1848,1646,202,44,34,44,1450,53,99
53383337,0,,,754,390,364,429,284,145,28,12,16,243,58,185,119,88,31,49,12,37,90,54,36,5,2,3,42,27,15,9,4,5,34,21,13,289,144,145,175,93,82,71,36,35,14,2,12,29,13,16,1645,770,875,185,82,103,766,359,407,262,66,196,285,192,93,341,217,124,68,37,31,220,104,116,198,98,100,272,117,155,779,322,457,10,7,489,280,1041,931,110,68,20,42,695,24,50
53383338,0,,,462,247,215,285,199,86,9,3,6,147,30,117,73,58,15,23,0,23,52,30,22,1,1,0,32,20,12,8,4,4,11,5,6,187,96,91,127,66,61,38,20,18,8,2,6,14,8,6,891,442,449,91,39,52,413,211,202,158,42,116,132,97,35,205,139,66,18,10,8,91,44,47,106,55,51,206,103,103,436,184,252,18,21,248,113,624,563,61,17,10,11,467,19,27
53383339,0,,,814,427,387,506,348,158,24,3,21,247,46,201,96,79,17,35,1,34,118,57,61,6,4,2,51,28,23,18,8,10,43,17,26,238,114,124,153,74,79,54,24,30,10,3,7,21,13,8,1481,707,774,120,58,62,744,346,398,261,74,187,250,175,75,410,264,146,63,33,30,228,108,120,201,92,109,260,126,134,611,225,386,24,22,453,150,1049,961,88,17,16,8,824,21,57
53383343,2,53383334,,*,*,*,*,*,*,*,*,*,*,*,*,*,*,*,*,*,*,*,*,*,*,*,*,*,*,*,*,*,*,*,*,*,*,*,*,*,*,*,*,*,*,*,*,*,*,*,*,*,*,*,*,*,*,*,*,*,*,*,*,*,*,*,*,*,*,*,*,*,*,*,*,*,*,*,*,*,*,*,*,*,*,*,*,*,*,*,*,*,*,*,*,*,*
53383345,0,,,226,117,109,135,88,47,7,4,3,67,12,55,49,41,8,22,3,19,29,14,15,2,1,1,17,9,8,1,1,0,9,3,6,87,49,38,51,32,19,23,10,13,6,3,3,7,4,3,448,217,231,71,38,33,179,83,96,85,27,58,81,53,28,120,73,47,23,10,13,67,37,30,63,31,32,75,32,43,207,93,114,17,12,121,50,333,299,34,4,8,8,227,8,13
53383346,0,,,420,218,202,274,178,96,12,5,7,121,24,97,70,56,14,31,7,24,95,36,59,2,2,0,32,18,14,6,2,4,55,14,41,131,71,60,84,47,37,28,14,14,3,1,2,16,9,7,835,390,445,94,44,50,374,181,193,151,45,106,143,96,47,214,149,65,60,23,37,148,54,94,117,52,65,145,69,76,368,147,221,19,22,215,91,570,529,41,11,13,8,414,11,24
53383347,0,,,528,273,255,319,209,110,16,5,11,176,44,132,61,54,7,24,2,22,79,40,39,3,3,0,45,17,28,6,4,2,25,16,9,172,87,85,103,58,45,42,19,23,7,2,5,20,8,12,943,451,492,84,43,41,432,213,219,173,45,128,167,117,50,198,124,74,68,30,38,199,92,107,147,70,77,193,89,104,338,144,194,11,14,310,106,680,616,64,31,12,17,484,14,31
53383348,0,,,700,369,331,430,294,136,21,8,13,219,44,175,124,102,22,49,8,41,120,50,70,5,4,1,66,29,37,8,4,4,41,13,28,283,147,136,188,94,94,61,34,27,10,4,6,24,15,9,1330,661,669,121,60,61,593,292,301,248,76,172,249,168,81,326,208,118,51,23,28,268,128,140,164,86,78,330,162,168,489,200,289,30,27,407,153,964,874,90,19,12,17,689,21,62
53383349,0,,,697,366,331,432,276,156,22,13,9,200,45,155,91,72,19,33,4,29,115,57,58,2,0,2,47,26,21,36,18,18,30,13,17,261,136,125,168,94,74,63,28,35,12,4,8,18,10,8,1269,599,670,114,53,61,587,294,293,255,56,199,216,147,69,289,185,104,75,35,40,211,91,120,170,89,81,266,122,144,558,231,327,24,14,394,137,910,834,76,21,23,9,679,22,53
53383354,0,,,40,21,19,27,16,11,1,1,0,11,3,8,12,10,2,8,1,7,2,2,0,0,0,0,1,1,0,0,0,0,1,1,0,12,4,8,8,2,6,2,1,1,0,0,0,2,1,1,91,42,49,16,7,9,32,16,16,12,3,9,10,7,3,28,19,9,0,0,0,2,1,1,1,0,1,19,9,10,50,18,32,3,4,19,9,65,61,4,1,1,0,46,0,2
53383355,0,,,278,150,128,160,102,58,8,3,5,91,30,61,39,33,6,15,1,14,24,10,14,1,0,1,15,6,9,0,0,0,8,4,4,74,38,36,47,25,22,15,6,9,2,1,1,10,6,4,509,249,260,99,44,55,218,112,106,74,24,50,99,59,40,172,119,53,13,6,7,33,10,23,32,13,19,75,36,39,273,107,166,11,15,133,44,362,333,29,1,6,2,272,9,22
53383356,0,,,549,299,250,349,231,118,21,13,8,155,36,119,72,55,17,32,7,25,63,39,24,2,1,1,32,18,14,3,1,2,26,19,7,191,94,97,129,56,73,34,20,14,9,4,5,19,14,5,1039,505,534,101,40,61,483,241,242,171,52,119,180,123,57,220,142,78,42,28,14,148,69,79,136,62,74,190,92,98,485,205,280,20,18,308,116,719,661,58,20,9,4,542,17,46
53383357,0,,,719,392,327,414,278,136,32,14,18,228,65,163,141,113,28,58,8,50,90,32,58,3,2,1,46,22,24,7,1,6,34,7,27,200,109,91,120,66,54,42,22,20,12,4,8,26,17,9,1451,723,728,151,73,78,637,304,333,237,74,163,258,184,74,331,221,110,106,51,55,194,92,102,150,67,83,275,131,144,599,246,353,35,27,428,175,992,923,69,35,10,22,666,23,42
53383358,0,,,431,237,194,276,189,87,12,6,6,124,26,98,91,82,9,50,11,39,82,50,32,6,3,3,47,28,19,1,1,0,28,18,10,160,85,75,100,55,45,34,16,18,7,2,5,19,12,7,873,428,445,85,42,43,403,202,201,153,42,111,139,97,42,231,152,79,31,14,17,148,86,62,135,68,67,146,69,77,364,142,222,31,26,269,124,632,578,54,15,14,5,428,11,39
53383359,0,,,537,296,241,351,242,109,18,8,10,145,26,119,77,62,15,26,3,23,75,44,31,6,4,2,23,13,10,18,11,7,28,16,12,168,76,92,107,50,57,43,20,23,10,2,8,8,4,4,932,476,456,80,34,46,416,212,204,159,47,112,179,128,51,233,148,85,47,29,18,137,72,65,121,63,58,210,102,108,332,128,204,20,21,314,128,699,645,54,37,10,15,491,11,48
53383360,0,,,28,16,12,10,5,5,2,1,1,15,9,6,13,11,2,3,0,3,3,2,1,2,2,0,0,0,0,1,0,1,0,0,0,9,3,6,5,2,3,2,0,2,1,0,1,1,1,0,86,37,49,24,9,15,47,23,24,10,3,7,2,1,1,18,9,9,0,0,0,4,2,2,8,3,5,6,3,3,60,24,36,3,0,28,18,48,44,4,5,2,1,31,2,0
53383361,0,,,4,2,2,3,2,1,0,0,0,1,0,1,2,2,0,0,0,0,0,0,0,0,0,0,0,0,0,0,0,0,0,0,0,0,0,0,0,0,0,0,0,0,0,0,0,0,0,0,18,11,7,6,4,2,8,5,3,1,0,1,2,2,0,4,4,0,0,0,0,0,0,0,0,0,0,6,4,2,8,3,5,0,0,4,6,6,6,0,0,0,0,5,0,0
53383364,0,,,5,2,3,3,2,1,0,0,0,2,0,2,0,0,0,0,0,0,0,0,0,0,0,0,0,0,0,0,0,0,0,0,0,1,1,0,0,0,0,0,0,0,1,1,0,0,0,0,8,3,5,1,0,1,4,2,2,2,0,2,1,1,0,3,2,1,0,0,0,0,0,0,1,0,1,3,1,2,2,1,1,0,0,3,1,6,5,1,0,1,0,5,1,0
53383365,0,,,256,140,116,148,104,44,7,4,3,91,26,65,41,34,7,11,1,10,20,9,11,2,2,0,12,4,8,1,0,1,5,3,2,77,42,35,49,30,19,20,8,12,1,0,1,7,4,3,479,237,242,37,14,23,217,109,108,86,28,58,83,57,26,95,64,31,16,8,8,37,18,19,31,16,15,101,49,52,267,115,152,9,8,143,43,334,310,24,3,5,3,247,7,22
53383366,0,,,446,242,204,285,194,91,26,8,18,110,20,90,73,59,14,37,6,31,63,38,25,1,1,0,36,23,13,5,4,1,21,10,11,100,53,47,68,36,32,21,12,9,6,2,4,5,3,2,763,385,378,85,39,46,306,150,156,175,59,116,137,101,36,154,90,64,45,25,20,191,104,87,107,51,56,85,48,37,310,133,177,24,17,265,71,593,562,31,6,9,3,444,10,35
53383367,0,,,593,322,271,388,251,137,14,7,7,152,37,115,92,69,23,47,11,36,96,50,46,5,4,1,43,19,24,12,7,5,36,20,16,174,83,91,101,44,57,48,26,22,7,2,5,18,11,7,1123,559,564,126,63,63,467,232,235,227,71,156,207,141,66,232,147,85,65,35,30,226,105,121,148,73,75,215,111,104,422,173,249,20,16,370,141,803,739,64,24,13,15,575,15,39
53383368,0,,,449,237,212,294,200,94,17,4,13,115,16,99,124,101,23,91,19,72,79,41,38,2,1,1,32,16,16,11,6,5,34,18,16,148,88,60,86,48,38,33,21,12,7,4,3,19,13,6,948,450,498,57,23,34,350,154,196,174,58,116,232,149,83,252,177,75,36,21,15,154,77,77,121,62,59,131,63,68,357,121,236,67,48,238,87,721,669,52,9,14,5,444,6,38
53383369,0,,,482,260,222,293,191,102,19,10,9,133,32,101,69,58,11,33,3,30,61,29,32,7,4,3,30,17,13,10,3,7,14,5,9,124,65,59,74,38,36,35,17,18,3,1,2,12,9,3,853,413,440,53,23,30,391,184,207,171,47,124,195,133,62,192,119,73,43,16,27,140,66,74,105,53,52,173,86,87,342,142,200,23,22,265,97,632,585,47,13,15,14,452,10,33
53383374,2,53383375,,*,*,*,*,*,*,*,*,*,*,*,*,*,*,*,*,*,*,*,*,*,*,*,*,*,*,*,*,*,*,*,*,*,*,*,*,*,*,*,*,*,*,*,*,*,*,*,*,*,*,*,*,*,*,*,*,*,*,*,*,*,*,*,*,*,*,*,*,*,*,*,*,*,*,*,*,*,*,*,*,*,*,*,*,*,*,*,*,*,*,*,*,*,*
53383375,1,,53383374,352,191,161,225,149,76,11,4,7,100,24,76,72,61,11,42,7,35,27,12,15,0,0,0,17,8,9,2,1,1,8,3,5,113,60,53,65,34,31,29,13,16,3,2,1,16,11,5,670,332,338,81,35,46,309,151,158,110,41,69,95,65,30,182,127,55,10,6,4,65,29,36,71,35,36,147,70,77,296,118,178,26,34,161,60,511,473,38,4,10,6,352,13,22
53383376,0,,,467,247,220,273,181,92,13,4,9,155,40,115,102,82,20,47,11,36,42,29,13,5,3,2,24,19,5,2,0,2,11,7,4,175,83,92,102,46,56,44,21,23,5,2,3,24,14,10,904,435,469,101,43,58,428,213,215,164,51,113,158,102,56,247,170,77,16,7,9,82,44,38,104,54,50,178,78,100,464,178,286,39,24,249,82,688,620,68,11,12,7,460,12,41
53383377,0,,,381,220,161,239,175,64,20,11,9,105,21,84,56,46,10,28,1,27,47,21,26,0,0,0,20,11,9,4,3,1,23,7,16,155,78,77,102,52,50,34,16,18,6,3,3,13,7,6,790,374,416,87,36,51,303,146,157,122,41,81,140,102,38,142,88,54,43,19,24,124,52,72,102,42,60,241,118,123,286,127,159,19,15,234,98,519,467,52,21,13,7,374,11,37
53383378,0,,,85,48,37,57,40,17,5,3,2,16,1,15,15,12,3,13,2,11,25,15,10,0,0,0,10,5,5,5,4,1,10,6,4,25,11,14,14,2,12,10,8,2,0,0,0,1,1,0,163,76,87,18,8,10,74,32,42,25,8,17,31,20,11,44,28,16,11,6,5,39,18,21,23,11,12,17,6,11,69,27,42,10,7,47,14,124,113,11,5,1,2,72,3,8
53383379,0,,,514,276,238,311,216,95,22,8,14,157,32,125,18,14,4,5,0,5,23,13,10,3,3,0,11,7,4,1,1,0,8,2,6,210,97,113,125,62,63,56,25,31,6,0,6,23,10,13,755,366,389,31,10,21,306,161,145,165,34,131,201,138,63,112,60,52,26,12,14,70,39,31,51,18,33,370,174,196,318,153,165,1,0,293,63,631,537,94,13,14,20,491,15,70
53383382,0,,,10,3,7,4,2,2,0,0,0,6,1,5,1,1,0,0,0,0,0,0,0,0,0,0,0,0,0,0,0,0,0,0,0,0,0,0,0,0,0,0,0,0,0,0,0,0,0,0,18,6,12,4,1,3,11,4,7,1,0,1,2,1,1,1,1,0,1,0,1,0,0,0,0,0,0,1,1,0,15,4,11,0,0,5,2,11,11,0,0,0,0,8,0,0
53383383,0,,,41,23,18,26,18,8,1,0,1,11,2,9,20,18,2,17,4,13,0,0,0,0,0,0,0,0,0,0,0,0,0,0,0,5,2,3,3,2,1,1,0,1,0,0,0,1,0,1,103,54,49,18,10,8,56,30,26,12,4,8,10,7,3,34,29,5,0,0,0,3,1,2,4,2,2,9,4,5,57,19,38,11,7,18,9,80,78,2,1,1,1,45,1,0
53383384,0,,,179,101,78,101,70,31,7,3,4,59,18,41,37,30,7,21,5,16,15,7,8,2,0,2,4,1,3,0,0,0,9,6,3,32,16,16,18,11,7,7,3,4,3,1,2,4,1,3,362,182,180,60,30,30,167,88,79,47,11,36,46,31,15,82,51,31,10,5,5,19,10,9,10,3,7,45,23,22,237,109,128,10,19,90,38,261,244,17,12,6,1,185,5,10
53383385,0,,,262,137,125,161,108,53,14,6,8,73,13,60,69,59,10,35,5,30,22,11,11,5,2,3,12,6,6,0,0,0,5,3,2,81,36,45,57,26,31,14,5,9,5,0,5,5,5,0,579,281,298,71,31,40,251,122,129,97,26,71,113,78,35,205,131,74,6,3,3,53,29,24,66,39,27,82,40,42,266,85,181,28,17,142,66,394,369,25,13,6,2,242,13,12
53383386,0,,,123,62,61,79,52,27,1,0,1,38,6,32,31,28,3,21,5,16,10,5,5,0,0,0,6,2,4,1,1,0,3,2,1,55,29,26,32,12,20,16,14,2,2,0,2,5,3,2,286,139,147,33,14,19,128,64,64,57,17,40,47,32,15,102,69,33,4,2,2,17,10,7,18,7,11,60,26,34,129,47,82,10,12,57,34,202,180,22,5,4,1,123,5,12
53383387,0,,,465,249,216,281,186,95,21,4,17,145,43,102,90,79,11,61,6,55,67,32,35,6,4,2,31,14,17,11,4,7,19,10,9,167,81,86,114,59,55,34,14,20,7,1,6,12,7,5,934,464,470,105,45,60,442,223,219,148,46,102,189,121,68,270,181,89,32,15,17,130,60,70,115,63,52,139,63,76,438,170,268,30,26,260,98,676,624,52,12,18,6,467,16,31
53383388,0,,,353,178,175,219,138,81,12,1,11,101,23,78,103,85,18,63,7,56,57,30,27,6,4,2,31,16,15,2,2,0,18,8,10,116,62,54,78,42,36,26,13,13,8,4,4,4,3,1,752,358,394,66,27,39,329,152,177,145,44,101,153,102,51,221,134,87,27,16,11,113,60,53,64,35,29,112,49,63,328,121,207,41,42,183,89,559,523,36,5,16,3,347,14,25
53383389,0,,,306,157,149,171,116,55,15,8,7,104,20,84,67,53,14,33,5,28,31,16,15,3,3,0,15,4,11,6,4,2,7,5,2,213,109,104,167,89,78,24,7,17,5,4,1,17,9,8,719,312,407,137,42,95,303,139,164,112,32,80,117,76,41,139,95,44,64,32,32,173,68,105,117,53,64,176,82,94,251,87,164,26,16,179,88,456,411,45,12,14,3,309,13,22
53383393,0,,,18,10,8,12,8,4,0,0,0,6,2,4,7,7,0,7,0,7,1,0,1,0,0,0,0,0,0,1,0,1,0,0,0,5,2,3,3,1,2,1,1,0,0,0,0,1,0,1,40,20,20,7,2,5,13,4,9,3,1,2,9,8,1,16,11,5,4,2,2,0,0,0,5,3,2,2,0,2,18,5,13,5,4,5,5,34,32,2,1,1,1,18,0,1
53383394,0,,,102,53,49,54,38,16,5,3,2,39,8,31,11,8,3,6,1,5,17,13,4,2,2,0,12,8,4,1,1,0,2,2,0,24,8,16,16,8,8,5,0,5,2,0,2,1,0,1,227,113,114,41,20,21,109,62,47,40,12,28,18,10,8,34,20,14,22,12,10,56,33,23,23,8,15,45,20,25,78,34,44,4,2,53,22,126,119,7,5,4,0,104,1,0
53383395,0,,,530,279,251,293,192,101,28,9,19,178,55,123,71,58,13,22,4,18,57,31,26,4,2,2,24,14,10,4,3,1,25,12,13,188,102,86,102,48,54,67,43,24,8,2,6,11,9,2,1169,580,589,239,108,131,545,291,254,165,44,121,135,91,44,167,107,60,62,27,35,185,97,88,162,65,97,203,97,106,603,302,301,11,10,328,158,723,638,85,51,17,7,522,16,34
53383396,0,,,831,452,379,487,333,154,31,12,19,265,72,193,85,62,23,25,6,19,72,35,37,3,0,3,32,13,19,12,9,3,25,13,12,266,142,124,140,74,66,69,36,33,14,3,11,43,29,14,1608,814,794,219,106,113,814,410,404,234,89,145,171,117,54,224,152,72,54,25,29,199,98,101,194,102,92,307,148,159,887,417,470,8,13,474,192,1079,964,115,48,40,14,782,34,69
53383397,0,,,1066,571,495,675,443,232,51,18,33,279,64,215,121,95,26,35,3,32,102,52,50,8,8,0,40,20,20,7,4,3,47,20,27,380,210,170,226,133,93,88,52,36,24,9,15,42,16,26,1893,935,958,217,99,118,827,417,410,331,101,230,303,213,90,294,183,111,57,28,29,295,158,137,283,143,140,456,233,223,851,383,468,29,13,656,237,1369,1231,138,39,48,10,1017,44,88
53383398,0,,,1018,544,474,635,422,213,40,20,20,292,66,226,101,80,21,33,4,29,137,66,71,9,4,5,67,31,36,7,4,3,54,27,27,339,172,167,208,109,99,85,42,43,16,9,7,30,12,18,1839,877,962,167,82,85,859,418,441,314,84,230,288,192,96,349,208,141,69,33,36,278,132,146,277,143,134,369,171,198,824,357,467,22,21,592,236,1281,1160,121,48,38,9,967,26,73
53383399,0,,,548,291,257,332,225,107,20,8,12,175,41,134,112,92,20,49,8,41,57,32,25,1,1,0,30,18,12,4,3,1,22,10,12,164,83,81,88,41,47,46,27,19,7,3,4,23,12,11,1095,533,562,119,45,74,537,277,260,194,54,140,154,112,42,221,134,87,39,18,21,125,68,57,134,65,69,167,82,85,540,236,304,28,35,316,149,783,717,66,21,34,8,536,22,53
53383400,0,,,560,298,262,352,234,118,22,12,10,171,40,131,35,31,4,8,1,7,79,46,33,9,6,3,32,16,16,4,2,2,34,22,12,164,81,83,94,52,42,32,13,19,12,2,10,26,14,12,907,451,456,87,42,45,450,231,219,135,39,96,127,84,43,133,70,63,38,18,20,194,106,88,142,68,74,224,105,119,337,166,171,2,6,333,129,658,610,48,10,23,2,543,16,43
53383401,0,,,887,479,408,499,342,157,94,42,52,258,68,190,110,87,23,50,11,39,105,51,54,6,1,5,43,24,19,16,8,8,40,18,22,259,111,148,163,67,96,58,25,33,11,4,7,27,15,12,1706,826,880,229,106,123,882,439,443,250,69,181,263,175,88,273,158,115,93,34,59,359,175,184,198,91,107,338,175,163,724,317,407,30,18,540,306,1148,1058,90,24,47,6,784,29,65
53383402,0,,,951,505,446,493,339,154,110,56,54,313,81,232,58,46,12,16,5,11,91,45,46,5,2,3,34,17,17,21,11,10,31,15,16,222,120,102,134,80,54,53,24,29,12,6,6,23,10,13,1621,789,832,250,123,127,835,425,410,268,69,199,234,155,79,220,122,98,93,50,43,282,142,140,202,97,105,305,144,161,801,382,419,9,10,563,325,1105,1026,79,28,52,7,832,29,81
53383403,0,,,96,48,48,59,35,24,4,0,4,27,7,20,15,13,2,9,2,7,16,10,6,0,0,0,6,5,1,3,2,1,7,3,4,37,21,16,26,17,9,6,2,4,0,0,0,5,2,3,187,84,103,9,3,6,94,41,53,36,13,23,48,27,21,57,37,20,0,0,0,28,10,18,39,20,19,53,23,30,63,25,38,2,6,58,37,129,120,9,0,8,0,84,1,12
53383404,0,,,51,33,18,32,24,8,1,0,1,17,8,9,5,4,1,4,1,3,2,1,1,0,0,0,2,1,1,0,0,0,0,0,0,5,2,3,3,2,1,2,0,2,0,0,0,0,0,0,94,46,48,11,2,9,52,27,25,17,7,10,11,10,1,19,13,6,11,6,5,12,6,6,13,4,9,13,6,7,33,14,19,3,1,31,8,66,64,2,2,0,0,45,2,6
53383405,0,,,112,47,65,77,35,42,2,1,1,29,7,22,27,21,6,12,1,11,6,4,2,0,0,0,2,2,0,0,0,0,4,2,2,27,13,14,18,9,9,6,3,3,0,0,0,3,1,2,216,99,117,21,14,7,88,33,55,34,9,25,49,29,20,58,38,20,8,4,4,45,12,33,22,12,10,44,20,24,69,28,41,10,6,74,18,165,154,11,1,3,1,96,3,31
53383406,0,,,123,64,59,74,44,30,4,1,3,37,12,25,31,26,5,23,7,16,12,6,6,0,0,0,8,3,5,4,3,1,0,0,0,24,13,11,9,6,3,12,6,6,1,0,1,2,1,1,329,137,192,44,14,30,127,54,73,50,18,32,41,26,15,93,59,34,26,9,17,59,17,42,17,8,9,32,14,18,133,47,86,8,10,57,18,198,184,14,2,0,0,129,9,6
53383407,0,,,55,26,29,27,19,8,3,1,2,21,3,18,9,7,2,2,0,2,3,2,1,0,0,0,2,1,1,0,0,0,1,1,0,32,15,17,16,8,8,8,6,2,3,0,3,5,1,4,91,45,46,5,4,1,40,22,18,16,2,14,9,7,2,23,15,8,0,0,0,9,3,6,6,2,4,42,20,22,44,21,23,3,0,30,8,79,66,13,2,0,0,57,3,5
53383408,0,,,116,64,52,74,51,23,3,1,2,36,10,26,43,36,7,20,1,19,9,5,4,0,0,0,6,3,3,0,0,0,3,2,1,34,16,18,16,8,8,10,5,5,3,1,2,5,2,3,293,140,153,42,22,20,151,69,82,33,9,24,47,30,17,102,75,27,7,3,4,17,9,8,28,14,14,57,27,30,125,33,92,19,11,61,38,199,182,17,0,2,0,130,8,9
53383409,0,,,207,116,91,129,86,43,5,4,1,59,14,45,51,40,11,27,5,22,15,8,7,1,0,1,9,4,5,0,0,0,5,4,1,54,21,33,34,10,24,9,4,5,5,3,2,6,4,2,455,226,229,101,45,56,197,106,91,74,27,47,60,38,22,137,99,38,12,6,6,30,15,15,33,13,20,57,22,35,255,100,155,17,19,108,42,316,295,21,11,5,1,189,19,7
53383410,0,,,783,414,369,467,320,147,55,26,29,226,43,183,67,52,15,10,1,9,133,63,70,5,2,3,59,28,31,18,9,9,51,24,27,286,147,139,166,87,79,74,35,39,17,8,9,29,17,12,1338,649,689,121,53,68,668,330,338,195,45,150,199,143,56,233,125,108,106,50,56,219,107,112,185,95,90,407,204,203,477,215,262,8,5,469,155,973,871,102,14,38,8,766,16,78
53383411,0,,,1507,803,704,849,547,302,161,87,74,416,117,299,154,114,40,55,11,44,159,89,70,12,6,6,74,39,35,26,16,10,47,28,19,422,196,226,265,127,138,88,35,53,19,5,14,50,29,21,2779,1330,1449,350,167,183,1348,633,715,432,136,296,503,321,182,388,223,165,152,68,84,546,265,281,386,184,202,486,234,252,1242,558,684,15,21,963,572,1858,1727,131,72,99,10,1290,36,108
53383412,0,,,1068,582,486,644,441,203,79,42,37,307,71,236,83,65,18,23,2,21,101,44,57,9,6,3,33,14,19,33,12,21,26,12,14,298,146,152,188,89,99,63,32,31,13,7,6,34,18,16,1799,888,911,205,93,112,873,433,440,274,92,182,372,234,138,231,139,92,100,58,42,303,143,160,302,150,152,379,194,185,787,349,438,11,14,673,389,1281,1179,102,32,78,9,941,35,87
53383413,0,,,205,106,99,127,85,42,5,2,3,63,12,51,36,30,6,15,4,11,18,9,9,2,2,0,4,3,1,7,2,5,5,2,3,76,35,41,54,27,27,16,7,9,3,0,3,3,1,2,403,197,206,40,25,15,188,87,101,79,21,58,82,57,25,85,56,29,12,6,6,44,21,23,49,26,23,83,41,42,200,82,118,14,10,117,68,276,257,19,7,8,1,195,5,22
53383414,0,,,55,31,24,32,20,12,1,0,1,13,4,9,16,12,4,6,0,6,7,3,4,1,0,1,3,1,2,0,0,0,3,2,1,19,10,9,14,7,7,3,2,1,2,1,1,0,0,0,245,84,161,13,5,8,53,27,26,20,5,15,22,16,6,30,21,9,30,11,19,81,18,63,37,8,29,22,8,14,55,22,33,7,2,32,15,80,77,3,4,3,0,52,2,3
53383415,0,,,195,104,91,117,84,33,7,3,4,63,11,52,49,39,10,27,5,22,23,14,9,1,1,0,9,6,3,3,3,0,10,4,6,53,26,27,33,15,18,13,7,6,2,0,2,5,4,1,510,247,263,53,24,29,251,122,129,73,21,52,80,53,27,119,84,35,25,12,13,118,57,61,43,18,25,67,33,34,179,65,114,22,6,121,63,307,285,22,17,3,1,190,5,21
53383416,0,,,117,56,61,69,40,29,5,1,4,34,7,27,31,26,5,19,4,15,18,12,6,2,2,0,4,4,0,5,2,3,7,4,3,51,29,22,28,14,14,14,10,4,0,0,0,9,5,4,229,109,120,16,11,5,110,52,58,51,14,37,42,26,16,78,51,27,11,7,4,18,11,7,30,12,18,68,38,30,89,30,59,8,6,66,19,192,168,24,5,5,0,120,6,14
53383417,0,,,121,74,47,69,51,18,3,3,0,39,12,27,34,30,4,10,0,10,9,6,3,1,1,0,4,4,0,2,1,1,2,0,2,24,10,14,17,8,9,3,1,2,2,1,1,2,0,2,279,141,138,33,16,17,118,58,60,45,14,31,60,44,16,78,55,23,7,2,5,26,15,11,40,19,21,33,11,22,120,51,69,5,14,67,31,184,176,8,7,2,0,124,3,5
53383418,0,,,81,40,41,46,27,19,1,1,0,26,5,21,18,13,5,8,1,7,9,3,6,0,0,0,8,2,6,0,0,0,1,1,0,26,8,18,20,7,13,5,1,4,1,0,1,0,0,0,149,68,81,22,11,11,57,26,31,41,11,30,20,14,6,43,27,16,7,3,4,28,10,18,15,6,9,20,5,15,71,28,43,3,5,45,12,115,109,6,0,0,0,83,3,3
53383419,0,,,63,32,31,47,30,17,2,0,2,13,1,12,14,13,1,7,1,6,10,6,4,0,0,0,4,3,1,1,1,0,5,2,3,21,14,7,13,7,6,5,4,1,1,1,0,2,2,0,127,63,64,11,5,6,58,29,29,22,5,17,30,20,10,34,20,14,9,4,5,15,8,7,23,14,9,27,13,14,50,24,26,3,0,42,14,93,86,7,5,2,1,61,4,2
53383420,0,,,123,65,58,68,46,22,3,1,2,41,10,31,7,5,2,1,0,1,11,6,5,0,0,0,2,1,1,4,2,2,5,3,2,32,17,15,15,8,7,6,6,0,2,0,2,9,3,6,212,104,108,20,10,10,114,52,62,23,6,17,48,31,17,19,10,9,8,4,4,33,20,13,14,8,6,31,15,16,142,65,77,2,1,72,32,142,131,11,3,5,1,109,4,11
53383421,0,,,746,414,332,437,298,139,77,34,43,201,58,143,81,61,20,30,4,26,87,38,49,3,1,2,33,14,19,11,6,5,40,17,23,184,112,72,111,66,45,35,25,10,11,6,5,27,15,12,1262,632,630,116,58,58,605,298,307,216,64,152,255,178,77,214,136,78,84,46,38,259,137,122,159,76,83,267,143,124,511,226,285,14,16,448,218,940,868,72,25,44,13,652,20,71
53383422,0,,,916,525,391,570,389,181,50,27,23,250,75,175,56,37,19,14,2,12,115,55,60,11,4,7,31,18,13,29,10,19,44,23,21,352,178,174,213,104,109,79,43,36,6,1,5,54,30,24,1516,766,750,117,55,62,636,318,318,268,72,196,384,266,118,199,125,74,49,29,20,310,162,148,276,127,149,405,209,196,582,266,316,8,17,549,317,1108,987,121,35,69,7,786,28,117
53383423,0,,,929,524,405,566,399,167,78,40,38,247,53,194,78,54,24,26,6,20,153,81,72,16,5,11,33,20,13,45,25,20,59,31,28,437,241,196,228,118,110,69,41,28,11,4,7,129,78,51,1463,724,739,93,47,46,556,262,294,236,61,175,469,302,167,243,148,95,221,105,116,377,195,182,302,152,150,391,205,186,369,168,201,13,15,608,335,1213,1040,173,94,62,11,752,31,178
53383424,0,,,43,22,21,27,15,12,0,0,0,10,2,8,3,3,0,2,1,1,4,2,2,0,0,0,0,0,0,1,1,0,3,1,2,10,7,3,6,3,3,3,3,0,0,0,0,1,1,0,203,71,132,11,4,7,54,27,27,13,2,11,18,11,7,19,13,6,4,2,2,0,0,0,14,8,6,16,9,7,57,22,35,1,2,22,21,53,49,4,5,0,0,34,0,4
53383425,0,,,250,140,110,158,107,51,4,1,3,65,12,53,49,38,11,22,3,19,27,12,15,0,0,0,13,6,7,2,1,1,12,5,7,101,55,46,66,34,32,23,12,11,4,2,2,8,7,1,460,226,234,23,7,16,204,103,101,82,19,63,94,65,29,105,62,43,25,13,12,69,32,37,74,41,33,154,80,74,147,56,91,17,9,153,52,359,323,36,6,7,0,234,8,34
53383426,0,,,12,6,6,9,5,4,0,0,0,2,1,1,3,2,1,5,2,3,1,1,0,0,0,0,1,1,0,0,0,0,0,0,0,8,3,5,6,3,3,2,0,2,0,0,0,0,0,0,30,14,16,0,0,0,11,5,6,6,0,6,10,7,3,22,15,7,0,0,0,0,0,0,1,0,1,4,0,4,11,2,9,3,2,5,3,22,20,2,0,0,0,10,1,4
53383427,0,,,316,173,143,191,127,64,7,1,6,87,24,63,51,41,10,25,6,19,45,29,16,1,0,1,10,6,4,13,10,3,21,13,8,104,62,42,64,43,21,22,11,11,7,5,2,11,3,8,598,299,299,51,19,32,217,118,99,108,37,71,101,65,36,152,100,52,20,15,5,72,38,34,62,34,28,98,53,45,271,109,162,12,12,170,78,436,403,33,8,4,1,298,9,33
53383428,0,,,273,142,131,163,106,57,11,5,6,83,17,66,34,33,1,26,3,23,30,10,20,0,0,0,4,1,3,20,7,13,6,2,4,84,45,39,52,29,23,24,10,14,5,3,2,3,3,0,460,220,240,44,20,24,185,89,96,76,35,41,74,39,35,94,57,37,41,19,22,66,26,40,42,22,20,136,60,76,191,88,103,12,10,140,30,367,338,29,5,5,2,256,14,24
53383429,0,,,363,192,171,207,143,64,11,5,6,133,35,98,58,50,8,17,4,13,28,19,9,2,1,1,23,16,7,0,0,0,3,2,1,108,64,44,54,31,23,27,16,11,9,3,6,18,14,4,707,341,366,86,42,44,326,157,169,126,46,80,101,72,29,181,133,48,28,16,12,88,33,55,74,35,39,150,79,71,319,126,193,13,14,191,63,502,453,49,9,9,5,361,20,27
53383430,0,,,611,332,279,356,243,113,36,11,25,179,45,134,40,32,8,10,0,10,48,26,22,2,2,0,19,13,6,16,8,8,11,3,8,162,77,85,115,60,55,26,9,17,5,0,5,16,8,8,984,482,502,89,41,48,483,224,259,170,56,114,225,154,71,114,58,56,18,10,8,131,62,69,168,90,78,279,139,140,464,219,245,0,6,333,120,711,668,43,20,16,3,557,14,59
53383431,0,,,1290,692,598,819,525,294,84,44,40,311,68,243,126,92,34,38,6,32,226,121,105,8,3,5,72,42,30,57,28,29,89,48,41,436,196,240,286,132,154,87,36,51,8,3,5,55,25,30,2216,1095,1121,172,84,88,930,454,476,389,95,294,473,326,147,322,188,134,198,106,92,563,273,290,416,201,215,394,183,211,702,307,395,11,15,846,425,1587,1461,126,67,69,11,1109,30,174
53383432,0,,,1359,714,645,789,508,281,128,63,65,384,105,279,94,73,21,29,4,25,174,93,81,20,7,13,48,25,23,38,18,20,68,43,25,489,263,226,237,118,119,82,39,43,9,5,4,161,101,60,2178,1055,1123,183,88,95,924,444,480,349,92,257,541,338,203,220,122,98,271,143,128,618,316,302,384,181,203,430,216,214,722,333,389,9,5,941,587,1701,1506,195,106,94,10,1105,30,246
53383433,0,,,1678,939,739,985,660,325,114,64,50,499,157,342,138,106,32,46,5,41,187,101,86,26,8,18,52,30,22,46,24,22,63,39,24,584,328,256,230,116,114,75,38,37,6,1,5,273,173,100,2499,1269,1230,216,112,104,1118,564,554,412,122,290,676,426,250,292,173,119,322,181,141,769,411,358,402,220,182,476,233,243,912,426,486,20,17,1206,903,2120,1868,252,240,68,11,1282,48,346
53383434,0,,,746,423,323,486,336,150,26,14,12,194,44,150,74,53,21,18,1,17,113,68,45,11,6,5,28,19,9,16,11,5,58,32,26,261,136,125,169,95,74,65,29,36,8,2,6,19,10,9,1610,967,643,323,268,55,555,312,243,245,76,169,302,212,90,180,109,71,304,241,63,410,274,136,278,152,126,328,172,156,319,138,181,11,11,476,153,933,850,83,82,26,6,620,12,95
53383435,0,,,1550,824,726,929,598,331,83,41,42,467,128,339,146,108,38,43,9,34,216,108,108,12,4,8,76,42,34,29,15,14,99,47,52,496,258,238,295,142,153,130,77,53,21,8,13,50,31,19,2755,1313,1442,244,106,138,1119,516,603,416,119,297,523,350,173,321,176,145,278,123,155,576,265,311,498,235,263,585,281,304,857,415,442,9,15,998,393,1945,1779,166,60,40,8,1413,59,244
53383436,0,,,584,312,272,359,246,113,17,10,7,182,37,145,80,62,18,33,5,28,159,75,84,11,6,5,60,30,30,45,17,28,43,22,21,229,127,102,177,100,77,33,18,15,3,2,1,16,7,9,1040,504,536,89,40,49,369,185,184,188,49,139,237,150,87,209,121,88,94,43,51,269,136,133,243,125,118,214,98,116,300,129,171,20,12,357,153,759,710,49,10,18,5,539,23,79
53383437,0,,,91,52,39,55,39,16,0,0,0,33,11,22,18,12,6,6,0,6,20,12,8,0,0,0,1,1,0,10,6,4,9,5,4,32,13,19,22,8,14,4,3,1,2,1,1,4,1,3,163,82,81,13,7,6,61,31,30,35,12,23,31,21,10,29,19,10,13,5,8,29,15,14,46,22,24,34,19,15,49,20,29,4,3,56,15,122,118,4,1,2,2,93,4,2
53383438,0,,,375,187,188,202,130,72,11,3,8,131,31,100,50,41,9,14,1,13,35,19,16,2,1,1,16,9,7,9,5,4,8,4,4,123,56,67,64,30,34,32,16,16,11,2,9,16,8,8,619,290,329,62,27,35,288,139,149,120,29,91,101,71,30,131,89,42,23,8,15,94,49,45,87,38,49,155,66,89,277,110,167,17,12,198,50,493,446,47,10,11,5,354,15,33
53383439,0,,,143,70,73,93,56,37,2,0,2,41,9,32,33,28,5,26,4,22,12,5,7,0,0,0,9,2,7,3,3,0,0,0,0,38,23,15,19,14,5,13,6,7,2,1,1,4,2,2,290,134,156,49,23,26,129,59,70,53,18,35,41,24,17,87,54,33,12,6,6,25,11,14,29,14,15,50,23,27,137,54,83,16,9,71,31,221,204,17,0,8,2,136,4,8
53383440,0,,,414,221,193,236,157,79,15,8,7,141,42,99,56,40,16,16,4,12,30,15,15,0,0,0,15,7,8,1,1,0,14,7,7,116,54,62,72,35,37,24,8,16,6,3,3,14,8,6,870,414,456,109,53,56,399,190,209,155,48,107,152,104,48,86,42,44,31,15,16,129,60,69,87,41,46,180,83,97,463,225,238,7,7,261,126,530,491,39,18,13,3,401,10,45
53383441,0,,,949,526,423,609,415,194,25,10,15,236,42,194,102,78,24,40,9,31,215,117,98,16,9,7,70,38,32,73,42,31,56,28,28,431,216,215,325,163,162,61,30,31,10,2,8,35,21,14,1623,810,813,159,65,94,554,292,262,299,78,221,451,287,164,283,166,117,153,75,78,445,240,205,647,310,337,220,111,109,356,160,196,14,12,624,227,1186,1095,91,55,45,15,829,14,126
53383442,0,,,673,366,307,445,287,158,22,8,14,169,41,128,83,60,23,26,4,22,112,57,55,15,6,9,25,15,10,37,21,16,35,15,20,270,127,143,190,85,105,47,25,22,7,3,4,26,14,12,1266,610,656,111,51,60,473,228,245,196,50,146,337,219,118,220,131,89,111,47,64,255,120,135,284,132,152,278,133,145,435,195,240,10,19,408,173,858,782,76,37,41,4,589,16,92
53383443,0,,,801,467,334,521,364,157,66,37,29,177,39,138,71,60,11,25,4,21,114,58,56,11,5,6,22,8,14,44,28,16,37,17,20,199,103,96,122,63,59,38,21,17,10,1,9,29,18,11,1330,711,619,97,42,55,591,316,275,202,64,138,304,211,93,192,116,76,86,52,34,327,182,145,210,103,107,225,117,108,470,224,246,11,12,537,229,970,901,69,47,19,8,658,25,116
53383444,0,,,1741,920,821,1094,717,377,78,30,48,498,118,380,153,114,39,44,7,37,254,127,127,27,11,16,80,41,39,50,27,23,97,48,49,440,220,220,274,138,136,75,38,37,25,3,22,66,41,25,3088,1481,1607,257,121,136,1116,520,596,493,122,371,691,470,221,281,143,138,310,145,165,844,395,449,489,241,248,534,263,271,912,430,482,12,9,1217,525,2111,1990,121,96,43,7,1447,67,237
53383445,0,,,1904,1024,880,1211,784,427,79,36,43,514,127,387,164,115,49,34,7,27,328,162,166,28,18,10,107,51,56,64,29,35,129,64,65,629,332,297,385,198,187,157,89,68,27,10,17,60,35,25,3345,1616,1729,233,122,111,1298,618,680,602,171,431,722,470,252,364,195,169,249,129,120,795,383,412,569,280,289,689,342,347,1204,573,631,5,14,1229,524,2359,2145,214,62,51,17,1707,71,259
53383446,0,,,1265,673,592,823,543,280,21,11,10,334,56,278,107,78,29,42,8,34,261,123,138,23,8,15,85,45,40,63,26,37,90,44,46,534,256,278,370,182,188,107,51,56,11,3,8,46,20,26,2076,1000,1076,125,50,75,754,366,388,422,116,306,496,331,165,351,196,155,158,73,85,559,270,289,512,253,259,619,283,336,446,193,253,8,13,765,202,1600,1438,162,32,32,19,1193,46,166
53383447,0,,,291,136,155,188,117,71,5,2,3,79,5,74,44,36,8,23,3,20,67,32,35,5,3,2,18,6,12,10,6,4,34,17,17,174,77,97,109,50,59,45,19,26,4,0,4,16,8,8,557,262,295,48,25,23,219,107,112,118,24,94,96,62,34,105,56,49,17,9,8,106,50,56,91,40,51,278,132,146,129,48,81,10,10,163,45,418,366,52,6,8,4,284,8,49
53383448,0,,,402,218,184,268,178,90,11,2,9,96,18,78,62,46,16,42,9,33,70,31,39,6,4,2,29,13,16,11,6,5,24,8,16,137,78,59,93,50,43,31,21,10,2,0,2,11,7,4,718,347,371,62,33,29,296,137,159,133,40,93,149,98,51,147,89,58,66,37,29,178,87,91,146,72,74,179,82,97,209,89,120,18,21,239,91,563,521,42,4,11,2,381,12,37
53383449,0,,,192,105,87,115,82,33,4,1,3,59,10,49,53,42,11,43,10,33,29,10,19,1,1,0,13,5,8,4,0,4,11,4,7,66,40,26,42,24,18,19,12,7,0,0,0,5,4,1,430,213,217,45,21,24,234,114,120,66,22,44,57,41,16,123,79,44,28,13,15,69,31,38,53,25,28,93,43,50,159,72,87,24,17,107,53,312,289,23,2,7,1,169,8,22
53383450,0,,,8,7,1,5,5,0,1,0,1,1,1,0,1,0,1,0,0,0,1,0,1,0,0,0,0,0,0,0,0,0,1,0,1,1,0,1,1,0,1,0,0,0,0,0,0,0,0,0,12,7,5,1,1,0,6,3,3,1,0,1,4,3,1,0,0,0,5,3,2,2,1,1,3,1,2,0,0,0,4,2,2,0,0,7,0,9,9,0,1,0,0,8,0,0
53383451,0,,,689,371,318,441,288,153,37,17,20,183,44,139,74,62,12,34,10,24,59,32,27,3,1,2,18,9,9,22,11,11,16,11,5,177,106,71,112,68,44,46,26,20,4,1,3,15,11,4,1240,602,638,181,63,118,599,299,300,194,64,130,207,143,64,172,117,55,90,40,50,208,98,110,159,78,81,231,119,112,534,242,292,15,9,458,187,861,800,61,75,20,4,573,15,107
53383452,0,,,598,279,319,293,192,101,34,10,24,241,54,187,98,71,27,38,9,29,57,34,23,5,3,2,16,11,5,17,9,8,19,11,8,190,93,97,108,51,57,56,25,31,5,3,2,21,14,7,1295,563,732,267,110,157,665,286,379,161,39,122,166,112,54,181,108,73,49,26,23,139,69,70,194,85,109,320,131,189,616,251,365,14,13,430,327,812,736,76,28,12,6,539,25,98
53383453,0,,,1595,878,717,1039,692,347,74,37,37,402,90,312,135,109,26,35,5,30,226,112,114,18,10,8,55,29,26,60,24,36,93,49,44,466,252,214,290,148,142,111,65,46,16,6,10,49,33,16,2725,1375,1350,215,98,117,1135,571,564,441,113,328,645,423,222,352,195,157,234,123,111,607,315,292,506,261,245,512,250,262,902,404,498,15,6,1085,522,1926,1784,142,97,77,13,1364,45,199
53383454,0,,,2443,1318,1125,1478,1006,472,99,38,61,726,171,555,240,177,63,65,9,56,345,182,163,31,17,14,105,58,47,51,25,26,158,82,76,710,385,325,441,232,209,152,86,66,29,8,21,88,59,29,4416,2151,2265,387,175,212,1711,792,919,704,202,502,919,629,290,477,266,211,286,146,140,1032,517,515,651,322,329,1023,484,539,1425,665,760,8,20,1657,817,3044,2811,233,127,112,18,2087,79,341
53383455,0,,,1662,900,762,1016,678,338,62,19,43,468,116,352,182,138,44,45,14,31,234,126,108,24,12,12,68,32,36,54,32,22,88,50,38,491,247,244,292,152,140,129,66,63,15,6,9,55,23,32,3118,1565,1553,274,124,150,1180,594,586,502,155,347,614,411,203,331,172,159,284,152,132,675,347,328,439,233,206,684,328,356,1113,530,583,4,13,1160,555,2095,1930,165,110,50,18,1428,58,243
53383456,0,,,1530,806,724,917,613,304,42,17,25,487,112,375,179,131,48,63,11,52,244,120,124,29,14,15,54,24,30,66,38,28,95,44,51,617,324,293,402,208,194,135,78,57,27,10,17,53,28,25,2968,1393,1575,241,101,140,1074,494,580,486,123,363,600,405,195,442,252,190,195,95,100,581,281,300,529,253,276,739,346,393,960,416,544,24,17,972,424,2007,1824,183,54,38,18,1392,48,267
53383457,0,,,830,431,399,543,345,198,20,9,11,222,42,180,79,65,14,25,5,20,166,95,71,12,6,6,48,26,22,54,40,14,52,23,29,271,145,126,189,105,84,57,28,29,10,2,8,15,10,5,1646,752,894,160,71,89,601,298,303,283,81,202,321,198,123,192,118,74,177,77,100,488,234,254,326,150,176,314,145,169,476,213,263,14,10,524,176,1025,946,79,13,15,2,776,27,102
53383458,0,,,1244,646,598,771,493,278,31,13,18,360,82,278,156,131,25,61,9,52,147,81,66,11,7,4,64,34,30,16,9,7,56,31,25,379,182,197,228,120,108,89,41,48,16,5,11,46,16,30,2315,1123,1192,238,114,124,1023,498,525,430,127,303,383,261,122,351,199,152,140,68,72,379,181,198,374,186,188,538,256,282,1045,488,557,28,28,730,329,1606,1476,130,25,35,10,1189,40,122
53383459,0,,,984,530,454,595,399,196,34,23,11,311,75,236,141,112,29,63,11,52,142,63,79,17,6,11,56,25,31,21,8,13,48,24,24,338,170,168,226,119,107,71,35,36,13,5,8,28,11,17,1925,928,997,257,131,126,868,407,461,326,115,211,287,192,95,289,167,122,91,47,44,344,167,177,320,157,163,445,214,231,897,406,491,20,23,614,259,1306,1211,95,22,28,8,966,28,107
53383460,0,,,324,187,137,213,152,61,12,5,7,85,21,64,22,15,7,6,1,5,45,21,24,3,1,2,14,8,6,9,4,5,19,8,11,110,60,50,72,39,33,28,18,10,6,1,5,4,2,2,528,271,257,47,27,20,278,149,129,82,24,58,94,58,36,94,59,35,58,34,24,95,48,47,120,61,59,86,46,40,191,86,105,1,2,214,83,388,352,36,12,7,7,269,9,41
53383461,0,,,1711,922,789,1070,703,367,68,27,41,479,115,364,182,135,47,52,9,43,250,130,120,17,12,5,82,40,42,55,30,25,96,48,48,434,222,212,275,143,132,91,39,52,17,9,8,51,31,20,3022,1464,1558,341,161,180,1586,790,796,488,157,331,498,309,189,373,207,166,166,76,90,723,349,374,456,221,235,564,273,291,1320,641,679,9,14,1125,504,2102,1951,151,76,29,17,1556,51,207
53383462,0,,,1441,774,667,902,585,317,60,21,39,397,106,291,134,95,39,27,5,22,204,107,97,15,7,8,46,24,22,57,24,33,86,52,34,362,186,176,202,96,106,90,54,36,15,5,10,55,31,24,2480,1220,1260,291,146,145,1119,527,592,388,113,275,523,349,174,282,162,120,185,84,101,509,222,287,351,175,176,543,289,254,967,465,502,11,10,913,394,1741,1607,134,42,38,7,1290,34,219
53383463,0,,,1327,763,564,845,592,253,44,20,24,344,83,261,122,89,33,37,7,30,185,105,80,21,16,5,48,23,25,50,29,21,66,37,29,414,206,208,267,128,139,87,45,42,11,3,8,49,30,19,2326,1184,1142,171,80,91,875,438,437,376,103,273,599,403,196,358,221,137,162,84,78,592,307,285,315,158,157,462,225,237,724,332,392,11,13,917,413,1625,1495,130,100,40,13,1109,27,222
53383464,0,,,1329,734,595,804,530,274,46,19,27,375,105,270,149,108,41,33,6,27,155,78,77,20,8,12,67,32,35,11,4,7,57,34,23,425,233,192,284,157,127,93,52,41,8,2,6,40,22,18,2561,1251,1310,211,101,110,972,464,508,441,110,331,576,394,182,355,215,140,168,89,79,407,192,215,432,222,210,549,275,274,1003,442,561,8,7,906,462,1675,1551,124,76,40,22,1087,62,209
53383465,0,,,1542,838,704,880,571,309,53,29,24,493,150,343,189,133,56,52,7,45,131,76,55,16,11,5,39,20,19,21,14,7,55,31,24,389,196,193,233,119,114,85,33,52,17,8,9,54,36,18,3287,1625,1662,415,194,221,1284,619,665,468,143,325,620,415,205,356,213,143,138,72,66,578,304,274,428,216,212,525,264,261,1508,666,842,7,12,1088,759,1964,1837,127,90,67,32,1177,65,258
53383466,0,,,1653,874,779,1014,648,366,45,20,25,453,98,355,184,130,54,40,5,35,249,130,119,27,14,13,62,35,27,59,26,33,101,55,46,376,179,197,227,112,115,80,42,38,19,7,12,50,18,32,3451,1663,1788,445,202,243,1225,569,656,502,143,359,707,472,235,364,199,165,340,152,188,756,373,383,509,252,257,574,282,292,1234,552,682,7,6,1142,592,2064,1938,126,95,70,18,1360,55,237
53383467,0,,,680,362,318,421,268,153,15,5,10,181,44,137,86,61,25,37,10,27,98,57,41,6,3,3,32,20,12,25,15,10,35,19,16,207,105,102,158,86,72,31,14,17,3,0,3,15,5,10,1455,648,807,162,60,102,487,232,255,224,60,164,273,169,104,206,124,82,159,68,91,414,163,251,254,113,141,275,134,141,327,137,190,21,9,442,184,863,819,44,24,12,2,606,19,80
53383468,0,,,864,465,399,540,357,183,20,13,7,258,54,204,131,102,29,63,15,48,116,63,53,7,4,3,32,19,13,25,15,10,52,25,27,299,148,151,193,96,97,59,28,31,16,7,9,31,17,14,1708,842,866,190,98,92,721,352,369,300,97,203,263,177,86,249,137,112,112,56,56,361,191,170,290,149,141,449,211,238,593,274,319,34,17,560,282,1173,1078,95,29,22,5,814,35,102
53383469,0,,,1084,545,539,649,410,239,36,16,20,340,78,262,145,107,38,56,11,45,145,77,68,7,4,3,56,29,27,25,15,10,57,29,28,333,162,171,213,104,109,85,42,43,12,5,7,23,11,12,2056,990,1066,254,127,127,897,422,475,345,118,227,303,188,115,300,175,125,125,69,56,449,227,222,376,179,197,459,215,244,821,363,458,39,33,673,386,1407,1296,111,27,39,3,1028,34,125
53383470,0,,,445,244,201,267,178,89,16,9,7,138,36,102,36,28,8,10,4,6,81,45,36,4,2,2,39,23,16,18,8,10,20,12,8,123,50,73,76,31,45,29,11,18,8,2,6,10,6,4,756,377,379,84,49,35,404,198,206,136,45,91,116,78,38,93,54,39,47,20,27,220,112,108,77,31,46,169,80,89,335,165,170,3,4,289,109,539,492,47,8,12,6,422,11,52
53383471,0,,,1990,1068,922,1239,829,410,72,31,41,580,131,449,188,140,48,63,21,42,279,141,138,19,10,9,96,50,46,70,37,33,94,44,50,551,280,271,358,186,172,134,65,69,15,7,8,44,22,22,3430,1682,1748,317,143,174,1675,819,856,578,163,415,712,485,227,488,281,207,270,135,135,645,332,313,623,313,310,701,336,365,1368,625,743,15,19,1288,548,2458,2259,199,67,58,39,1852,59,214
53383472,0,,,1626,872,754,953,648,305,70,35,35,493,105,388,187,141,46,51,13,38,213,109,104,16,8,8,78,46,32,43,19,24,76,36,40,499,247,252,320,166,154,106,52,54,28,8,20,45,21,24,3013,1450,1563,375,170,205,1527,757,770,507,138,369,465,325,140,431,253,178,166,87,79,551,271,280,450,213,237,647,302,345,1345,610,735,11,17,1095,527,2051,1885,166,64,45,24,1507,55,199
53383473,0,,,1265,710,555,812,544,268,42,22,20,314,74,240,130,86,44,31,9,22,141,73,68,14,6,8,39,20,19,43,24,19,45,23,22,330,163,167,205,93,112,72,43,29,8,2,6,45,25,20,2370,1175,1195,202,94,108,855,430,425,365,100,265,545,359,186,229,133,96,194,101,93,648,335,313,346,161,185,486,228,258,644,295,349,7,4,937,548,1553,1447,106,83,26,10,1060,38,196
53383474,0,,,2286,1248,1038,1342,873,469,86,46,40,648,176,472,271,200,71,81,11,70,216,112,104,26,12,14,83,47,36,29,16,13,78,37,41,611,290,321,367,168,199,136,65,71,21,9,12,87,48,39,4695,2239,2456,411,187,224,1787,826,961,707,184,523,996,668,328,484,269,215,232,125,107,834,420,414,559,265,294,983,453,530,1921,854,1067,8,7,1638,1006,2912,2703,209,192,33,25,1841,84,439
53383475,0,,,1750,897,853,943,585,358,66,33,33,578,158,420,294,213,81,79,17,62,165,81,84,24,12,12,49,27,22,14,7,7,78,35,43,478,245,233,261,122,139,124,67,57,24,9,15,69,47,22,4059,1856,2203,461,197,264,1548,729,819,599,126,473,768,504,264,714,471,243,171,81,90,484,231,253,460,216,244,705,320,385,1840,708,1132,7,7,1260,928,2386,2188,198,144,61,64,1334,68,386
53383476,0,,,1819,967,852,1057,672,385,50,27,23,542,146,396,225,179,46,62,12,50,207,112,95,33,19,14,58,32,26,36,16,20,80,45,35,468,220,248,257,109,148,103,58,45,27,8,19,81,45,36,3586,1723,1863,319,158,161,1316,616,700,581,141,440,824,539,285,432,252,180,200,106,94,725,368,357,434,219,215,660,290,370,1461,639,822,10,6,1286,699,2342,2167,175,157,103,26,1433,69,298
53383477,0,,,1383,711,672,864,554,310,23,10,13,388,67,321,161,135,26,60,11,49,200,117,83,16,10,6,69,36,33,49,34,15,66,37,29,589,307,282,356,198,158,127,61,66,37,10,27,69,38,31,2470,1177,1293,246,95,151,820,397,423,462,138,324,560,366,194,356,227,129,212,104,108,619,289,330,408,192,216,700,332,368,690,312,378,21,30,878,370,1831,1640,191,67,51,14,1216,49,255
53383478,0,,,985,537,448,643,427,216,15,3,12,263,56,207,94,71,23,31,3,28,191,95,96,27,9,18,56,29,27,41,23,18,67,34,33,444,222,222,312,158,154,76,27,49,8,1,7,48,36,12,1847,907,940,159,78,81,578,297,281,337,92,245,397,258,139,243,132,111,204,97,107,540,268,272,489,233,256,401,198,203,422,201,221,8,17,610,245,1236,1135,101,24,30,4,893,37,157
53383479,0,,,681,339,342,424,257,167,11,8,3,209,45,164,89,70,19,43,6,37,88,35,53,7,3,4,30,13,17,15,6,9,36,13,23,217,101,116,129,62,67,39,15,24,10,4,6,39,20,19,1362,627,735,146,56,90,462,212,250,247,58,189,301,204,97,174,96,78,158,80,78,242,93,149,268,119,149,292,140,152,438,192,246,18,14,471,279,885,827,58,25,32,4,594,17,104
53383480,0,,,148,74,74,78,51,27,7,2,5,50,10,40,30,22,8,13,2,11,22,12,10,2,1,1,4,3,1,8,5,3,8,3,5,52,20,32,29,15,14,13,3,10,5,2,3,5,0,5,294,147,147,45,22,23,138,69,69,51,14,37,50,37,13,75,50,25,13,5,8,31,15,16,45,24,21,57,22,35,135,58,77,10,9,83,37,215,191,24,3,17,0,128,10,24
53383481,0,,,1997,1103,894,1184,832,352,68,32,36,607,132,475,200,145,55,58,6,52,223,112,111,18,8,10,77,41,36,51,23,28,77,40,37,575,287,288,372,187,185,120,58,62,18,9,9,65,33,32,3313,1618,1695,296,146,150,1619,790,829,618,166,452,730,490,240,454,264,190,172,80,92,583,293,290,548,272,276,817,404,413,1478,681,797,14,18,1275,442,2463,2261,202,60,99,16,1877,60,217
53383482,0,,,2063,1117,946,1280,855,425,73,29,44,568,128,440,207,144,63,49,12,37,255,137,118,17,11,6,96,56,40,40,24,16,102,46,56,573,282,291,359,175,184,132,70,62,28,8,20,54,29,25,3671,1787,1884,391,172,219,1715,862,853,581,158,423,669,432,237,392,222,170,314,161,153,755,368,387,601,295,306,839,404,435,1336,619,717,4,13,1369,651,2538,2332,206,97,62,33,1880,77,274
53383483,0,,,1699,927,772,1059,694,365,46,29,17,446,100,346,207,146,61,72,12,60,212,103,109,34,17,17,52,24,28,35,17,18,91,45,46,455,225,230,276,137,139,95,54,41,16,4,12,68,30,38,3546,1720,1826,368,153,215,1314,619,695,512,147,365,757,505,252,410,237,173,297,154,143,619,312,307,419,212,207,575,278,297,1464,624,840,10,11,1201,831,2190,2030,160,125,41,40,1360,79,294
53383484,0,,,2042,1114,928,1218,805,413,48,24,24,601,166,435,273,186,87,71,10,61,212,105,107,29,22,7,71,36,35,18,9,9,94,38,56,513,268,245,277,161,116,116,53,63,34,15,19,86,39,47,4372,2108,2264,456,185,271,1456,676,780,615,148,467,1042,705,337,450,269,181,327,168,159,801,411,390,478,243,235,770,356,414,1745,751,994,12,11,1528,1110,2645,2463,182,211,56,28,1507,97,444
53383485,0,,,1522,838,684,842,549,293,51,32,19,440,127,313,275,179,96,93,17,76,122,63,59,27,16,11,35,17,18,15,7,8,45,23,22,329,182,147,197,104,93,52,30,22,16,5,11,64,43,21,3619,1729,1890,328,145,183,1323,569,754,509,139,370,845,558,287,569,360,209,149,80,69,469,253,216,347,173,174,473,227,246,1695,664,1031,3,5,1152,960,2076,1963,113,264,43,34,893,73,311
53383486,0,,,2060,1096,964,1198,767,431,55,25,30,628,183,445,287,213,74,79,16,63,170,78,92,30,13,17,49,26,23,17,6,11,74,33,41,569,293,276,324,173,151,119,65,54,32,9,23,94,46,48,4863,2252,2611,486,205,281,1781,819,962,696,184,512,956,643,313,658,420,238,345,156,189,758,328,430,521,253,268,773,380,393,2242,933,1309,13,10,1441,1014,2728,2500,228,173,75,31,1503,69,504
53383487,0,,,1558,789,769,875,541,334,45,23,22,565,163,402,196,147,49,48,11,37,191,94,97,31,16,15,55,32,23,50,19,31,55,27,28,969,661,308,284,158,126,204,134,70,48,12,36,433,357,76,2970,1397,1573,290,146,144,1104,487,617,441,119,322,605,389,216,326,187,139,390,253,137,858,510,348,518,254,264,470,220,250,1179,513,666,18,8,1092,906,2383,1866,517,155,117,22,1222,70,625
53383488,0,,,1007,548,459,582,384,198,18,8,10,355,113,242,136,106,30,65,15,50,151,85,66,20,12,8,41,23,18,38,23,15,52,27,25,941,586,355,287,144,143,192,138,54,16,9,7,446,295,151,1889,919,970,138,68,70,633,302,331,350,86,264,450,303,147,280,182,98,317,188,129,665,387,278,427,211,216,461,230,231,527,220,307,31,21,674,674,1728,1221,507,184,63,17,822,40,436
53383489,0,,,967,508,459,601,387,214,21,8,13,283,71,212,130,99,31,46,7,39,136,73,63,15,9,6,34,19,15,23,13,10,64,32,32,363,194,169,190,95,95,86,46,40,10,3,7,77,50,27,2096,915,1181,167,68,99,770,322,448,302,67,235,475,303,172,257,152,105,212,88,124,527,230,297,353,161,192,482,212,270,587,247,340,18,18,636,312,1292,1163,129,49,50,22,834,33,179
53383490,0,,,937,498,439,605,381,224,26,12,14,255,66,189,106,85,21,22,3,19,116,62,54,10,5,5,48,28,20,15,3,12,43,26,17,323,163,160,210,99,111,76,45,31,10,4,6,27,15,12,1801,863,938,196,90,106,909,428,481,285,85,200,348,228,120,275,148,127,105,49,56,294,157,137,293,144,149,346,175,171,862,382,480,7,16,615,287,1183,1071,112,24,52,5,897,31,99
53383491,0,,,1627,880,747,975,650,325,74,39,35,468,107,361,156,116,40,43,8,35,192,91,101,15,6,9,66,25,41,30,13,17,81,47,34,375,185,190,236,123,113,77,37,40,16,2,14,46,23,23,3061,1497,1564,352,164,188,1450,705,745,537,145,392,651,447,204,371,220,151,206,104,102,597,304,293,419,209,210,553,248,305,1395,647,748,10,10,1107,568,1969,1841,128,71,152,11,1396,51,151
53383492,0,,,2166,1152,1014,1208,803,405,115,56,59,708,185,523,216,168,48,67,17,50,211,99,112,9,6,3,85,42,43,40,15,25,77,36,41,562,284,278,321,161,160,151,78,73,18,5,13,72,40,32,4367,2043,2324,615,253,362,1886,902,984,619,174,445,672,462,210,412,236,176,272,151,121,755,360,395,645,302,343,921,420,501,1787,794,993,18,11,1498,965,2718,2505,213,94,106,51,1853,85,325
53383493,0,,,1938,1020,918,1224,794,430,47,22,25,536,114,422,171,129,42,58,11,47,215,112,103,31,18,13,47,27,20,49,23,26,88,44,44,679,341,338,338,174,164,190,102,88,29,13,16,119,50,69,3474,1629,1845,261,134,127,1167,505,662,601,152,449,944,603,341,345,207,138,250,127,123,803,387,416,599,278,321,877,408,469,1233,542,691,8,8,1282,624,2466,2195,271,145,72,65,1544,82,412
53383494,0,,,1623,853,770,956,602,354,51,22,29,504,152,352,196,138,58,63,12,51,151,75,76,23,11,12,39,21,18,23,12,11,66,31,35,628,318,310,227,109,118,161,104,57,50,20,30,190,85,105,3280,1538,1742,279,117,162,1114,511,603,512,111,401,878,559,319,440,261,179,296,169,127,611,303,308,391,185,206,635,287,348,1419,583,836,7,11,1170,834,2215,1930,285,227,73,50,1035,81,556
53383495,0,,,1701,952,749,977,615,362,33,14,19,388,107,281,306,216,90,104,19,85,158,76,82,22,11,11,43,18,25,32,18,14,61,29,32,429,226,203,249,137,112,71,36,35,21,6,15,88,47,41,3590,1735,1855,207,80,127,1074,469,605,534,110,424,1250,815,435,544,338,206,358,199,159,719,358,361,444,215,229,545,263,282,1187,465,722,5,2,1397,920,2308,2166,142,469,107,38,850,35,316
53383496,0,,,1432,782,650,843,543,300,35,16,19,437,137,300,209,156,53,74,11,63,96,43,53,13,6,7,43,18,25,8,4,4,32,15,17,395,216,179,204,103,101,66,41,25,27,10,17,98,62,36,3109,1509,1600,315,135,180,1135,538,597,473,125,348,740,493,247,458,284,174,177,106,71,497,269,228,353,185,168,487,227,260,1342,537,805,13,15,1074,803,1906,1769,137,164,97,18,937,83,305
53383497,0,,,1314,716,598,744,490,254,46,19,27,460,159,301,197,138,59,59,13,46,121,53,68,17,11,6,44,19,25,9,4,5,51,19,32,852,486,366,213,104,109,122,67,55,17,4,13,500,311,189,2837,1388,1449,319,148,171,1020,461,559,407,107,300,609,413,196,400,253,147,309,199,110,711,394,317,307,147,160,495,227,268,1256,522,734,19,16,959,929,2128,1607,521,149,116,14,991,64,569
53383498,0,,,229,123,106,115,76,39,5,1,4,96,36,60,37,31,6,28,4,24,23,14,9,4,3,1,5,2,3,5,3,2,9,6,3,239,107,132,36,22,14,14,9,5,2,1,1,187,75,112,452,206,246,30,15,15,165,67,98,83,21,62,105,73,32,90,59,31,53,19,34,186,83,103,63,28,35,71,28,43,180,71,109,21,5,149,167,460,298,162,44,29,1,173,8,135
53383499,0,,,448,223,225,272,165,107,3,1,2,136,33,103,77,59,18,35,4,31,63,31,32,5,3,2,20,11,9,10,3,7,28,14,14,181,93,88,102,50,52,35,18,17,3,0,3,41,25,16,829,396,433,43,17,26,294,128,166,144,40,104,217,140,77,188,115,73,49,23,26,135,70,65,134,65,69,218,100,118,255,98,157,20,17,261,154,626,571,55,24,26,6,386,12,77
53383500,0,,,53,34,19,25,19,6,0,0,0,26,13,13,20,15,5,4,2,2,3,1,2,1,1,0,0,0,0,1,0,1,1,0,1,13,8,5,3,3,0,4,1,3,1,0,1,5,4,1,118,64,54,22,14,8,59,33,26,20,7,13,4,3,1,16,14,2,0,0,0,6,3,3,12,5,7,38,21,17,62,30,32,3,4,41,9,88,79,9,0,1,0,60,2,4
53383501,0,,,52,29,23,35,23,12,0,0,0,14,4,10,13,12,1,3,0,3,1,1,0,0,0,0,1,1,0,0,0,0,0,0,0,7,6,1,4,3,1,1,1,0,0,0,0,2,2,0,107,59,48,22,14,8,40,20,20,12,3,9,15,11,4,38,33,5,0,0,0,4,1,3,4,2,2,15,8,7,54,22,32,7,1,23,9,72,71,1,0,1,0,55,1,0
53383503,0,,,32,16,16,18,14,4,1,1,0,13,1,12,17,16,1,18,3,15,0,0,0,0,0,0,0,0,0,0,0,0,0,0,0,16,8,8,11,6,5,4,1,3,0,0,0,1,1,0,99,46,53,19,7,12,54,26,28,12,5,7,7,5,2,43,30,13,0,0,0,5,2,3,6,3,3,11,5,6,50,14,36,5,8,17,10,78,74,4,1,2,1,35,3,2
53383508,0,,,6,4,2,4,3,1,0,0,0,1,0,1,3,3,0,2,1,1,0,0,0,0,0,0,0,0,0,0,0,0,0,0,0,0,0,0,0,0,0,0,0,0,0,0,0,0,0,0,19,9,10,6,1,5,7,4,3,1,1,0,1,1,0,6,4,2,0,0,0,2,1,1,0,0,0,0,0,0,11,4,7,2,0,3,1,14,14,0,0,0,0,4,0,0
53383509,0,,,15,11,4,10,8,2,0,0,0,4,2,2,2,2,0,0,0,0,1,1,0,0,0,0,0,0,0,0,0,0,1,1,0,0,0,0,0,0,0,0,0,0,0,0,0,0,0,0,46,24,22,13,5,8,16,11,5,11,5,6,1,1,0,13,10,3,0,0,0,6,4,2,2,1,1,2,1,1,23,9,14,3,0,9,13,17,17,0,0,0,0,14,0,0
53383510,0,,,187,93,94,101,67,34,9,2,7,66,15,51,39,36,3,25,5,20,9,5,4,1,0,1,3,2,1,1,1,0,4,2,2,62,30,32,38,16,22,15,7,8,5,4,1,4,3,1,381,184,197,43,19,24,184,95,89,74,17,57,52,38,14,117,80,37,11,6,5,31,10,21,39,20,19,89,45,44,165,58,107,13,15,97,41,278,260,18,11,6,0,176,4,10
53383511,0,,,11,3,8,7,2,5,0,0,0,4,1,3,5,4,1,1,0,1,2,2,0,0,0,0,2,2,0,0,0,0,0,0,0,4,3,1,2,2,0,1,1,0,0,0,0,1,0,1,20,8,12,3,2,1,12,5,7,2,0,2,3,1,2,8,6,2,0,0,0,0,0,0,5,1,4,5,2,3,8,4,4,0,1,5,1,18,17,1,0,0,0,11,0,0
53383512,0,,,23,13,10,15,11,4,0,0,0,6,0,6,11,11,0,12,3,9,2,0,2,0,0,0,1,0,1,0,0,0,1,0,1,7,5,2,4,3,1,2,1,1,0,0,0,1,1,0,75,37,38,16,9,7,35,18,17,14,5,9,4,3,1,34,22,12,0,0,0,2,1,1,7,4,3,9,4,5,32,11,21,4,5,10,8,49,46,3,0,2,0,19,4,1
53383513,0,,,34,20,14,25,16,9,1,1,0,7,2,5,15,12,3,15,3,12,5,3,2,0,0,0,3,1,2,0,0,0,2,2,0,12,7,5,8,3,5,3,3,0,1,1,0,0,0,0,130,66,64,23,13,10,59,28,31,16,7,9,5,4,1,64,45,19,5,2,3,1,0,1,9,5,4,8,2,6,59,21,38,9,6,16,17,70,68,2,1,0,0,35,1,1
53383516,0,,,22,9,13,12,8,4,3,0,3,7,1,6,7,6,1,4,0,4,0,0,0,0,0,0,0,0,0,0,0,0,0,0,0,1,0,1,0,0,0,0,0,0,1,0,1,0,0,0,48,19,29,9,3,6,19,9,10,6,1,5,1,1,0,17,10,7,0,0,0,3,1,2,0,0,0,1,1,0,28,7,21,2,1,11,6,33,33,0,0,1,0,20,0,0
53383517,0,,,28,16,12,14,12,2,1,0,1,10,2,8,14,12,2,11,1,10,4,3,1,0,0,0,4,3,1,0,0,0,0,0,0,10,5,5,6,4,2,2,0,2,1,0,1,1,1,0,99,48,51,38,21,17,41,19,22,10,2,8,9,6,3,34,28,6,0,0,0,0,0,0,7,2,5,15,7,8,57,19,38,7,1,22,26,56,53,3,1,0,0,25,1,0
53383520,0,,,271,148,123,176,121,55,11,7,4,73,11,62,71,58,13,50,13,37,27,14,13,2,1,1,17,12,5,1,0,1,7,1,6,96,45,51,54,24,30,22,12,10,5,3,2,15,6,9,522,264,258,58,31,27,237,123,114,88,21,67,124,82,42,170,110,60,16,8,8,65,33,32,67,30,37,94,44,50,232,97,135,27,23,147,34,442,399,43,13,19,2,262,12,28
53383521,0,,,158,86,72,95,65,30,2,0,2,52,12,40,53,42,11,43,8,35,16,6,10,1,0,1,11,6,5,1,0,1,3,0,3,77,44,33,41,19,22,21,11,10,3,2,1,12,12,0,383,182,201,48,22,26,185,84,101,58,16,42,58,43,15,122,73,49,11,3,8,37,19,18,53,25,28,68,38,30,185,74,111,26,17,83,42,302,266,36,4,11,2,172,18,11
53383522,0,,,156,79,77,101,59,42,4,2,2,42,11,31,73,64,9,53,6,47,23,15,8,1,1,0,13,7,6,3,2,1,6,5,1,70,38,32,40,23,17,13,6,7,5,3,2,12,6,6,384,186,198,51,25,26,152,72,80,72,23,49,69,46,23,129,94,35,9,7,2,40,18,22,42,20,22,83,38,45,173,61,112,38,15,89,26,322,292,30,3,8,3,157,12,14
53383523,1,,53383524,72,32,40,49,28,21,3,1,2,18,1,17,38,35,3,30,6,24,7,4,3,0,0,0,4,2,2,0,0,0,3,2,1,26,10,16,19,8,11,2,0,2,2,0,2,3,2,1,198,92,106,29,12,17,73,34,39,47,15,32,44,30,14,84,54,30,0,0,0,13,6,7,20,9,11,32,12,20,82,25,57,21,16,28,19,149,140,9,1,6,2,72,2,6
53383524,2,53383523,,*,*,*,*,*,*,*,*,*,*,*,*,*,*,*,*,*,*,*,*,*,*,*,*,*,*,*,*,*,*,*,*,*,*,*,*,*,*,*,*,*,*,*,*,*,*,*,*,*,*,*,*,*,*,*,*,*,*,*,*,*,*,*,*,*,*,*,*,*,*,*,*,*,*,*,*,*,*,*,*,*,*,*,*,*,*,*,*,*,*,*,*,*,*
53383526,0,,,69,35,34,38,22,16,2,2,0,25,7,18,39,34,5,21,4,17,1,1,0,1,1,0,0,0,0,0,0,0,0,0,0,25,13,12,14,9,5,8,2,6,1,1,0,2,1,1,255,132,123,39,23,16,102,49,53,33,13,20,11,6,5,90,69,21,8,4,4,14,10,4,28,14,14,32,13,19,107,35,72,22,8,29,20,148,135,13,0,5,2,70,4,2
53383530,0,,,491,274,217,292,201,91,13,11,2,158,40,118,115,94,21,59,10,49,79,42,37,6,4,2,56,31,25,0,0,0,17,7,10,189,99,90,129,67,62,35,19,16,13,5,8,12,8,4,1027,511,516,104,47,57,476,238,238,180,62,118,159,112,47,277,183,94,63,37,26,136,68,68,184,86,98,207,101,106,425,176,249,37,30,278,92,736,681,55,5,13,4,481,20,36
53383531,0,,,479,256,223,289,197,92,8,2,6,160,41,119,98,83,15,66,6,60,56,27,29,3,2,1,37,20,17,7,1,6,9,4,5,185,95,90,115,64,51,47,20,27,3,2,1,20,9,11,922,452,470,91,40,51,410,201,209,170,55,115,167,115,52,232,152,80,38,22,16,105,45,60,171,83,88,202,102,100,415,171,244,42,27,247,88,720,654,66,12,17,7,482,23,32
53383532,0,,,175,90,85,117,72,45,5,4,1,44,7,37,57,47,10,35,8,27,19,7,12,0,0,0,15,4,11,0,0,0,4,3,1,61,32,29,42,23,19,12,7,5,3,0,3,4,2,2,358,178,180,47,22,25,158,78,80,74,27,47,61,41,20,139,99,40,9,4,5,34,16,18,39,15,24,88,40,48,127,42,85,30,12,86,22,294,277,17,6,5,0,173,4,7
53383533,1,,53383534,104,56,48,61,39,22,2,0,2,31,8,23,64,55,9,45,5,40,24,8,16,0,0,0,17,6,11,2,0,2,5,2,3,36,17,19,22,11,11,7,2,5,3,3,0,4,1,3,289,139,150,30,11,19,127,64,63,69,29,40,54,32,22,107,69,38,9,5,4,30,16,14,25,10,15,41,18,23,137,46,91,33,19,52,17,228,214,14,3,7,2,96,2,9
53383534,2,53383533,,*,*,*,*,*,*,*,*,*,*,*,*,*,*,*,*,*,*,*,*,*,*,*,*,*,*,*,*,*,*,*,*,*,*,*,*,*,*,*,*,*,*,*,*,*,*,*,*,*,*,*,*,*,*,*,*,*,*,*,*,*,*,*,*,*,*,*,*,*,*,*,*,*,*,*,*,*,*,*,*,*,*,*,*,*,*,*,*,*,*,*,*,*,*
53383535,0,,,38,22,16,21,18,3,1,0,1,15,3,12,27,27,0,19,1,18,2,1,1,0,0,0,2,1,1,0,0,0,0,0,0,7,3,4,5,3,2,1,0,1,0,0,0,1,0,1,122,66,56,22,10,12,58,27,31,16,10,6,16,12,4,36,30,6,0,0,0,4,4,0,6,4,2,14,6,8,71,26,45,17,7,18,12,91,90,1,1,1,1,37,3,0
53383536,0,,,67,32,35,36,22,14,0,0,0,27,6,21,26,22,4,14,1,13,5,2,3,1,0,1,3,2,1,0,0,0,1,0,1,15,3,12,7,0,7,5,2,3,1,0,1,2,1,1,156,72,84,32,14,18,72,32,40,19,5,14,17,12,5,54,37,17,4,2,2,5,2,3,20,7,13,9,3,6,84,26,58,11,8,33,19,115,107,8,0,4,3,67,4,0
53383540,0,,,339,178,161,198,136,62,11,1,10,116,31,85,41,32,9,27,6,21,43,18,25,1,0,1,26,14,12,1,0,1,15,4,11,137,77,60,68,35,33,34,21,13,9,5,4,26,16,10,596,287,309,76,30,46,266,126,140,107,32,75,94,69,25,117,69,48,24,8,16,97,52,45,80,37,43,184,85,99,274,131,143,13,11,187,70,467,411,56,9,20,1,336,13,26
53383541,0,,,539,275,264,313,201,112,11,4,7,173,39,134,148,123,25,95,14,81,71,31,40,2,1,1,50,22,28,6,3,3,13,5,8,167,101,66,100,60,40,40,24,16,5,3,2,22,14,8,1144,543,601,143,65,78,543,245,298,227,96,131,177,112,65,328,223,105,39,17,22,161,79,82,134,72,62,186,92,94,534,192,342,56,38,298,105,851,792,59,16,17,3,512,23,51
53383542,0,,,349,173,176,201,131,70,9,4,5,116,19,97,123,82,41,30,11,19,52,25,27,3,2,1,34,16,18,1,1,0,14,6,8,113,52,61,81,36,45,18,9,9,5,1,4,9,6,3,800,358,442,186,57,129,356,172,184,118,41,77,121,79,42,139,78,61,40,14,26,149,55,94,130,61,69,167,77,90,340,150,190,20,22,167,47,538,508,30,9,17,4,339,7,15
53383543,0,,,587,297,290,335,220,115,24,7,17,204,49,155,172,141,31,106,20,86,77,38,39,4,1,3,48,22,26,4,3,1,21,12,9,175,88,87,103,53,50,44,22,22,10,4,6,18,9,9,1253,591,662,176,69,107,573,284,289,234,78,156,197,125,72,314,188,126,27,10,17,184,90,94,110,49,61,238,118,120,632,262,370,48,39,348,117,944,882,62,16,28,8,569,13,38
53383544,0,,,188,105,83,119,81,38,5,3,2,53,13,40,45,40,5,30,8,22,34,18,16,3,0,3,20,12,8,1,0,1,10,6,4,67,30,37,40,19,21,16,9,7,5,0,5,6,2,4,374,194,180,46,20,26,163,92,71,78,26,52,60,42,18,114,77,37,10,6,4,73,32,41,33,15,18,72,37,35,173,75,98,22,17,95,37,288,266,22,6,11,6,176,9,6
53383545,0,,,186,103,83,119,79,40,8,4,4,51,15,36,77,67,10,65,13,52,23,13,10,4,3,1,12,6,6,1,0,1,6,4,2,79,42,37,44,23,21,20,12,8,4,2,2,11,5,6,489,238,251,79,34,45,225,110,115,81,30,51,76,49,27,204,148,56,14,6,8,40,21,19,39,14,25,80,37,43,214,67,147,37,22,102,51,365,334,31,3,10,2,187,13,11
53383546,2,53383555,,*,*,*,*,*,*,*,*,*,*,*,*,*,*,*,*,*,*,*,*,*,*,*,*,*,*,*,*,*,*,*,*,*,*,*,*,*,*,*,*,*,*,*,*,*,*,*,*,*,*,*,*,*,*,*,*,*,*,*,*,*,*,*,*,*,*,*,*,*,*,*,*,*,*,*,*,*,*,*,*,*,*,*,*,*,*,*,*,*,*,*,*,*,*
53383550,0,,,303,152,151,187,115,72,6,4,2,89,18,71,39,32,7,19,2,17,20,13,7,1,1,0,8,6,2,1,0,1,10,6,4,80,35,45,46,23,23,22,6,16,5,2,3,7,4,3,507,242,265,55,29,26,233,117,116,89,18,71,85,59,26,85,55,30,24,15,9,104,41,63,70,34,36,129,56,73,191,87,104,12,5,178,75,391,363,28,13,11,1,288,17,23
53383551,0,,,113,62,51,67,51,16,0,0,0,39,6,33,17,14,3,3,2,1,12,5,7,0,0,0,4,2,2,0,0,0,8,3,5,34,16,18,19,9,10,9,4,5,3,1,2,3,2,1,247,113,134,43,20,23,96,51,45,32,7,25,20,17,3,42,25,17,1,0,1,47,15,32,17,5,12,71,36,35,115,53,62,3,2,60,20,152,135,17,5,6,1,109,5,12
53383552,0,,,712,380,332,401,277,124,26,16,10,244,56,188,137,115,22,86,15,71,103,58,45,3,1,2,60,34,26,11,6,5,29,17,12,268,137,131,171,80,91,48,29,19,14,4,10,35,24,11,1351,653,698,178,84,94,602,282,320,251,79,172,231,165,66,343,224,119,49,26,23,240,124,116,208,106,102,353,161,192,526,206,320,62,33,401,157,1032,951,81,19,38,8,681,18,82
53383553,0,,,383,202,181,249,161,88,6,5,1,110,20,90,89,71,18,60,10,50,50,29,21,3,3,0,29,18,11,2,0,2,16,8,8,129,68,61,83,46,37,20,11,9,7,1,6,19,10,9,767,356,411,81,32,49,354,168,186,158,53,105,131,89,42,215,143,72,50,19,31,102,46,56,119,57,62,98,48,50,360,139,221,37,28,207,63,588,544,44,14,19,5,366,7,39
53383554,0,,,161,80,81,92,62,30,1,0,1,58,11,47,41,36,5,28,5,23,21,15,6,3,3,0,11,8,3,2,1,1,5,3,2,76,38,38,47,22,25,18,11,7,7,2,5,4,3,1,328,152,176,37,16,21,157,73,84,63,22,41,43,29,14,108,78,30,24,9,15,29,9,20,49,24,25,72,35,37,143,50,93,18,11,94,29,262,232,30,4,6,0,148,14,26
53383555,1,,53383546,186,96,90,114,74,40,0,0,0,53,9,44,92,74,18,61,10,51,29,15,14,1,1,0,21,11,10,1,1,0,6,2,4,66,37,29,37,21,16,19,9,10,3,1,2,7,6,1,471,229,242,48,22,26,187,90,97,92,30,62,89,60,29,165,120,45,18,11,7,36,19,17,38,18,20,71,34,37,236,78,158,53,29,81,38,371,343,28,3,12,3,177,10,11
53383556,0,,,91,51,40,45,33,12,3,1,2,32,8,24,34,32,2,19,1,18,4,2,2,0,0,0,3,1,2,0,0,0,1,1,0,22,14,8,12,9,3,5,2,3,2,2,0,3,1,2,192,96,96,40,21,19,77,40,37,40,13,27,20,15,5,68,49,19,3,0,3,14,8,6,14,9,5,39,17,22,80,29,51,17,17,36,16,154,144,10,2,7,2,86,4,5
53383560,0,,,657,344,313,398,262,136,19,8,11,207,51,156,108,88,20,59,8,51,87,38,49,2,0,2,26,12,14,11,5,6,48,21,27,193,89,104,109,48,61,43,22,21,14,4,10,27,15,12,1307,644,663,151,64,87,506,239,267,230,73,157,225,160,65,201,123,78,80,42,38,301,145,156,228,111,117,258,123,135,521,230,291,41,17,400,252,887,830,57,25,36,6,593,15,92
53383561,0,,,398,211,187,228,160,68,13,8,5,135,26,109,55,43,12,19,6,13,36,20,16,2,2,0,13,9,4,10,5,5,11,4,7,111,57,54,67,28,39,23,18,5,6,2,4,15,9,6,701,354,347,83,40,43,308,164,144,126,34,92,118,82,36,91,51,40,26,15,11,106,57,49,125,65,60,203,110,93,291,129,162,6,10,230,83,521,480,41,10,22,5,376,15,39
53383562,0,,,658,336,322,408,251,157,15,10,5,182,34,148,140,120,20,88,11,77,91,52,39,6,6,0,39,19,20,16,9,7,30,18,12,259,139,120,166,90,76,63,36,27,13,3,10,17,10,7,1342,626,716,138,54,84,555,255,300,271,86,185,291,187,104,362,227,135,82,42,40,202,97,105,193,100,93,322,151,171,531,200,331,55,38,381,147,1004,911,93,21,44,7,629,17,85
53383563,0,,,487,260,227,275,180,95,14,7,7,167,49,118,73,62,11,44,12,32,64,36,28,5,4,1,22,17,5,4,1,3,33,14,19,150,78,72,92,47,45,33,16,17,8,3,5,17,12,5,898,442,456,106,56,50,406,192,214,167,71,96,136,80,56,169,98,71,23,13,10,145,71,74,119,62,57,210,98,112,444,213,231,26,23,265,95,664,614,50,11,23,0,487,9,37
53383564,0,,,121,66,55,66,45,21,4,3,1,45,12,33,49,40,9,43,11,32,7,3,4,0,0,0,5,2,3,0,0,0,2,1,1,35,15,20,14,8,6,7,4,3,2,0,2,12,3,9,301,141,160,21,10,11,129,58,71,47,13,34,64,43,21,82,53,29,3,1,2,26,11,15,31,14,17,55,27,28,146,53,93,25,18,58,31,235,219,16,3,9,2,119,4,8
53383565,0,,,261,128,133,148,93,55,7,2,5,85,18,67,68,56,12,33,5,28,38,21,17,0,0,0,24,13,11,2,1,1,12,7,5,122,66,56,68,35,33,28,13,15,10,5,5,16,13,3,559,262,297,61,31,30,221,98,123,102,32,70,108,72,36,138,96,42,30,15,15,80,37,43,92,40,52,136,68,68,243,93,150,30,23,135,81,409,368,41,4,14,2,266,16,19
53383566,0,,,92,53,39,49,34,15,4,3,1,29,10,19,50,42,8,42,6,36,5,3,2,0,0,0,2,1,1,1,0,1,2,2,0,20,8,12,10,3,7,7,3,4,1,0,1,2,2,0,238,118,120,32,15,17,115,55,60,37,12,25,40,29,11,85,59,26,7,3,4,6,3,3,11,4,7,23,8,15,131,52,79,32,17,32,11,202,192,10,0,3,1,81,5,4
53383567,2,53383577,,*,*,*,*,*,*,*,*,*,*,*,*,*,*,*,*,*,*,*,*,*,*,*,*,*,*,*,*,*,*,*,*,*,*,*,*,*,*,*,*,*,*,*,*,*,*,*,*,*,*,*,*,*,*,*,*,*,*,*,*,*,*,*,*,*,*,*,*,*,*,*,*,*,*,*,*,*,*,*,*,*,*,*,*,*,*,*,*,*,*,*,*,*,*
53383570,0,,,730,381,349,416,268,148,24,12,12,237,66,171,96,76,20,44,8,36,63,34,29,1,0,1,17,6,11,13,10,3,32,18,14,185,101,84,84,40,44,39,21,18,15,5,10,47,35,12,1579,737,842,201,77,124,605,289,316,212,48,164,291,201,90,192,117,75,105,52,53,348,191,157,201,102,99,266,121,145,604,253,351,23,17,487,384,960,882,78,72,68,12,530,23,147
53383571,0,,,593,300,293,316,206,110,11,5,6,224,60,164,115,89,26,53,11,42,72,28,44,4,1,3,31,13,18,9,2,7,28,12,16,163,80,83,111,55,56,33,15,18,4,2,2,15,8,7,1261,589,672,179,70,109,487,222,265,206,59,147,231,159,72,229,133,96,69,31,38,191,93,98,205,93,112,213,109,104,581,235,346,12,18,417,226,825,777,48,35,39,8,507,30,66
53383572,0,,,807,430,377,504,337,167,26,12,14,243,57,186,128,97,31,69,12,57,118,54,64,7,3,4,38,19,19,35,14,21,38,18,20,233,110,123,146,66,80,50,27,23,10,2,8,27,15,12,1554,754,800,172,74,98,661,330,331,288,92,196,298,190,108,278,172,106,100,51,49,288,148,140,285,138,147,338,146,192,610,261,349,41,32,493,232,1095,1018,77,30,38,8,793,17,78
53383573,0,,,170,82,88,89,54,35,5,1,4,64,18,46,44,38,6,27,7,20,28,14,14,0,0,0,10,4,6,4,4,0,14,6,8,45,23,22,25,16,9,13,4,9,2,1,1,5,2,3,372,168,204,39,19,20,159,67,92,75,25,50,54,39,15,72,51,21,17,9,8,72,26,46,50,24,26,56,23,33,178,72,106,20,9,92,41,262,245,17,10,5,0,172,5,12
53383574,0,,,421,222,199,253,165,88,11,5,6,120,26,94,103,73,30,74,16,58,43,16,27,0,0,0,23,7,16,4,2,2,16,7,9,156,77,79,96,53,43,37,19,18,6,0,6,17,5,12,819,396,423,63,30,33,358,178,180,174,55,119,175,110,65,224,139,85,26,12,14,122,58,64,115,53,62,180,87,93,351,140,211,48,29,231,82,662,600,62,13,24,5,420,17,33
53383575,0,,,323,164,159,200,119,81,5,0,5,85,16,69,122,98,24,85,13,72,52,32,20,2,2,0,23,12,11,10,7,3,17,11,6,124,72,52,78,46,32,18,15,3,3,0,3,25,11,14,743,359,384,62,23,39,290,133,157,153,42,111,189,129,60,214,148,66,38,20,18,154,82,72,61,31,30,116,55,61,336,127,209,47,38,175,91,577,536,41,13,23,4,326,8,25
53383576,0,,,103,50,53,55,35,20,4,1,3,35,9,26,56,51,5,53,10,43,7,6,1,2,2,0,4,3,1,0,0,0,1,1,0,41,20,21,29,13,16,5,2,3,1,1,0,6,4,2,282,133,149,27,10,17,128,57,71,54,20,34,55,38,17,127,82,45,6,4,2,8,2,6,29,15,14,32,15,17,128,41,87,33,23,42,22,231,220,11,1,4,0,102,5,4
53383577,1,,53383567,60,31,29,38,22,16,2,2,0,14,3,11,35,29,6,30,4,26,4,2,2,0,0,0,3,1,2,0,0,0,1,1,0,23,12,11,9,5,4,8,5,3,2,1,1,4,1,3,173,82,91,17,6,11,78,36,42,32,13,19,31,20,11,72,49,23,8,4,4,2,2,0,14,7,7,18,7,11,86,27,59,21,12,28,10,146,132,14,0,9,0,57,4,4
53383578,2,53383587,,*,*,*,*,*,*,*,*,*,*,*,*,*,*,*,*,*,*,*,*,*,*,*,*,*,*,*,*,*,*,*,*,*,*,*,*,*,*,*,*,*,*,*,*,*,*,*,*,*,*,*,*,*,*,*,*,*,*,*,*,*,*,*,*,*,*,*,*,*,*,*,*,*,*,*,*,*,*,*,*,*,*,*,*,*,*,*,*,*,*,*,*,*,*
53383580,0,,,1047,566,481,650,407,243,21,9,12,281,80,201,160,112,48,66,5,61,115,56,59,10,5,5,37,17,20,16,10,6,52,24,28,266,153,113,149,80,69,57,35,22,10,5,5,50,33,17,2110,982,1128,186,75,111,799,361,438,389,106,283,523,339,184,300,197,103,158,77,81,507,259,248,344,171,173,327,130,197,763,306,457,25,23,728,426,1395,1298,97,59,139,25,802,23,159
53383581,0,,,956,491,465,573,348,225,31,16,15,286,80,206,122,81,41,35,7,28,102,39,63,6,1,5,30,15,15,12,5,7,54,18,36,218,116,102,125,63,62,53,26,27,13,7,6,27,20,7,2057,955,1102,236,100,136,713,316,397,275,74,201,434,267,167,257,151,106,196,92,104,511,248,263,369,175,194,452,209,243,584,232,352,18,9,681,566,1245,1169,76,78,93,10,763,24,139
53383582,0,,,452,208,244,245,143,102,15,8,7,171,44,127,81,56,25,36,11,25,52,21,31,0,0,0,21,8,13,6,2,4,25,11,14,128,72,56,80,45,35,26,16,10,6,3,3,16,8,8,1044,489,555,121,53,68,399,185,214,163,42,121,169,105,64,132,77,55,75,37,38,227,109,118,236,121,115,278,128,150,273,109,164,20,15,321,299,624,580,44,28,27,4,416,9,57
53383583,0,,,414,223,191,250,160,90,10,6,4,127,39,88,77,60,17,49,9,40,34,20,14,3,2,1,13,8,5,5,2,3,13,8,5,153,82,71,97,47,50,33,23,10,9,4,5,14,8,6,818,393,425,95,49,46,370,175,195,168,46,122,142,101,41,178,115,63,24,11,13,100,52,48,107,46,61,212,105,107,384,166,218,42,13,238,103,595,546,49,14,31,3,392,14,41
53383584,0,,,253,131,122,164,107,57,7,4,3,69,8,61,55,44,11,30,6,24,109,25,84,2,2,0,8,4,4,12,5,7,87,14,73,73,40,33,53,29,24,10,7,3,0,0,0,10,4,6,458,228,230,36,15,21,177,87,90,95,28,67,125,81,44,107,70,37,58,23,35,144,56,88,81,34,47,62,30,32,188,80,108,17,23,135,53,358,339,19,1,15,2,241,7,21
53383585,0,,,387,201,186,248,157,91,8,3,5,108,22,86,96,79,17,71,18,53,62,32,30,1,0,1,24,11,13,12,6,6,25,15,10,136,71,65,85,41,44,29,19,10,8,2,6,14,9,5,805,394,411,81,34,47,324,161,163,151,45,106,182,121,61,217,143,74,55,27,28,137,74,63,138,67,71,124,54,70,331,131,200,48,36,203,89,600,558,42,6,20,3,389,10,33
53383586,0,,,253,132,121,157,97,60,11,7,4,71,16,55,113,97,16,81,16,65,39,19,20,0,0,0,28,16,12,2,2,0,9,1,8,94,53,41,58,35,23,20,9,11,7,3,4,9,6,3,654,311,343,81,30,51,278,126,152,128,43,85,130,93,37,230,156,74,18,7,11,97,43,54,84,36,48,108,48,60,250,93,157,57,41,121,41,494,459,35,4,18,5,259,11,16
53383587,1,,53383578,245,128,117,144,94,50,2,1,1,75,15,60,91,80,11,65,16,49,48,18,30,1,1,0,20,4,16,12,6,6,15,7,8,132,73,59,89,54,35,28,11,17,5,0,5,10,8,2,633,305,328,33,14,19,225,112,113,110,30,80,133,93,40,200,134,66,36,12,24,99,42,57,130,67,63,124,60,64,218,78,140,55,25,125,54,442,403,39,5,22,2,259,10,18
53383588,0,,,227,119,108,139,86,53,4,2,2,73,22,51,90,78,12,81,12,69,15,8,7,0,0,0,6,3,3,6,4,2,3,1,2,82,37,45,39,20,19,22,8,14,9,3,6,12,6,6,567,271,296,59,22,37,239,118,121,90,23,67,131,88,43,203,131,72,4,3,1,28,12,16,60,25,35,83,35,48,282,108,174,55,38,93,53,438,399,39,7,20,1,230,13,17
53383589,0,,,19,8,11,9,4,5,1,1,0,8,2,6,18,17,1,16,2,14,3,2,1,0,0,0,0,0,0,2,1,1,1,1,0,6,2,4,3,0,3,1,1,0,0,0,0,2,1,1,66,29,37,8,2,6,28,15,13,11,3,8,9,5,4,26,16,10,0,0,0,4,0,4,1,0,1,2,2,0,42,15,27,9,6,8,5,55,53,2,2,2,0,15,1,0
53383590,0,,,157,83,74,96,61,35,4,2,2,43,9,34,25,16,9,8,2,6,19,13,6,3,2,1,9,8,1,0,0,0,7,3,4,26,19,7,18,12,6,2,1,1,1,1,0,5,5,0,344,170,174,45,21,24,135,67,68,57,13,44,66,46,20,65,48,17,32,20,12,62,30,32,41,23,18,42,24,18,143,55,88,7,6,98,82,197,193,4,11,8,1,138,7,7
53383591,0,,,1044,514,530,587,364,223,29,17,12,352,74,278,146,105,41,60,11,49,101,51,50,8,5,3,48,25,23,10,5,5,35,16,19,327,171,156,188,101,87,76,38,38,16,8,8,47,24,23,2148,996,1152,211,93,118,756,349,407,388,101,287,448,292,156,319,196,123,130,64,66,524,250,274,373,173,200,487,224,263,712,296,416,42,30,667,503,1392,1278,114,36,145,12,865,28,142
53383592,0,,,742,362,380,445,265,180,13,7,6,233,52,181,129,96,33,73,19,54,103,48,55,4,2,2,63,30,33,6,2,4,30,14,16,198,112,86,109,63,46,53,28,25,16,9,7,20,12,8,1671,742,929,170,63,107,584,256,328,276,77,199,310,203,107,268,165,103,147,57,90,420,190,230,269,126,143,355,157,198,512,207,305,29,38,475,275,1052,973,79,46,64,2,625,21,106
53383593,0,,,358,167,191,203,127,76,9,4,5,131,23,108,65,52,13,32,9,23,33,16,17,0,0,0,13,9,4,5,1,4,15,6,9,130,64,66,84,39,45,31,18,13,8,4,4,7,3,4,756,347,409,101,49,52,340,147,193,110,36,74,86,61,25,140,87,53,26,12,14,122,52,70,86,35,51,201,86,115,299,131,168,14,15,217,112,501,459,42,9,26,3,343,12,45
53383594,0,,,567,289,278,332,212,120,9,2,7,191,47,144,99,83,16,72,18,54,52,22,30,0,0,0,26,9,17,14,7,7,12,6,6,168,92,76,94,46,48,44,29,15,11,5,6,19,12,7,1206,545,661,158,64,94,523,241,282,191,60,131,203,138,65,198,126,72,90,43,47,210,77,133,162,65,97,202,101,101,514,220,294,32,27,314,106,805,740,65,26,37,4,536,12,56
53383595,0,,,278,144,134,184,111,73,4,4,0,71,17,54,60,45,15,36,4,32,38,23,15,6,4,2,9,7,2,7,4,3,16,8,8,74,42,32,43,28,15,14,7,7,7,4,3,10,3,7,531,254,277,42,19,23,230,106,124,107,35,72,103,66,37,119,74,45,30,16,14,110,54,56,57,26,31,87,39,48,182,80,102,24,13,169,69,399,374,25,17,22,0,259,5,23
53383596,0,,,291,158,133,179,117,62,3,0,3,85,25,60,96,78,18,85,19,66,29,16,13,2,2,0,14,5,9,5,4,1,8,5,3,86,38,48,53,21,32,18,9,9,4,1,3,11,7,4,637,305,332,60,29,31,269,125,144,153,46,107,134,99,35,221,156,65,13,5,8,58,31,27,74,31,43,71,27,44,301,103,198,44,47,124,57,507,477,30,10,16,1,262,5,25
53383597,0,,,255,142,113,145,100,45,6,4,2,75,14,61,144,112,32,102,15,87,26,14,12,1,0,1,16,9,7,5,2,3,4,3,1,123,62,61,78,46,32,24,10,14,9,2,7,12,4,8,665,322,343,57,24,33,264,124,140,127,35,92,169,116,53,228,156,72,17,7,10,69,39,30,69,37,32,106,51,55,324,108,216,74,35,139,51,547,506,41,13,26,2,221,7,21
53383598,1,,53383599,244,131,113,131,88,43,12,6,6,75,17,58,109,89,20,93,13,80,25,10,15,4,1,3,13,6,7,4,1,3,4,2,2,94,46,48,53,24,29,19,9,10,9,2,7,13,11,2,632,296,336,55,23,32,277,126,151,128,36,92,139,93,46,178,108,70,14,8,6,48,22,26,53,27,26,105,51,54,351,134,217,49,38,128,58,495,453,42,16,21,3,241,13,9
53383599,2,53383598,,*,*,*,*,*,*,*,*,*,*,*,*,*,*,*,*,*,*,*,*,*,*,*,*,*,*,*,*,*,*,*,*,*,*,*,*,*,*,*,*,*,*,*,*,*,*,*,*,*,*,*,*,*,*,*,*,*,*,*,*,*,*,*,*,*,*,*,*,*,*,*,*,*,*,*,*,*,*,*,*,*,*,*,*,*,*,*,*,*,*,*,*,*,*
53383600,0,,,7,2,5,4,2,2,0,0,0,3,0,3,1,1,0,0,0,0,0,0,0,0,0,0,0,0,0,0,0,0,0,0,0,1,1,0,1,1,0,0,0,0,0,0,0,0,0,0,14,6,8,2,2,0,5,0,5,2,1,1,2,2,0,1,0,1,0,0,0,1,1,0,6,3,3,5,2,3,2,1,1,0,0,4,3,10,10,0,0,0,0,6,0,0
53383609,0,,,17,11,6,9,7,2,0,0,0,7,3,4,1,0,1,0,0,0,0,0,0,0,0,0,0,0,0,0,0,0,0,0,0,6,3,3,3,2,1,1,0,1,1,0,1,1,1,0,33,17,16,8,5,3,17,7,10,4,4,0,1,1,0,4,3,1,2,2,0,0,0,0,0,0,0,6,3,3,21,11,10,0,0,10,6,19,18,1,2,2,2,14,0,0
53383619,0,,,61,34,27,34,22,12,0,0,0,22,8,14,12,9,3,2,0,2,2,1,1,0,0,0,2,1,1,0,0,0,0,0,0,17,7,10,2,2,0,4,1,3,2,0,2,9,4,5,139,66,73,31,9,22,69,37,32,17,6,11,17,12,5,56,39,17,6,3,3,2,1,1,3,1,2,18,7,11,68,21,47,1,0,37,22,90,75,15,2,24,0,53,0,2
53383624,0,,,55,33,22,32,23,9,1,1,0,14,5,9,6,6,0,3,1,2,2,1,1,0,0,0,2,1,1,0,0,0,0,0,0,10,3,7,4,1,3,3,1,2,1,0,1,2,1,1,118,55,63,24,7,17,60,31,29,17,6,11,17,11,6,27,19,8,0,0,0,3,1,2,12,5,7,19,10,9,69,24,45,0,1,34,18,70,64,6,8,12,1,48,0,0
53383625,0,,,38,24,14,15,13,2,0,0,0,20,8,12,4,3,1,1,0,1,2,1,1,0,0,0,2,1,1,0,0,0,0,0,0,5,4,1,0,0,0,2,2,0,3,2,1,0,0,0,87,44,43,14,7,7,49,24,25,10,3,7,14,10,4,25,22,3,8,7,1,1,0,1,7,3,4,7,3,4,46,14,32,0,0,23,13,48,43,5,2,11,0,29,2,0
53383626,0,,,67,36,31,37,24,13,0,0,0,23,7,16,7,6,1,3,0,3,3,1,2,1,1,0,0,0,0,0,0,0,2,0,2,14,7,7,2,2,0,3,1,2,1,0,1,8,4,4,144,74,70,35,17,18,73,42,31,14,3,11,22,12,10,33,23,10,1,1,0,3,2,1,13,7,6,12,3,9,99,46,53,0,1,44,20,88,77,11,5,19,0,54,0,0
53383627,0,,,132,72,60,75,53,22,1,1,0,48,12,36,11,9,2,4,1,3,11,5,6,1,1,0,7,3,4,0,0,0,3,1,2,32,15,17,22,9,13,6,4,2,1,1,0,3,1,2,290,142,148,67,30,37,154,80,74,35,12,23,34,20,14,93,62,31,8,3,5,19,9,10,16,8,8,33,17,16,164,63,101,0,2,83,37,155,147,8,21,15,1,105,0,0
53383628,0,,,60,35,25,39,23,16,2,1,1,19,11,8,9,8,1,3,2,1,5,1,4,2,1,1,3,0,3,0,0,0,0,0,0,10,4,6,4,1,3,4,2,2,0,0,0,2,1,1,147,69,78,33,13,20,85,43,42,19,5,14,10,8,2,57,41,16,4,2,2,7,3,4,4,1,3,19,7,12,71,20,51,0,0,40,23,77,72,5,2,11,1,58,0,2
53383629,0,,,22,10,12,10,4,6,0,0,0,9,4,5,3,2,1,0,0,0,0,0,0,0,0,0,0,0,0,0,0,0,0,0,0,4,3,1,0,0,0,2,2,0,1,1,0,1,0,1,51,22,29,13,6,7,22,9,13,3,1,2,8,4,4,10,7,3,0,0,0,0,0,0,2,1,1,12,7,5,25,8,17,0,0,14,9,27,25,2,0,2,0,19,0,3
53383661,0,,,53,30,23,33,23,10,0,0,0,19,6,13,7,6,1,4,0,4,4,2,2,0,0,0,4,2,2,0,0,0,0,0,0,16,11,5,13,10,3,3,1,2,0,0,0,0,0,0,125,60,65,20,12,8,60,26,34,18,4,14,18,13,5,34,25,9,1,0,1,9,4,5,8,4,4,17,10,7,76,30,46,5,1,31,18,69,65,4,2,8,0,47,1,1
53383662,0,,,139,67,72,87,53,34,4,2,2,41,8,33,25,17,8,7,1,6,22,10,12,0,0,0,13,7,6,0,0,0,9,3,6,45,18,27,28,7,21,9,5,4,1,0,1,7,6,1,284,127,157,47,19,28,130,53,77,52,18,34,42,29,13,99,61,38,8,2,6,27,11,16,31,11,20,52,26,26,130,43,87,7,2,87,31,191,171,20,14,26,2,118,1,4
53383663,0,,,61,28,33,33,19,14,1,1,0,23,6,17,15,13,2,2,0,2,1,0,1,0,0,0,0,0,0,1,0,1,0,0,0,1,1,0,1,1,0,0,0,0,0,0,0,0,0,0,158,75,83,48,25,23,69,33,36,16,3,13,13,9,4,52,39,13,0,0,0,2,2,0,7,5,2,7,4,3,92,26,66,4,3,39,32,79,78,1,2,4,0,53,0,0
53383664,0,,,24,15,9,18,12,6,0,0,0,4,1,3,4,4,0,1,0,1,0,0,0,0,0,0,0,0,0,0,0,0,0,0,0,2,2,0,0,0,0,1,1,0,0,0,0,1,1,0,56,31,25,18,12,6,28,13,15,3,1,2,6,5,1,15,14,1,0,0,0,0,0,0,5,5,0,3,2,1,35,12,23,0,0,18,13,31,29,2,0,3,0,16,1,4
53383670,0,,,8,5,3,5,3,2,0,0,0,1,0,1,5,3,2,3,0,3,0,0,0,0,0,0,0,0,0,0,0,0,0,0,0,4,3,1,0,0,0,2,1,1,0,0,0,2,2,0,25,15,10,3,1,2,10,7,3,6,2,4,3,2,1,11,9,2,0,0,0,0,0,0,0,0,0,8,4,4,10,5,5,2,2,2,5,20,16,4,1,2,0,7,2,1
53383671,0,,,48,23,25,23,13,10,2,1,1,19,6,13,8,6,2,2,0,2,8,6,2,0,0,0,4,3,1,1,1,0,3,2,1,28,13,15,20,9,11,5,3,2,1,0,1,2,1,1,109,49,60,19,9,10,43,18,25,17,3,14,16,12,4,33,22,11,4,2,2,23,11,12,16,8,8,24,12,12,45,13,32,1,1,35,19,69,58,11,3,8,1,50,1,5
53383672,0,,,6,4,2,4,3,1,0,0,0,1,0,1,3,3,0,2,0,2,0,0,0,0,0,0,0,0,0,0,0,0,0,0,0,4,3,1,2,1,1,2,2,0,0,0,0,0,0,0,30,14,16,3,2,1,16,5,11,3,2,1,2,2,0,11,9,2,0,0,0,0,0,0,4,2,2,3,1,2,16,5,11,1,0,5,8,13,11,2,0,4,1,4,0,1
53383674,0,,,6,4,2,4,3,1,0,0,0,2,1,1,0,0,0,0,0,0,0,0,0,0,0,0,0,0,0,0,0,0,0,0,0,1,0,1,0,0,0,1,0,1,0,0,0,0,0,0,17,8,9,5,3,2,10,4,6,1,0,1,1,1,0,7,5,2,0,0,0,1,1,0,0,0,0,1,0,1,9,2,7,0,0,5,4,7,6,1,0,1,0,4,0,0
53383680,0,,,8,3,5,3,1,2,0,0,0,5,2,3,7,7,0,5,0,5,0,0,0,0,0,0,0,0,0,0,0,0,0,0,0,2,1,1,0,0,0,0,0,0,0,0,0,2,1,1,30,13,17,4,2,2,15,7,8,4,2,2,3,1,2,10,7,3,1,0,1,3,1,2,0,0,0,0,0,0,18,6,12,3,2,6,2,20,20,0,0,1,0,5,0,0
53383685,2,53383694,,*,*,*,*,*,*,*,*,*,*,*,*,*,*,*,*,*,*,*,*,*,*,*,*,*,*,*,*,*,*,*,*,*,*,*,*,*,*,*,*,*,*,*,*,*,*,*,*,*,*,*,*,*,*,*,*,*,*,*,*,*,*,*,*,*,*,*,*,*,*,*,*,*,*,*,*,*,*,*,*,*,*,*,*,*,*,*,*,*,*,*,*,*,*
53383690,1,,53383691,8,5,3,7,5,2,0,0,0,1,0,1,4,4,0,3,0,3,0,0,0,0,0,0,0,0,0,0,0,0,0,0,0,3,0,3,2,0,2,1,0,1,0,0,0,0,0,0,29,14,15,1,0,1,15,6,9,7,4,3,3,2,1,12,9,3,2,1,1,0,0,0,0,0,0,1,0,1,17,4,13,2,2,3,4,17,16,1,0,2,0,8,1,0
53383691,2,53383690,,*,*,*,*,*,*,*,*,*,*,*,*,*,*,*,*,*,*,*,*,*,*,*,*,*,*,*,*,*,*,*,*,*,*,*,*,*,*,*,*,*,*,*,*,*,*,*,*,*,*,*,*,*,*,*,*,*,*,*,*,*,*,*,*,*,*,*,*,*,*,*,*,*,*,*,*,*,*,*,*,*,*,*,*,*,*,*,*,*,*,*,*,*,*
53383694,1,,53383685,14,8,6,6,5,1,0,0,0,6,2,4,1,0,1,0,0,0,0,0,0,0,0,0,0,0,0,0,0,0,0,0,0,0,0,0,0,0,0,0,0,0,0,0,0,0,0,0,21,9,12,7,3,4,8,3,5,3,0,3,3,3,0,3,3,0,0,0,0,2,1,1,0,0,0,0,0,0,16,5,11,0,0,7,1,15,15,0,1,1,0,11,0,0
53383700,0,,,8,6,2,7,5,2,0,0,0,1,1,0,0,0,0,0,0,0,1,0,1,0,0,0,0,0,0,0,0,0,1,0,1,2,1,1,2,1,1,0,0,0,0,0,0,0,0,0,15,8,7,2,1,1,11,5,6,2,2,0,0,0,0,3,2,1,0,0,0,1,1,0,2,1,1,4,2,2,8,3,5,0,0,5,3,8,8,0,0,1,0,7,0,0
53383703,0,,,19,10,9,10,6,4,0,0,0,6,2,4,1,1,0,0,0,0,2,2,0,0,0,0,2,2,0,0,0,0,0,0,0,3,2,1,2,2,0,0,0,0,0,0,0,1,0,1,38,20,18,9,4,5,20,13,7,5,1,4,3,1,2,10,8,2,0,0,0,7,3,4,2,1,1,8,5,3,16,7,9,0,0,11,5,23,21,2,0,4,0,17,0,2
53383704,1,,53383705,500,285,215,296,217,79,6,4,2,171,42,129,47,35,12,20,4,16,58,35,23,2,1,1,24,15,9,10,8,2,22,11,11,183,91,92,99,50,49,43,17,26,10,7,3,31,17,14,947,477,470,133,51,82,405,198,207,128,53,75,158,108,50,201,130,71,72,40,32,118,67,51,128,58,70,199,103,96,351,140,211,5,11,307,168,634,571,63,23,98,7,454,6,16
53383705,2,53383704,,*,*,*,*,*,*,*,*,*,*,*,*,*,*,*,*,*,*,*,*,*,*,*,*,*,*,*,*,*,*,*,*,*,*,*,*,*,*,*,*,*,*,*,*,*,*,*,*,*,*,*,*,*,*,*,*,*,*,*,*,*,*,*,*,*,*,*,*,*,*,*,*,*,*,*,*,*,*,*,*,*,*,*,*,*,*,*,*,*,*,*,*,*,*
53383706,2,53383707,,*,*,*,*,*,*,*,*,*,*,*,*,*,*,*,*,*,*,*,*,*,*,*,*,*,*,*,*,*,*,*,*,*,*,*,*,*,*,*,*,*,*,*,*,*,*,*,*,*,*,*,*,*,*,*,*,*,*,*,*,*,*,*,*,*,*,*,*,*,*,*,*,*,*,*,*,*,*,*,*,*,*,*,*,*,*,*,*,*,*,*,*,*,*
53383707,1,,53383706,39,24,15,24,17,7,0,0,0,13,5,8,3,2,1,1,0,1,1,0,1,0,0,0,0,0,0,0,0,0,1,0,1,8,3,5,4,1,3,4,2,2,0,0,0,0,0,0,90,44,46,26,11,15,39,23,16,13,2,11,9,7,2,33,22,11,3,3,0,4,2,2,2,1,1,7,4,3,47,14,33,0,1,23,11,47,43,4,0,7,0,40,1,0
53383708,2,53383718,,*,*,*,*,*,*,*,*,*,*,*,*,*,*,*,*,*,*,*,*,*,*,*,*,*,*,*,*,*,*,*,*,*,*,*,*,*,*,*,*,*,*,*,*,*,*,*,*,*,*,*,*,*,*,*,*,*,*,*,*,*,*,*,*,*,*,*,*,*,*,*,*,*,*,*,*,*,*,*,*,*,*,*,*,*,*,*,*,*,*,*,*,*,*
53383710,0,,,344,196,148,190,127,63,6,3,3,115,40,75,35,30,5,13,5,8,17,7,10,2,1,1,10,4,6,0,0,0,5,2,3,65,37,28,35,16,19,19,13,6,1,1,0,10,7,3,757,379,378,148,63,85,403,212,191,80,35,45,107,65,42,209,158,51,7,2,5,58,23,35,46,20,26,86,38,48,418,177,241,4,3,210,117,431,399,32,26,76,7,269,3,1
53383711,0,,,56,36,20,24,17,7,1,1,0,26,13,13,11,7,4,2,1,1,1,0,1,0,0,0,1,0,1,0,0,0,0,0,0,14,7,7,4,2,2,5,3,2,1,1,0,4,1,3,117,62,55,26,10,16,64,36,28,13,4,9,14,12,2,35,25,10,5,2,3,3,2,1,0,0,0,18,12,6,71,28,43,0,1,34,18,79,69,10,2,15,1,49,1,2
53383713,0,,,39,22,17,28,17,11,0,0,0,10,4,6,2,1,1,0,0,0,5,1,4,0,0,0,5,1,4,0,0,0,0,0,0,17,8,9,8,4,4,6,2,4,0,0,0,3,2,1,66,34,32,17,10,7,24,11,13,11,5,6,9,5,4,17,9,8,0,0,0,15,7,8,3,2,1,16,6,10,28,14,14,1,0,20,10,48,41,7,0,9,4,33,1,0
53383714,0,,,617,364,253,383,287,96,10,6,4,195,50,145,49,35,14,17,4,13,80,39,41,5,3,2,34,16,18,10,5,5,31,15,16,170,94,76,98,56,42,39,21,18,8,6,2,25,11,14,1087,562,525,134,60,74,455,224,231,156,58,98,227,157,70,150,93,57,93,55,38,236,133,103,161,83,78,177,86,91,372,161,211,2,5,413,209,747,686,61,41,119,7,491,6,25
53383717,0,,,58,33,25,38,28,10,2,0,2,13,2,11,7,6,1,3,2,1,4,1,3,2,1,1,2,0,2,0,0,0,0,0,0,9,5,4,5,3,2,3,1,2,1,1,0,0,0,0,140,77,63,30,15,15,69,41,28,14,7,7,20,11,9,36,23,13,1,1,0,9,6,3,5,2,3,17,12,5,77,35,42,0,0,39,17,78,73,5,11,12,1,52,1,0
53383718,1,,53383708,22,9,13,13,5,8,0,0,0,9,4,5,4,4,0,1,1,0,1,0,1,0,0,0,0,0,0,0,0,0,1,0,1,8,4,4,4,3,1,0,0,0,1,1,0,3,0,3,74,36,38,12,5,7,35,21,14,7,1,6,13,6,7,15,12,3,2,1,1,2,1,1,6,3,3,3,1,2,46,17,29,0,1,14,16,30,27,3,0,4,0,26,0,0
53383719,2,53383729,,*,*,*,*,*,*,*,*,*,*,*,*,*,*,*,*,*,*,*,*,*,*,*,*,*,*,*,*,*,*,*,*,*,*,*,*,*,*,*,*,*,*,*,*,*,*,*,*,*,*,*,*,*,*,*,*,*,*,*,*,*,*,*,*,*,*,*,*,*,*,*,*,*,*,*,*,*,*,*,*,*,*,*,*,*,*,*,*,*,*,*,*,*,*
53383720,1,,53383730,84,36,48,47,29,18,5,1,4,25,2,23,7,4,3,1,0,1,3,2,1,0,0,0,2,2,0,0,0,0,1,0,1,18,6,12,9,2,7,5,3,2,0,0,0,4,1,3,170,70,100,31,12,19,91,38,53,20,5,15,25,13,12,62,36,26,2,0,2,6,2,4,11,5,6,13,5,8,97,30,67,2,1,48,19,99,92,7,1,22,1,66,0,2
53383721,0,,,31,19,12,22,13,9,0,0,0,8,5,3,1,0,1,0,0,0,4,2,2,0,0,0,2,1,1,0,0,0,2,1,1,6,2,4,3,2,1,0,0,0,0,0,0,3,0,3,61,29,32,8,2,6,37,21,16,4,0,4,9,5,4,15,9,6,4,2,2,3,2,1,5,2,3,7,4,3,37,14,23,2,0,15,9,34,32,2,1,3,0,24,1,0
53383722,0,,,264,135,129,140,96,44,5,3,2,103,22,81,31,25,6,10,1,9,14,7,7,1,1,0,8,3,5,1,1,0,4,2,2,74,41,33,36,18,18,24,11,13,3,3,0,11,9,2,543,251,292,113,44,69,271,125,146,75,28,47,74,50,24,165,118,47,5,3,2,18,10,8,34,14,20,68,30,38,331,120,211,1,3,156,66,347,310,37,15,42,13,243,1,6
53383723,0,,,103,66,37,67,49,18,1,1,0,29,13,16,14,7,7,1,0,1,17,9,8,5,2,3,7,4,3,0,0,0,5,3,2,28,20,8,15,11,4,5,2,3,2,1,1,6,6,0,241,127,114,46,21,25,99,54,45,35,7,28,52,41,11,54,43,11,9,5,4,22,15,7,21,12,9,32,16,16,138,59,79,1,0,77,42,133,119,14,14,26,8,83,5,5
53383724,0,,,176,107,69,112,77,35,4,2,2,40,12,28,25,16,9,8,1,7,17,9,8,2,2,0,3,1,2,1,0,1,11,6,5,33,12,21,18,10,8,8,2,6,1,0,1,6,0,6,379,183,196,51,16,35,149,70,79,58,19,39,92,65,27,74,42,32,24,17,7,46,28,18,25,12,13,45,17,28,188,77,111,2,2,131,76,225,212,13,31,25,2,133,2,4
53383725,0,,,138,79,59,88,63,25,2,1,1,38,9,29,16,13,3,6,1,5,6,6,0,1,1,0,0,0,0,0,0,0,5,5,0,52,33,19,9,5,4,9,4,5,23,16,7,11,8,3,309,155,154,71,24,47,113,64,49,46,14,32,52,36,16,50,36,14,22,15,7,31,22,9,26,11,15,40,20,20,174,74,100,1,1,102,83,197,162,35,25,36,6,109,5,10
53383727,0,,,204,116,88,142,104,38,1,1,0,53,5,48,8,5,3,2,0,2,64,31,33,24,10,14,23,11,12,1,1,0,16,9,7,107,49,58,94,44,50,8,2,6,0,0,0,5,3,2,280,130,150,23,8,15,110,51,59,63,15,48,76,53,23,62,29,33,14,6,8,211,97,114,121,57,64,16,6,10,24,13,11,0,1,114,8,227,214,13,3,47,2,170,3,2
53383728,0,,,16,9,7,7,6,1,0,0,0,9,3,6,1,1,0,0,0,0,2,1,1,0,0,0,2,1,1,0,0,0,0,0,0,5,2,3,2,1,1,1,0,1,1,0,1,1,1,0,40,21,19,12,5,7,20,11,9,4,1,3,4,4,0,13,9,4,0,0,0,1,1,0,7,4,3,5,2,3,21,8,13,0,1,7,9,19,17,2,0,5,0,16,0,0
53383729,1,,53383719,121,69,52,66,44,22,2,0,2,41,17,24,8,7,1,2,1,1,9,5,4,0,0,0,5,3,2,0,0,0,4,2,2,28,17,11,14,7,7,6,3,3,1,1,0,7,6,1,259,130,129,42,18,24,118,64,54,44,16,28,41,25,16,64,48,16,0,0,0,5,3,2,22,11,11,42,25,17,149,60,89,0,1,67,41,142,131,11,2,38,4,95,1,1
53383730,2,53383720,,*,*,*,*,*,*,*,*,*,*,*,*,*,*,*,*,*,*,*,*,*,*,*,*,*,*,*,*,*,*,*,*,*,*,*,*,*,*,*,*,*,*,*,*,*,*,*,*,*,*,*,*,*,*,*,*,*,*,*,*,*,*,*,*,*,*,*,*,*,*,*,*,*,*,*,*,*,*,*,*,*,*,*,*,*,*,*,*,*,*,*,*,*,*
53383732,0,,,192,105,87,104,69,35,8,5,3,60,20,40,23,18,5,7,0,7,4,2,2,0,0,0,4,2,2,0,0,0,0,0,0,46,20,26,23,8,15,10,3,7,3,1,2,10,8,2,418,207,211,101,44,57,193,97,96,66,25,41,55,40,15,155,102,53,7,3,4,11,6,5,19,8,11,60,27,33,216,83,133,0,2,117,53,246,226,20,13,40,11,173,1,0
53383734,0,,,103,57,46,63,43,20,3,2,1,35,10,25,9,5,4,4,1,3,18,7,11,3,3,0,5,1,4,2,1,1,8,2,6,30,14,16,15,7,8,11,4,7,1,1,0,3,2,1,238,104,134,60,17,43,100,51,49,32,8,24,37,25,12,36,21,15,6,4,2,47,22,25,21,10,11,43,15,28,122,50,72,1,0,77,58,131,120,11,15,25,3,70,3,2
53383735,0,,,807,439,368,436,284,152,19,7,12,276,90,186,144,101,43,70,19,51,58,28,30,11,5,6,29,14,15,3,1,2,15,8,7,376,161,215,99,48,51,45,26,19,201,73,128,31,14,17,1715,819,896,233,89,144,653,278,375,259,76,183,466,317,149,329,210,119,172,81,91,249,110,139,173,83,90,227,109,118,880,351,529,2,5,626,515,1208,1027,181,285,212,27,410,10,33
53383736,0,,,230,124,106,132,87,45,7,1,6,64,16,48,20,14,6,4,0,4,12,7,5,5,2,3,4,3,1,1,1,0,2,1,1,63,30,33,30,14,16,10,5,5,11,6,5,12,5,7,506,240,266,80,26,54,231,103,128,82,30,52,93,67,26,116,77,39,10,8,2,54,27,27,33,17,16,81,36,45,277,105,172,0,2,153,109,295,265,30,34,63,8,156,1,3
53383737,0,,,711,382,329,429,293,136,15,9,6,223,43,180,34,23,11,11,2,9,42,22,20,10,6,4,12,4,8,0,0,0,20,12,8,265,138,127,137,71,66,51,25,26,12,4,8,65,38,27,1238,584,654,110,38,72,552,246,306,231,64,167,277,201,76,153,93,60,36,18,18,70,32,38,249,116,133,435,210,225,508,228,280,2,0,405,180,873,765,108,34,297,28,486,6,6
53383738,0,,,498,257,241,264,172,92,7,1,6,180,47,133,59,48,11,18,1,17,40,16,24,7,1,6,18,7,11,1,0,1,14,8,6,176,92,84,88,39,49,45,24,21,14,6,8,29,23,6,1035,493,542,172,64,108,488,230,258,157,49,108,174,127,47,204,121,83,37,19,18,81,37,44,128,58,70,215,110,105,540,231,309,3,4,318,211,663,578,85,49,137,25,412,7,11
53383739,0,,,486,261,225,248,169,79,6,4,2,194,57,137,27,17,10,9,3,6,40,19,21,17,8,9,15,8,7,0,0,0,8,3,5,134,62,72,71,33,38,31,13,18,2,0,2,30,16,14,956,467,489,135,54,81,469,225,244,149,47,102,170,122,48,129,79,50,30,15,15,96,47,49,106,49,57,178,83,95,549,251,298,0,5,303,165,581,528,53,18,142,21,389,14,7
53383741,0,,,12,6,6,8,5,3,0,0,0,4,1,3,4,2,2,0,0,0,4,0,4,1,0,1,1,0,1,0,0,0,2,0,2,3,3,0,1,1,0,0,0,0,0,0,0,2,2,0,30,12,18,9,3,6,13,5,8,3,2,1,5,2,3,7,4,3,0,0,0,6,2,4,2,1,1,5,2,3,17,6,11,1,0,8,3,18,16,2,0,1,0,13,0,0
53383742,0,,,43,25,18,24,17,7,1,0,1,14,4,10,13,7,6,0,0,0,1,0,1,0,0,0,0,0,0,0,0,0,1,0,1,7,2,5,2,1,1,3,1,2,0,0,0,2,0,2,132,52,80,27,12,15,31,17,14,16,8,8,10,7,3,20,13,7,22,6,16,25,9,16,17,5,12,7,0,7,49,21,28,0,1,19,11,60,56,4,9,9,1,33,1,2
53383743,0,,,9,4,5,4,3,1,1,0,1,4,1,3,1,1,0,1,0,1,1,0,1,0,0,0,1,0,1,0,0,0,0,0,0,5,3,2,2,2,0,0,0,0,0,0,0,3,1,2,25,10,15,10,3,7,6,3,3,1,0,1,6,4,2,10,7,3,0,0,0,0,0,0,3,0,3,3,2,1,14,4,10,1,0,6,4,13,11,2,0,1,1,9,0,0
53383744,0,,,46,20,26,21,14,7,0,0,0,23,5,18,11,9,2,4,2,2,2,0,2,0,0,0,1,0,1,0,0,0,1,0,1,11,8,3,6,5,1,3,2,1,1,0,1,1,1,0,162,66,96,56,25,31,50,24,26,10,6,4,9,4,5,24,16,8,16,6,10,46,15,31,15,6,9,12,6,6,63,25,38,0,2,37,24,67,62,5,2,11,2,44,2,1
53383745,0,,,36,21,15,22,16,6,0,0,0,13,4,9,2,1,1,1,0,1,2,1,1,0,0,0,0,0,0,0,0,0,2,1,1,14,4,10,5,2,3,1,0,1,8,2,6,0,0,0,73,35,38,7,3,4,31,12,19,10,3,7,23,16,7,12,11,1,7,1,6,8,3,5,8,3,5,12,4,8,42,18,24,0,0,25,20,49,39,10,9,11,0,23,1,1
53383746,0,,,295,157,138,161,114,47,5,2,3,111,28,83,19,17,2,6,2,4,23,11,12,6,3,3,11,6,5,1,1,0,5,1,4,81,45,36,44,27,17,14,7,7,4,1,3,19,10,9,535,269,266,64,29,35,272,136,136,82,31,51,96,62,34,86,50,36,16,8,8,45,20,25,43,25,18,94,46,48,338,167,171,5,5,164,73,353,327,26,3,64,16,250,7,4
53383747,0,,,413,217,196,233,159,74,4,2,2,154,41,113,32,27,5,10,3,7,33,14,19,7,4,3,9,4,5,2,0,2,15,6,9,89,51,38,43,26,17,17,10,7,6,1,5,23,14,9,927,455,472,184,82,102,440,217,223,111,38,73,139,94,45,214,141,73,23,9,14,49,22,27,72,34,38,124,66,58,496,213,283,2,7,255,173,497,462,35,30,110,16,319,5,4
53383748,0,,,167,94,73,105,73,32,1,1,0,57,16,41,12,9,3,1,0,1,10,5,5,1,0,1,7,3,4,0,0,0,2,2,0,29,18,11,20,14,6,4,1,3,0,0,0,5,3,2,403,207,196,102,42,60,174,99,75,51,20,31,34,21,13,52,33,19,10,8,2,21,10,11,24,14,10,83,44,39,210,94,116,3,0,107,75,187,181,6,10,28,6,136,5,1
53383749,0,,,144,80,64,85,56,29,2,0,2,48,16,32,12,10,2,7,0,7,5,1,4,2,0,2,0,0,0,0,0,0,3,1,2,36,19,17,15,6,9,14,8,6,1,0,1,6,5,1,337,162,175,66,26,40,164,80,84,48,17,31,44,32,12,111,72,39,1,0,1,7,3,4,20,9,11,39,19,20,185,70,115,3,1,85,60,182,165,17,2,48,4,126,2,2
53383751,0,,,46,23,23,29,19,10,0,0,0,16,4,12,6,4,2,3,1,2,6,0,6,1,0,1,3,0,3,2,0,2,0,0,0,9,4,5,7,4,3,0,0,0,1,0,1,1,0,1,100,50,50,32,14,18,35,20,15,9,3,6,17,9,8,33,23,10,4,0,4,11,5,6,6,3,3,12,5,7,49,18,31,1,0,31,18,58,55,3,1,5,2,48,1,0
53383752,2,53383753,,*,*,*,*,*,*,*,*,*,*,*,*,*,*,*,*,*,*,*,*,*,*,*,*,*,*,*,*,*,*,*,*,*,*,*,*,*,*,*,*,*,*,*,*,*,*,*,*,*,*,*,*,*,*,*,*,*,*,*,*,*,*,*,*,*,*,*,*,*,*,*,*,*,*,*,*,*,*,*,*,*,*,*,*,*,*,*,*,*,*,*,*,*,*
53383753,1,,53383752,43,25,18,27,18,9,0,0,0,13,5,8,6,6,0,3,2,1,1,0,1,0,0,0,1,0,1,0,0,0,0,0,0,9,5,4,5,3,2,3,2,1,0,0,0,1,0,1,92,50,42,25,12,13,45,24,21,12,5,7,9,8,1,41,32,9,0,0,0,4,2,2,2,0,2,10,7,3,45,14,31,3,1,21,9,55,52,3,2,4,0,45,0,0
53383754,0,,,5,3,2,4,3,1,0,0,0,1,0,1,1,1,0,0,0,0,2,1,1,0,0,0,2,1,1,0,0,0,0,0,0,0,0,0,0,0,0,0,0,0,0,0,0,0,0,0,14,7,7,5,1,4,2,1,1,5,3,2,2,2,0,2,1,1,0,0,0,0,0,0,1,0,1,0,0,0,13,7,6,0,0,3,1,7,7,0,0,2,0,5,0,0
53383755,0,,,182,99,83,99,69,30,2,0,2,64,18,46,17,16,1,4,2,2,6,2,4,3,2,1,2,0,2,0,0,0,1,0,1,37,23,14,18,11,7,8,5,3,1,0,1,10,7,3,405,208,197,100,42,58,183,96,87,53,26,27,53,35,18,110,74,36,3,1,2,21,10,11,25,16,9,41,22,19,230,101,129,4,4,105,66,226,207,19,10,38,9,155,1,2
53383756,0,,,300,159,141,162,108,54,8,5,3,111,32,79,26,20,6,5,0,5,17,7,10,5,2,3,4,2,2,0,0,0,8,3,5,75,36,39,47,21,26,11,7,4,4,0,4,13,8,5,654,322,332,157,70,87,311,151,160,78,33,45,78,52,26,171,103,68,8,4,4,23,15,8,44,16,28,86,40,46,406,182,224,2,3,183,103,364,334,30,12,51,19,263,6,6
53383757,0,,,1,0,1,0,0,0,0,0,0,1,0,1,3,2,1,1,0,1,0,0,0,0,0,0,0,0,0,0,0,0,0,0,0,0,0,0,0,0,0,0,0,0,0,0,0,0,0,0,106,31,75,66,13,53,32,14,18,2,0,2,4,3,1,3,3,0,43,12,31,40,10,30,12,4,8,1,0,1,7,2,5,1,0,3,0,7,7,0,0,0,0,1,0,0
53383758,0,,,99,57,42,59,37,22,3,2,1,26,10,16,10,10,0,3,0,3,7,2,5,0,0,0,2,1,1,0,0,0,5,1,4,20,10,10,10,6,4,4,2,2,0,0,0,6,2,4,197,102,95,22,10,12,99,56,43,28,10,18,17,10,7,17,10,7,2,0,2,10,3,7,17,10,7,56,30,26,89,46,43,0,0,58,21,115,112,3,8,21,1,71,6,1
53383759,0,,,4,2,2,2,2,0,0,0,0,2,0,2,0,0,0,0,0,0,2,1,1,0,0,0,2,1,1,0,0,0,0,0,0,5,3,2,3,3,0,2,0,2,0,0,0,0,0,0,12,5,7,1,0,1,4,2,2,2,1,1,2,1,1,2,1,1,0,0,0,7,4,3,0,0,0,6,3,3,1,0,1,0,0,2,4,6,4,2,0,2,0,5,0,0
53383760,0,,,26,17,9,16,12,4,0,0,0,8,3,5,2,1,1,0,0,0,0,0,0,0,0,0,0,0,0,0,0,0,0,0,0,7,3,4,4,2,2,3,1,2,0,0,0,0,0,0,50,25,25,15,7,8,27,12,15,4,2,2,2,2,0,17,9,8,0,0,0,4,2,2,1,1,0,7,3,4,28,13,15,2,2,13,4,33,29,4,0,4,1,27,0,0
53383761,0,,,21,14,7,13,11,2,1,1,0,4,0,4,4,4,0,1,0,1,0,0,0,0,0,0,0,0,0,0,0,0,0,0,0,7,4,3,4,2,2,1,1,0,1,1,0,1,0,1,48,24,24,10,3,7,19,13,6,4,1,3,7,5,2,13,10,3,0,0,0,7,2,5,2,1,1,11,8,3,22,7,15,0,0,11,4,31,27,4,0,3,0,28,0,0
53383762,0,,,25,12,13,10,7,3,0,0,0,9,2,7,3,3,0,1,0,1,0,0,0,0,0,0,0,0,0,0,0,0,0,0,0,7,4,3,3,1,2,3,2,1,0,0,0,1,1,0,59,30,29,30,18,12,24,10,14,3,2,1,2,0,2,24,16,8,0,0,0,1,0,1,0,0,0,7,4,3,34,14,20,0,0,14,9,36,32,4,3,4,1,25,2,0
53383763,0,,,2,2,0,1,1,0,0,0,0,0,0,0,2,1,1,0,0,0,0,0,0,0,0,0,0,0,0,0,0,0,0,0,0,0,0,0,0,0,0,0,0,0,0,0,0,0,0,0,27,22,5,10,8,2,17,14,3,0,0,0,0,0,0,1,1,0,1,1,0,0,0,0,14,12,2,6,5,1,5,3,2,0,0,2,2,4,4,0,0,0,0,0,0,0
53383764,1,,53383774,17,10,7,10,7,3,0,0,0,6,2,4,2,2,0,1,0,1,1,1,0,0,0,0,1,1,0,0,0,0,0,0,0,4,1,3,2,1,1,1,0,1,0,0,0,1,0,1,48,22,26,21,6,15,17,11,6,4,3,1,3,1,2,14,11,3,0,0,0,0,0,0,3,1,2,2,1,1,30,10,20,0,1,10,11,22,20,2,0,2,0,16,1,0
53383765,0,,,78,45,33,49,33,16,0,0,0,21,5,16,9,8,1,2,0,2,2,2,0,0,0,0,1,1,0,0,0,0,1,1,0,14,8,6,5,3,2,2,0,2,0,0,0,7,5,2,170,85,85,55,21,34,84,46,38,16,8,8,13,9,4,53,40,13,0,0,0,7,4,3,5,3,2,13,6,7,106,41,65,0,1,45,21,100,92,8,8,14,4,63,0,1
53383766,0,,,90,51,39,45,32,13,3,1,2,31,11,20,11,8,3,3,0,3,6,4,2,0,0,0,3,3,0,0,0,0,3,1,2,49,31,18,26,19,7,20,10,10,0,0,0,3,2,1,222,102,120,58,24,34,92,43,49,28,6,22,38,26,12,57,35,22,3,3,0,25,13,12,18,9,9,44,19,25,123,54,69,1,1,58,41,131,107,24,3,27,8,85,1,1
53383774,2,53383764,,*,*,*,*,*,*,*,*,*,*,*,*,*,*,*,*,*,*,*,*,*,*,*,*,*,*,*,*,*,*,*,*,*,*,*,*,*,*,*,*,*,*,*,*,*,*,*,*,*,*,*,*,*,*,*,*,*,*,*,*,*,*,*,*,*,*,*,*,*,*,*,*,*,*,*,*,*,*,*,*,*,*,*,*,*,*,*,*,*,*,*,*,*,*
53383775,0,,,29,14,15,15,10,5,0,0,0,12,3,9,0,0,0,0,0,0,0,0,0,0,0,0,0,0,0,0,0,0,0,0,0,6,4,2,4,2,2,1,1,0,0,0,0,1,1,0,55,27,28,11,6,5,27,11,16,9,5,4,8,5,3,16,13,3,0,0,0,0,0,0,1,1,0,5,2,3,39,15,24,1,0,18,6,31,29,2,0,1,0,27,1,0
53383776,0,,,44,25,19,23,18,5,1,1,0,18,4,14,3,1,2,1,1,0,0,0,0,0,0,0,0,0,0,0,0,0,0,0,0,9,5,4,8,5,3,1,0,1,0,0,0,0,0,0,82,40,42,22,7,15,39,19,20,10,5,5,9,7,2,28,21,7,0,0,0,6,2,4,1,1,0,8,5,3,48,16,32,0,2,25,10,49,48,1,1,5,0,40,1,0
53383777,0,,,6,5,1,4,3,1,1,1,0,1,1,0,0,0,0,0,0,0,0,0,0,0,0,0,0,0,0,0,0,0,0,0,0,1,1,0,0,0,0,0,0,0,0,0,0,1,1,0,13,6,7,4,0,4,6,4,2,3,2,1,0,0,0,5,5,0,0,0,0,0,0,0,0,0,0,3,2,1,6,0,6,1,0,4,1,7,6,1,0,3,0,6,0,0
53383785,0,,,27,15,12,19,13,6,1,0,1,7,2,5,1,1,0,0,0,0,0,0,0,0,0,0,0,0,0,0,0,0,0,0,0,1,0,1,1,0,1,0,0,0,0,0,0,0,0,0,50,27,23,6,1,5,30,17,13,6,3,3,8,6,2,17,12,5,2,1,1,0,0,0,1,0,1,1,1,0,30,13,17,1,0,13,8,31,30,1,0,1,0,24,0,0
53383786,0,,,13,7,6,5,3,2,0,0,0,5,1,4,2,2,0,1,0,1,0,0,0,0,0,0,0,0,0,0,0,0,0,0,0,4,4,0,1,1,0,2,2,0,0,0,0,1,1,0,33,14,19,12,3,9,13,7,6,0,0,0,1,0,1,11,6,5,0,0,0,3,2,1,0,0,0,5,4,1,18,6,12,1,1,5,8,19,16,3,0,0,1,11,3,0
53383787,0,,,69,35,34,34,25,9,2,0,2,29,7,22,9,8,1,3,0,3,7,3,4,0,0,0,6,2,4,0,0,0,1,1,0,14,11,3,8,7,1,3,1,2,2,2,0,1,1,0,125,57,68,37,12,25,53,32,21,12,1,11,16,9,7,46,35,11,1,0,1,12,8,4,3,2,1,12,6,6,72,20,52,0,2,37,8,87,82,5,1,14,2,68,2,0
53383788,0,,,27,17,10,20,13,7,0,0,0,3,1,2,4,4,0,2,0,2,0,0,0,0,0,0,0,0,0,0,0,0,0,0,0,3,1,2,2,0,2,1,1,0,0,0,0,0,0,0,68,35,33,23,12,11,29,15,14,7,2,5,9,6,3,22,18,4,0,0,0,0,0,0,4,1,3,4,3,1,40,14,26,0,1,14,10,35,34,1,1,4,0,29,0,0
53383789,0,,,24,16,8,14,12,2,3,3,0,7,1,6,4,3,1,0,0,0,0,0,0,0,0,0,0,0,0,0,0,0,0,0,0,4,1,3,1,1,0,1,0,1,1,0,1,1,0,1,63,33,30,21,8,13,24,15,9,6,3,3,7,3,4,23,18,5,0,0,0,3,0,3,0,0,0,7,3,4,29,9,20,1,0,17,7,32,28,4,0,2,0,26,0,1
53383795,0,,,6,4,2,5,3,2,0,0,0,1,1,0,1,0,1,0,0,0,0,0,0,0,0,0,0,0,0,0,0,0,0,0,0,5,4,1,2,1,1,2,2,0,0,0,0,1,1,0,21,11,10,8,3,5,9,6,3,2,1,1,2,1,1,7,5,2,0,0,0,0,0,0,0,0,0,6,4,2,13,6,7,0,0,5,5,10,7,3,0,1,0,9,0,0
53383796,0,,,8,4,4,6,3,3,0,0,0,2,1,1,0,0,0,2,1,1,0,0,0,0,0,0,0,0,0,0,0,0,0,0,0,0,0,0,0,0,0,0,0,0,0,0,0,0,0,0,23,11,12,5,1,4,15,9,6,1,0,1,2,1,1,7,6,1,0,0,0,0,0,0,0,0,0,0,0,0,16,5,11,0,0,4,6,10,10,0,0,1,0,7,0,0
53383797,0,,,95,49,46,59,38,21,4,3,1,31,8,23,6,5,1,1,0,1,0,0,0,0,0,0,0,0,0,0,0,0,0,0,0,21,12,9,5,5,0,9,3,6,2,2,0,5,2,3,185,83,102,68,21,47,68,39,29,21,9,12,23,12,11,78,49,29,0,0,0,2,0,2,3,1,2,13,7,6,110,38,72,0,0,51,20,118,104,14,0,16,4,103,2,0
53384020,2,53384040,,*,*,*,*,*,*,*,*,*,*,*,*,*,*,*,*,*,*,*,*,*,*,*,*,*,*,*,*,*,*,*,*,*,*,*,*,*,*,*,*,*,*,*,*,*,*,*,*,*,*,*,*,*,*,*,*,*,*,*,*,*,*,*,*,*,*,*,*,*,*,*,*,*,*,*,*,*,*,*,*,*,*,*,*,*,*,*,*,*,*,*,*,*,*
53384030,2,53384040,,*,*,*,*,*,*,*,*,*,*,*,*,*,*,*,*,*,*,*,*,*,*,*,*,*,*,*,*,*,*,*,*,*,*,*,*,*,*,*,*,*,*,*,*,*,*,*,*,*,*,*,*,*,*,*,*,*,*,*,*,*,*,*,*,*,*,*,*,*,*,*,*,*,*,*,*,*,*,*,*,*,*,*,*,*,*,*,*,*,*,*,*,*,*
53384040,1,,53384020;53384030,6,4,2,4,2,2,0,0,0,1,1,0,5,5,0,1,0,1,0,0,0,0,0,0,0,0,0,0,0,0,0,0,0,0,0,0,0,0,0,0,0,0,0,0,0,0,0,0,24,15,9,5,4,1,10,7,3,3,1,2,6,3,3,6,6,0,2,1,1,1,0,1,0,0,0,5,3,2,10,5,5,0,0,5,4,12,12,0,0,0,0,7,0,0
53384047,2,53384086,,*,*,*,*,*,*,*,*,*,*,*,*,*,*,*,*,*,*,*,*,*,*,*,*,*,*,*,*,*,*,*,*,*,*,*,*,*,*,*,*,*,*,*,*,*,*,*,*,*,*,*,*,*,*,*,*,*,*,*,*,*,*,*,*,*,*,*,*,*,*,*,*,*,*,*,*,*,*,*,*,*,*,*,*,*,*,*,*,*,*,*,*,*,*
53384050,0,,,23,11,12,13,8,5,0,0,0,9,2,7,6,4,2,2,1,1,4,3,1,0,0,0,1,1,0,0,0,0,3,2,1,3,0,3,3,0,3,0,0,0,0,0,0,0,0,0,53,26,27,13,7,6,21,9,12,5,1,4,7,5,2,24,14,10,0,0,0,3,2,1,5,2,3,7,3,4,21,8,13,0,3,10,6,31,31,0,0,0,0,25,1,0
53384057,2,53384067,,*,*,*,*,*,*,*,*,*,*,*,*,*,*,*,*,*,*,*,*,*,*,*,*,*,*,*,*,*,*,*,*,*,*,*,*,*,*,*,*,*,*,*,*,*,*,*,*,*,*,*,*,*,*,*,*,*,*,*,*,*,*,*,*,*,*,*,*,*,*,*,*,*,*,*,*,*,*,*,*,*,*,*,*,*,*,*,*,*,*,*,*,*,*
53384060,0,,,16,10,6,11,7,4,1,1,0,3,1,2,3,3,0,3,0,3,0,0,0,0,0,0,0,0,0,0,0,0,0,0,0,2,0,2,1,0,1,1,0,1,0,0,0,0,0,0,41,23,18,17,9,8,20,11,9,0,0,0,2,2,0,20,17,3,0,0,0,0,0,0,1,1,0,2,0,2,20,5,15,2,1,9,6,25,24,1,0,1,0,20,0,0
53384061,0,,,10,6,4,7,5,2,0,0,0,3,1,2,1,1,0,1,1,0,3,1,2,0,0,0,1,1,0,0,0,0,2,0,2,0,0,0,0,0,0,0,0,0,0,0,0,0,0,0,26,11,15,6,2,4,15,8,7,2,0,2,2,1,1,14,11,3,0,0,0,1,0,1,0,0,0,1,0,1,13,1,12,1,0,3,4,12,12,0,0,0,0,10,0,0
53384067,1,,53384057,4,3,1,2,2,0,0,0,0,2,1,1,0,0,0,0,0,0,0,0,0,0,0,0,0,0,0,0,0,0,0,0,0,0,0,0,0,0,0,0,0,0,0,0,0,0,0,0,12,7,5,1,0,1,6,5,1,1,0,1,2,2,0,1,0,1,1,1,0,1,0,1,0,0,0,1,1,0,8,5,3,1,0,2,3,4,4,0,0,0,0,4,0,0
53384070,0,,,35,19,16,22,14,8,1,0,1,10,3,7,5,5,0,2,0,2,2,0,2,0,0,0,2,0,2,0,0,0,0,0,0,9,2,7,7,2,5,1,0,1,0,0,0,1,0,1,62,29,33,4,1,3,38,19,19,9,1,8,8,7,1,26,17,9,0,0,0,9,3,6,3,0,3,6,1,5,29,10,19,1,2,13,2,46,45,1,0,1,0,36,0,1
53384071,0,,,1,1,0,0,0,0,0,0,0,1,1,0,3,3,0,1,0,1,0,0,0,0,0,0,0,0,0,0,0,0,0,0,0,0,0,0,0,0,0,0,0,0,0,0,0,0,0,0,12,6,6,0,0,0,6,4,2,0,0,0,0,0,0,0,0,0,0,0,0,0,0,0,0,0,0,0,0,0,12,6,6,1,1,1,3,6,6,0,0,0,0,1,0,0
53384072,0,,,7,3,4,5,3,2,0,0,0,2,0,2,2,2,0,0,0,0,1,0,1,0,0,0,1,0,1,0,0,0,0,0,0,2,2,0,1,1,0,1,1,0,0,0,0,0,0,0,11,5,6,2,2,0,7,3,4,0,0,0,2,0,2,2,1,1,0,0,0,7,4,3,2,1,1,0,0,0,3,1,2,0,1,3,2,10,9,1,0,1,0,5,0,0
53384075,2,53384076,,*,*,*,*,*,*,*,*,*,*,*,*,*,*,*,*,*,*,*,*,*,*,*,*,*,*,*,*,*,*,*,*,*,*,*,*,*,*,*,*,*,*,*,*,*,*,*,*,*,*,*,*,*,*,*,*,*,*,*,*,*,*,*,*,*,*,*,*,*,*,*,*,*,*,*,*,*,*,*,*,*,*,*,*,*,*,*,*,*,*,*,*,*,*
53384076,1,,53384075,6,3,3,2,1,1,0,0,0,3,1,2,7,5,2,1,0,1,0,0,0,0,0,0,0,0,0,0,0,0,0,0,0,4,2,2,1,0,1,3,2,1,0,0,0,0,0,0,22,12,10,7,3,4,8,6,2,2,0,2,3,2,1,9,5,4,0,0,0,0,0,0,2,1,1,8,5,3,7,3,4,1,2,3,3,18,15,3,1,1,0,7,2,0
53384077,0,,,10,5,5,6,3,3,0,0,0,4,2,2,3,2,1,1,0,1,0,0,0,0,0,0,0,0,0,0,0,0,0,0,0,0,0,0,0,0,0,0,0,0,0,0,0,0,0,0,38,16,22,17,6,11,14,8,6,2,0,2,4,2,2,12,7,5,0,0,0,3,3,0,5,1,4,3,1,2,15,4,11,1,3,5,12,15,15,0,0,0,0,11,0,0
53384081,0,,,2,1,1,2,1,1,0,0,0,0,0,0,1,1,0,0,0,0,0,0,0,0,0,0,0,0,0,0,0,0,0,0,0,0,0,0,0,0,0,0,0,0,0,0,0,0,0,0,9,5,4,0,0,0,4,1,3,1,1,0,0,0,0,5,5,0,0,0,0,0,0,0,0,0,0,0,0,0,4,0,4,0,1,0,2,5,5,0,0,0,0,4,0,0
53384082,0,,,5,3,2,0,0,0,0,0,0,5,3,2,1,1,0,0,0,0,0,0,0,0,0,0,0,0,0,0,0,0,0,0,0,0,0,0,0,0,0,0,0,0,0,0,0,0,0,0,9,5,4,1,0,1,3,3,0,0,0,0,1,1,0,4,4,0,0,0,0,1,1,0,0,0,0,0,0,0,3,0,3,1,0,3,2,6,6,0,2,0,0,2,0,0
53384086,1,,53384047,19,8,11,11,5,6,0,0,0,6,1,5,5,5,0,0,0,0,0,0,0,0,0,0,0,0,0,0,0,0,0,0,0,2,1,1,2,1,1,0,0,0,0,0,0,0,0,0,57,28,29,14,6,8,30,15,15,3,0,3,7,5,2,21,17,4,0,0,0,2,2,0,3,1,2,6,3,3,27,6,21,0,1,16,12,24,24,0,3,1,0,18,0,0
53384087,0,,,3,2,1,1,1,0,0,0,0,2,1,1,2,2,0,1,0,1,0,0,0,0,0,0,0,0,0,0,0,0,0,0,0,0,0,0,0,0,0,0,0,0,0,0,0,0,0,0,11,6,5,2,0,2,7,5,2,0,0,0,2,1,1,4,4,0,2,1,1,0,0,0,0,0,0,0,0,0,5,1,4,1,0,3,3,6,6,0,0,0,0,3,0,0
53384091,0,,,21,12,9,10,6,4,0,0,0,10,6,4,13,10,3,2,0,2,0,0,0,0,0,0,0,0,0,0,0,0,0,0,0,1,0,1,0,0,0,1,0,1,0,0,0,0,0,0,48,25,23,11,4,7,23,15,8,9,3,6,1,1,0,15,11,4,0,0,0,3,2,1,0,0,0,2,1,1,29,11,18,0,5,12,2,39,38,1,0,0,0,27,0,1
53384095,2,53384096,,*,*,*,*,*,*,*,*,*,*,*,*,*,*,*,*,*,*,*,*,*,*,*,*,*,*,*,*,*,*,*,*,*,*,*,*,*,*,*,*,*,*,*,*,*,*,*,*,*,*,*,*,*,*,*,*,*,*,*,*,*,*,*,*,*,*,*,*,*,*,*,*,*,*,*,*,*,*,*,*,*,*,*,*,*,*,*,*,*,*,*,*,*,*
53384096,1,,53384095,25,12,13,11,7,4,0,0,0,13,4,9,4,4,0,1,1,0,1,1,0,0,0,0,0,0,0,0,0,0,1,1,0,5,4,1,4,3,1,1,1,0,0,0,0,0,0,0,63,31,32,16,6,10,36,20,16,9,3,6,2,2,0,23,20,3,2,2,0,4,2,2,3,1,2,2,0,2,35,11,24,3,1,12,10,34,33,1,1,0,1,25,0,0
53384304,0,,,58,32,26,38,28,10,1,0,1,16,3,13,7,6,1,1,0,1,1,0,1,0,0,0,0,0,0,0,0,0,1,0,1,4,2,2,3,1,2,1,1,0,0,0,0,0,0,0,101,52,49,14,9,5,59,27,32,14,6,8,11,8,3,15,12,3,3,1,2,12,9,3,15,7,8,17,7,10,40,16,24,1,2,37,7,68,67,1,1,2,2,54,0,2
53384305,0,,,133,72,61,81,57,24,9,4,5,40,8,32,24,20,4,7,0,7,26,13,13,3,2,1,7,4,3,0,0,0,16,7,9,62,34,28,33,19,14,22,11,11,2,1,1,5,3,2,447,221,226,115,59,56,232,117,115,41,11,30,44,24,20,68,48,20,35,12,23,84,51,33,64,31,33,100,53,47,166,61,105,7,8,77,38,197,169,28,22,7,2,136,2,7
53384306,0,,,17,11,6,14,8,6,1,1,0,1,1,0,2,2,0,1,0,1,0,0,0,0,0,0,0,0,0,0,0,0,0,0,0,3,2,1,0,0,0,1,1,0,1,0,1,1,1,0,31,17,14,2,1,1,20,10,10,3,1,2,6,5,1,3,2,1,0,0,0,2,1,1,1,1,0,6,3,3,22,12,10,0,0,10,2,24,21,3,2,3,0,18,0,1
53384307,0,,,193,99,94,105,67,38,28,15,13,56,14,42,12,11,1,1,0,1,21,11,10,1,0,1,10,6,4,0,0,0,10,5,5,38,19,19,21,10,11,10,5,5,2,1,1,5,3,2,304,159,145,40,22,18,161,84,77,40,15,25,39,24,15,55,37,18,33,17,16,63,34,29,40,21,19,60,28,32,102,45,57,0,5,124,37,218,206,12,5,7,4,153,10,27
53384308,0,,,186,103,83,113,75,38,4,2,2,51,13,38,22,17,5,8,3,5,31,17,14,1,0,1,13,7,6,5,5,0,12,5,7,58,27,31,34,20,14,12,3,9,4,1,3,8,3,5,322,153,169,26,10,16,161,70,91,55,20,35,60,41,19,84,47,37,6,2,4,57,30,27,50,23,27,52,25,27,153,66,87,5,6,99,31,238,217,21,5,13,0,178,4,15
53384309,0,,,91,52,39,52,43,9,3,3,0,34,4,30,19,17,2,13,0,13,10,5,5,1,1,0,2,2,0,0,0,0,7,2,5,31,16,15,16,10,6,8,4,4,3,0,3,4,2,2,178,89,89,13,5,8,78,36,42,32,12,20,41,28,13,33,24,9,23,10,13,14,7,7,12,7,5,35,18,17,91,36,55,12,4,51,13,136,124,12,1,9,2,85,8,6
53384314,0,,,22,10,12,15,10,5,0,0,0,7,0,7,4,2,2,1,0,1,0,0,0,0,0,0,0,0,0,0,0,0,0,0,0,5,2,3,3,1,2,1,1,0,0,0,0,1,0,1,38,17,21,4,3,1,23,9,14,7,1,6,4,4,0,11,9,2,0,0,0,4,2,2,2,1,1,8,2,6,18,5,13,2,3,9,2,29,27,2,1,1,0,21,1,0
53384315,0,,,221,117,104,138,92,46,6,5,1,67,12,55,35,30,5,18,4,14,19,7,12,3,1,2,9,4,5,0,0,0,7,2,5,90,43,47,50,24,26,28,14,14,1,0,1,11,5,6,509,245,264,116,48,68,219,110,109,77,21,56,83,58,25,132,81,51,38,19,19,93,37,56,49,24,25,119,53,66,173,73,100,12,9,120,42,320,276,44,5,20,6,224,9,25
53384316,0,,,481,267,214,286,197,89,31,15,16,151,43,108,51,38,13,11,1,10,32,17,15,7,3,4,15,9,6,3,1,2,7,4,3,128,62,66,69,37,32,29,13,16,9,1,8,21,11,10,822,419,403,110,54,56,407,198,209,142,53,89,153,106,47,163,106,57,41,23,18,73,36,37,88,40,48,220,108,112,386,177,209,13,9,276,75,601,544,57,15,27,8,459,10,44
53384317,0,,,688,391,297,410,293,117,35,19,16,213,53,160,51,44,7,17,1,16,53,30,23,3,1,2,26,18,8,4,2,2,20,9,11,198,100,98,111,59,52,43,20,23,8,2,6,36,19,17,1162,584,578,142,61,81,559,288,271,227,73,154,204,144,60,199,131,68,33,19,14,164,86,78,138,60,78,235,117,118,610,283,327,17,16,395,112,846,762,84,16,48,7,662,28,56
53384318,0,,,85,41,44,52,31,21,1,1,0,26,5,21,12,9,3,5,0,5,18,9,9,3,2,1,4,3,1,6,2,4,5,2,3,21,7,14,14,4,10,6,3,3,0,0,0,1,0,1,195,96,99,21,11,10,88,42,46,25,6,19,31,23,8,21,12,9,3,2,1,39,19,20,18,7,11,48,24,24,94,44,50,0,1,55,45,108,102,6,6,4,0,79,3,5
53384319,0,,,233,127,106,152,105,47,5,2,3,68,14,54,33,21,12,9,1,8,41,23,18,4,3,1,16,8,8,6,4,2,15,8,7,69,35,34,49,23,26,15,11,4,2,0,2,3,1,2,434,214,220,32,16,16,188,95,93,80,23,57,88,58,30,104,70,34,31,15,16,90,48,42,61,24,37,93,46,47,165,69,96,3,1,140,48,296,278,18,5,15,2,228,7,13
53384324,0,,,55,31,24,33,25,8,1,1,0,18,3,15,13,11,2,2,1,1,2,1,1,1,0,1,0,0,0,1,1,0,0,0,0,18,11,7,11,7,4,5,4,1,1,0,1,1,0,1,127,65,62,19,8,11,72,42,30,16,3,13,15,10,5,31,24,7,1,0,1,10,4,6,12,9,3,33,17,16,56,21,35,2,4,31,12,78,70,8,0,4,0,56,0,6
53384325,0,,,366,194,172,210,139,71,19,11,8,126,36,90,60,51,9,20,1,19,37,19,18,6,1,5,23,13,10,2,2,0,6,3,3,107,55,52,73,35,38,25,16,9,4,2,2,5,2,3,693,341,352,90,36,54,331,176,155,120,32,88,130,84,46,135,82,53,27,13,14,75,40,35,86,41,45,147,78,69,347,149,198,15,18,194,72,487,448,39,9,21,7,363,11,27
53384326,0,,,383,223,160,242,171,71,12,7,5,103,27,76,48,38,10,16,5,11,42,22,20,1,1,0,22,14,8,1,1,0,18,6,12,104,60,44,68,35,33,19,13,6,3,1,2,14,11,3,640,337,303,71,39,32,341,173,168,102,36,66,104,75,29,152,103,49,22,11,11,102,48,54,83,45,38,120,67,53,288,132,156,9,16,226,52,484,449,35,8,16,2,360,7,34
53384327,0,,,40,19,21,17,11,6,2,1,1,17,4,13,8,6,2,2,0,2,0,0,0,0,0,0,0,0,0,0,0,0,0,0,0,8,4,4,4,2,2,3,2,1,1,0,1,0,0,0,83,35,48,14,3,11,41,24,17,15,2,13,13,6,7,18,8,10,2,1,1,3,1,2,1,0,1,14,8,6,53,21,32,2,1,27,5,56,52,4,0,3,0,44,0,4
53384328,0,,,672,367,305,431,292,139,22,13,9,195,46,149,75,51,24,14,1,13,73,45,28,12,9,3,36,21,15,6,5,1,19,10,9,765,486,279,115,58,57,628,420,208,7,1,6,15,7,8,1149,566,583,93,47,46,521,257,264,234,59,175,290,197,93,193,124,69,70,38,32,770,506,264,202,98,104,259,119,140,489,209,280,9,10,438,165,1417,772,645,613,99,10,580,13,43
53384329,0,,,747,383,364,476,306,170,19,9,10,222,43,179,76,58,18,19,0,19,98,53,45,4,3,1,39,19,20,20,13,7,35,18,17,210,105,105,131,72,59,47,22,25,13,3,10,19,8,11,1349,625,724,133,55,78,606,272,334,265,81,184,306,200,106,182,99,83,107,53,54,260,126,134,199,99,100,262,124,138,586,253,333,14,11,472,250,922,844,78,33,89,7,688,11,39
53384334,0,,,390,202,188,223,141,82,14,8,6,128,36,92,56,48,8,21,4,17,29,11,18,5,1,4,11,6,5,3,1,2,10,3,7,92,40,52,45,20,25,21,10,11,5,0,5,21,10,11,738,364,374,118,49,69,359,189,170,129,38,91,113,79,34,148,89,59,17,8,9,90,45,45,93,38,55,109,58,51,389,172,217,16,14,207,87,517,471,46,19,28,5,391,11,21
53384335,0,,,375,198,177,219,141,78,13,5,8,128,39,89,51,46,5,20,3,17,38,20,18,7,5,2,19,8,11,4,3,1,8,4,4,101,50,51,59,28,31,28,14,14,4,2,2,10,6,4,695,329,366,96,36,60,350,181,169,121,26,95,120,82,38,164,103,61,16,8,8,100,47,53,80,42,38,124,65,59,340,130,210,13,12,220,74,491,448,43,17,24,2,364,6,31
53384336,0,,,558,306,252,370,246,124,24,12,12,143,34,109,23,17,6,4,1,3,83,48,35,6,5,1,48,25,23,5,2,3,24,16,8,146,80,66,71,42,29,44,18,26,7,3,4,24,17,7,824,412,412,65,30,35,401,204,197,167,52,115,170,114,56,148,83,65,67,39,28,214,123,91,129,63,66,191,93,98,282,126,156,12,9,332,83,656,586,70,17,42,6,514,14,50
53384337,0,,,212,96,116,123,70,53,6,4,2,66,9,57,38,31,7,15,3,12,18,11,7,5,3,2,4,3,1,3,1,2,6,4,2,61,28,33,32,13,19,18,9,9,6,2,4,5,4,1,412,183,229,28,11,17,172,77,95,86,25,61,91,54,37,83,51,32,11,6,5,48,21,27,38,19,19,86,40,46,187,67,120,16,5,121,62,292,266,26,10,17,0,206,5,15
53384338,0,,,496,256,240,282,178,104,19,11,8,171,48,123,59,47,12,15,5,10,44,25,19,6,4,2,25,12,13,2,2,0,11,7,4,133,73,60,77,41,36,36,22,14,8,2,6,12,8,4,899,425,474,81,38,43,441,218,223,145,40,105,153,101,52,130,82,48,79,33,46,138,68,70,140,68,72,213,112,101,365,155,210,20,10,305,142,628,570,58,5,47,1,481,12,33
53384339,0,,,645,346,299,387,264,123,27,14,13,204,49,155,51,40,11,20,5,15,78,43,35,6,3,3,42,25,17,11,7,4,19,8,11,255,120,135,157,71,86,61,30,31,14,6,8,23,13,10,1082,530,552,94,46,48,482,235,247,209,68,141,201,140,61,228,134,94,58,27,31,163,78,85,157,72,85,320,164,156,384,170,214,9,16,364,123,814,716,98,22,71,5,620,26,41
53384343,0,,,51,26,25,25,15,10,4,1,3,19,8,11,14,13,1,1,0,1,6,1,5,1,0,1,2,1,1,1,0,1,2,0,2,12,3,9,6,1,5,4,2,2,0,0,0,2,0,2,122,56,66,24,8,16,51,27,24,23,7,16,23,14,9,30,19,11,2,1,1,7,2,5,14,4,10,21,10,11,65,24,41,5,5,28,22,69,66,3,0,2,0,50,0,3
53384344,0,,,109,55,54,64,39,25,4,1,3,34,9,25,16,14,2,4,0,4,4,1,3,0,0,0,4,1,3,0,0,0,0,0,0,24,13,11,14,6,8,10,7,3,0,0,0,0,0,0,241,113,128,35,16,19,115,51,64,34,5,29,46,38,8,75,53,22,15,5,10,16,8,8,15,6,9,23,8,15,125,47,78,2,10,56,35,145,133,12,2,4,1,101,2,13
53384345,0,,,573,297,276,332,223,109,23,13,10,190,41,149,54,38,16,7,1,6,62,35,27,11,6,5,29,16,13,2,1,1,20,12,8,154,89,65,93,60,33,42,21,21,7,4,3,12,4,8,1035,509,526,120,52,68,465,220,245,185,57,128,229,158,71,168,105,63,61,32,29,147,82,65,157,76,81,231,106,125,450,210,240,7,12,364,164,701,634,67,40,46,7,532,8,45
53384346,0,,,857,486,371,505,350,155,40,27,13,237,55,182,120,94,26,55,16,39,91,50,41,16,10,6,39,22,17,6,5,1,30,13,17,283,147,136,177,91,86,57,28,29,11,3,8,38,25,13,1831,914,917,181,66,115,759,364,395,326,109,217,434,296,138,331,194,137,101,62,39,298,163,135,253,129,124,304,155,149,770,321,449,9,10,622,357,1136,1037,99,48,102,6,731,8,86
53384347,0,,,207,104,103,120,71,49,3,1,2,65,17,48,23,19,4,5,2,3,10,5,5,2,2,0,4,1,3,1,1,0,3,1,2,52,26,26,29,14,15,13,7,6,2,0,2,8,5,3,355,169,186,41,17,24,151,76,75,69,14,55,87,58,29,75,46,29,6,3,3,19,9,10,32,17,15,95,45,50,185,77,108,7,10,105,50,260,235,25,8,17,1,198,8,18
53384348,0,,,73,40,33,41,27,14,2,1,1,24,8,16,23,18,5,4,0,4,7,4,3,1,0,1,4,3,1,1,1,0,1,0,1,24,9,15,19,7,12,2,1,1,0,0,0,3,1,2,151,77,74,24,13,11,81,41,40,21,6,15,25,17,8,43,35,8,4,3,1,20,8,12,30,13,17,19,7,12,66,24,42,4,6,41,21,107,101,6,2,2,0,70,3,3
53384349,0,,,340,171,169,189,125,64,9,4,5,117,23,94,31,26,5,13,2,11,49,24,25,4,1,3,29,18,11,7,3,4,9,2,7,110,57,53,81,46,35,18,6,12,5,2,3,6,3,3,515,249,266,47,20,27,268,136,132,95,29,66,94,59,35,86,50,36,35,19,16,106,52,54,126,65,61,87,34,53,217,101,116,5,2,198,45,416,385,31,4,13,1,344,9,15
53384353,0,,,29,17,12,21,14,7,2,0,2,4,1,3,12,12,0,5,0,5,6,3,3,0,0,0,2,0,2,0,0,0,4,3,1,10,4,6,8,4,4,1,0,1,0,0,0,1,0,1,77,41,36,7,3,4,35,18,17,19,6,13,13,12,1,24,17,7,8,4,4,11,5,6,0,0,0,7,4,3,40,16,24,5,4,18,9,48,46,2,0,2,0,33,0,0
53384354,0,,,176,93,83,106,71,35,4,1,3,59,14,45,17,14,3,6,1,5,22,9,13,3,1,2,16,7,9,0,0,0,3,1,2,38,18,20,32,15,17,4,1,3,1,1,0,1,1,0,337,160,177,37,17,20,175,80,95,49,12,37,68,46,22,79,54,25,4,0,4,41,20,21,48,23,25,37,16,21,179,69,110,12,7,94,36,207,200,7,8,10,0,168,2,4
53384355,0,,,615,345,270,394,268,126,17,9,8,159,33,126,79,58,21,27,3,24,72,36,36,8,2,6,29,18,11,4,0,4,31,16,15,171,88,83,97,48,49,42,21,21,9,6,3,23,13,10,1171,585,586,126,52,74,496,245,251,210,58,152,293,202,91,193,114,79,68,32,36,198,109,89,163,88,75,198,93,105,543,243,300,9,8,423,169,794,722,72,32,77,9,531,13,41
53384356,0,,,600,347,253,390,265,125,20,14,6,152,41,111,78,62,16,37,6,31,58,29,29,13,8,5,24,10,14,4,3,1,17,8,9,142,86,56,96,60,36,26,15,11,4,1,3,16,10,6,1161,589,572,90,34,56,484,223,261,210,68,142,306,218,88,179,103,76,90,58,32,240,130,110,183,100,83,156,73,83,445,193,252,19,17,413,171,757,717,40,44,66,12,483,9,23
53384357,0,,,140,78,62,82,58,24,3,1,2,44,12,32,20,17,3,16,6,10,20,12,8,4,2,2,8,7,1,2,0,2,6,3,3,64,34,30,42,23,19,10,4,6,2,1,1,10,6,4,273,139,134,29,12,17,130,62,68,42,19,23,72,46,26,59,44,15,18,10,8,41,20,21,54,29,25,67,28,39,118,54,64,4,12,71,25,201,177,24,2,22,2,139,1,9
53384358,0,,,46,27,19,28,19,9,1,1,0,15,6,9,15,9,6,10,2,8,3,1,2,2,0,2,0,0,0,1,1,0,0,0,0,17,12,5,13,8,5,2,2,0,1,1,0,1,1,0,101,48,53,17,6,11,53,26,27,14,7,7,13,6,7,17,10,7,2,1,1,2,0,2,13,8,5,33,18,15,50,21,29,7,6,24,7,75,71,4,0,3,0,44,1,1
53384359,0,,,33,20,13,21,13,8,0,0,0,7,2,5,11,8,3,1,0,1,2,2,0,1,1,0,1,1,0,0,0,0,0,0,0,11,5,6,6,4,2,4,1,3,1,0,1,0,0,0,65,34,31,5,3,2,43,23,20,10,3,7,7,5,2,16,12,4,1,0,1,5,3,2,4,2,2,17,7,10,35,17,18,2,2,21,6,51,46,5,0,4,0,37,0,0
53384363,0,,,81,44,37,55,36,19,5,4,1,18,2,16,14,12,2,5,0,5,6,2,4,2,1,1,1,0,1,3,1,2,0,0,0,23,15,8,19,11,8,2,2,0,0,0,0,2,2,0,167,82,85,19,6,13,75,40,35,37,13,24,29,21,8,48,36,12,4,2,2,13,8,5,15,6,9,13,5,8,93,38,55,6,3,43,22,106,101,5,0,5,0,85,1,3
53384364,0,,,373,194,179,223,149,74,17,4,13,114,25,89,36,27,9,7,1,6,39,23,16,4,2,2,14,7,7,3,2,1,18,12,6,103,58,45,58,31,27,30,19,11,2,0,2,13,8,5,702,336,366,88,31,57,288,152,136,110,32,78,127,77,50,104,60,44,31,13,18,82,45,37,87,42,45,127,64,63,305,134,171,6,11,220,124,467,422,45,13,29,3,363,12,32
53384365,0,,,866,480,386,561,385,176,37,22,15,241,52,189,67,45,22,25,6,19,123,60,63,18,11,7,53,25,28,3,2,1,49,22,27,254,120,134,143,66,77,58,29,29,17,9,8,36,16,20,1411,691,720,120,44,76,556,260,296,279,78,201,387,269,118,220,134,86,108,60,48,319,156,163,305,154,151,350,164,186,406,158,248,21,21,563,185,1066,960,106,54,77,2,831,10,65
53384366,0,,,372,232,140,264,198,66,4,2,2,82,15,67,32,18,14,7,1,6,50,24,26,9,7,2,20,8,12,4,2,2,17,7,10,86,45,41,61,28,33,13,12,1,2,0,2,10,5,5,743,398,345,116,46,70,268,136,132,111,33,78,222,161,61,82,45,37,79,47,32,165,105,60,151,65,86,115,56,59,257,126,131,5,7,245,75,454,426,28,22,25,5,337,2,15
53384367,0,,,91,37,54,45,31,14,5,1,4,40,4,36,14,14,0,6,2,4,15,10,5,3,1,2,6,6,0,1,0,1,5,3,2,60,29,31,38,16,22,13,9,4,2,0,2,7,4,3,141,60,81,13,3,10,67,30,37,22,3,19,36,22,14,36,24,12,13,5,8,26,11,15,48,20,28,39,15,24,48,20,28,2,11,47,10,135,111,24,1,21,3,94,5,8
53384368,0,,,41,28,13,31,24,7,0,0,0,8,2,6,22,22,0,16,0,16,5,4,1,0,0,0,3,3,0,1,0,1,1,1,0,15,11,4,10,7,3,5,4,1,0,0,0,0,0,0,109,60,49,13,5,8,54,32,22,22,9,13,18,13,5,16,15,1,7,4,3,13,5,8,11,7,4,31,17,14,49,26,23,9,12,19,8,84,79,5,0,3,0,43,0,3
53384369,0,,,4,2,2,3,2,1,0,0,0,1,0,1,3,3,0,2,1,1,0,0,0,0,0,0,0,0,0,0,0,0,0,0,0,0,0,0,0,0,0,0,0,0,0,0,0,0,0,0,16,9,7,4,2,2,8,3,5,1,1,0,3,3,0,9,7,2,0,0,0,0,0,0,0,0,0,0,0,0,7,2,5,2,1,3,4,9,9,0,0,0,0,4,0,0
53384372,0,,,88,53,35,54,36,18,6,2,4,16,4,12,10,7,3,2,0,2,1,0,1,0,0,0,1,0,1,0,0,0,0,0,0,27,7,20,16,4,12,6,1,5,0,0,0,5,2,3,158,78,80,25,13,12,71,32,39,31,10,21,28,21,7,35,25,10,4,0,4,20,5,15,15,8,7,16,7,9,93,38,55,3,3,44,11,112,100,12,5,12,1,86,0,7
53384373,0,,,143,86,57,89,63,26,4,2,2,45,16,29,27,23,4,12,3,9,7,5,2,0,0,0,4,3,1,0,0,0,3,2,1,41,24,17,23,15,8,11,5,6,2,2,0,5,2,3,322,177,145,43,25,18,162,82,80,46,20,26,61,44,17,101,81,20,1,1,0,12,4,8,12,8,4,57,29,28,176,76,100,9,11,81,49,200,182,18,0,12,3,152,2,11
53384374,0,,,259,133,126,152,96,56,11,6,5,84,20,64,28,25,3,10,2,8,18,7,11,2,0,2,8,4,4,2,1,1,6,2,4,64,28,36,38,17,21,16,5,11,1,0,1,9,6,3,498,242,256,53,20,33,229,114,115,86,25,61,95,63,32,99,62,37,22,10,12,45,23,22,45,22,23,103,42,61,225,95,130,7,11,154,72,327,299,28,7,25,5,257,7,16
53384375,0,,,505,278,227,335,224,111,8,1,7,134,31,103,58,44,14,18,5,13,53,23,30,13,7,6,20,8,12,2,1,1,18,7,11,177,97,80,95,55,40,43,25,18,7,0,7,32,17,15,891,439,452,72,32,40,316,155,161,191,53,138,277,176,101,193,115,78,31,17,14,125,69,56,108,58,50,236,114,122,389,160,229,17,16,284,93,659,584,75,25,58,7,496,6,39
53384376,0,,,114,63,51,75,47,28,2,1,1,33,11,22,6,6,0,6,1,5,4,0,4,2,0,2,1,0,1,0,0,0,1,0,1,36,14,22,21,7,14,6,4,2,5,1,4,4,2,2,197,99,98,26,10,16,83,45,38,40,11,29,36,27,9,41,25,16,13,5,8,28,15,13,16,8,8,48,24,24,78,29,49,3,2,67,26,141,126,15,16,10,1,105,2,5
53384377,0,,,55,27,28,25,16,9,2,1,1,25,7,18,16,11,5,5,1,4,2,1,1,1,0,1,0,0,0,0,0,0,1,1,0,16,10,6,8,5,3,2,1,1,0,0,0,6,4,2,114,52,62,13,5,8,62,29,33,16,5,11,21,13,8,29,18,11,4,2,2,7,4,3,17,11,6,29,13,16,44,15,29,3,6,28,11,83,76,7,1,1,0,66,2,0
53384378,0,,,123,66,57,77,49,28,1,1,0,39,12,27,40,38,2,31,7,24,4,3,1,0,0,0,2,1,1,0,0,0,2,2,0,35,15,20,18,6,12,11,7,4,4,1,3,2,1,1,280,140,140,31,10,21,132,63,69,49,20,29,62,44,18,100,64,36,2,2,0,24,10,14,9,7,2,60,26,34,118,46,72,21,18,52,24,212,194,18,3,17,6,115,4,9
53384379,1,,53384389,9,3,6,3,2,1,0,0,0,5,1,4,14,11,3,9,2,7,0,0,0,0,0,0,0,0,0,0,0,0,0,0,0,4,1,3,2,1,1,1,0,1,1,0,1,0,0,0,45,20,25,15,6,9,22,11,11,7,2,5,1,1,0,19,11,8,0,0,0,3,1,2,1,1,0,3,1,2,23,7,16,8,5,3,3,35,32,3,0,2,0,13,1,1
53384382,0,,,108,53,55,70,45,25,3,1,2,35,7,28,6,5,1,1,0,1,7,5,2,1,1,0,2,1,1,1,1,0,3,2,1,19,6,13,10,5,5,5,1,4,2,0,2,2,0,2,187,86,101,20,9,11,85,44,41,46,12,34,28,16,12,31,16,15,9,5,4,21,8,13,13,4,9,27,15,12,103,44,59,3,3,58,28,124,116,8,1,7,0,116,0,1
53384383,0,,,18,9,9,11,8,3,0,0,0,7,1,6,0,0,0,0,0,0,1,1,0,1,1,0,0,0,0,0,0,0,0,0,0,5,2,3,1,1,0,1,0,1,0,0,0,3,1,2,28,15,13,5,4,1,15,8,7,5,0,5,3,3,0,9,7,2,0,0,0,4,1,3,2,1,1,6,2,4,13,7,6,0,0,8,2,20,18,2,1,1,0,17,0,0
53384384,0,,,81,43,38,56,34,22,2,1,1,18,5,13,29,25,4,14,1,13,8,6,2,3,3,0,3,2,1,0,0,0,2,1,1,21,12,9,13,10,3,4,2,2,1,0,1,3,0,3,202,99,103,21,12,9,82,39,43,42,11,31,53,34,19,56,32,24,6,2,4,22,14,8,14,7,7,30,20,10,99,39,60,14,9,44,26,132,124,8,2,11,0,84,0,2
53384385,0,,,301,162,139,199,128,71,9,5,4,74,12,62,38,30,8,18,4,14,44,25,19,8,4,4,26,15,11,4,2,2,6,4,2,130,69,61,72,29,43,30,18,12,4,1,3,24,21,3,511,248,263,36,14,22,209,108,101,111,29,82,139,87,52,120,65,55,29,18,11,106,55,51,100,49,51,135,70,65,178,74,104,11,13,173,41,413,358,55,6,30,2,313,11,29
53384386,0,,,36,18,18,23,13,10,1,1,0,10,3,7,17,13,4,6,1,5,1,1,0,1,1,0,0,0,0,0,0,0,0,0,0,7,3,4,3,1,2,2,1,1,2,1,1,0,0,0,91,46,45,18,10,8,41,20,21,16,6,10,15,9,6,25,18,7,3,1,2,4,2,2,5,3,2,11,6,5,50,19,31,7,5,18,10,65,61,4,1,3,0,43,0,0
53384387,0,,,54,36,18,29,25,4,2,0,2,20,9,11,24,18,6,11,1,10,4,2,2,1,1,0,1,1,0,0,0,0,2,0,2,12,4,8,5,0,5,3,0,3,1,1,0,3,3,0,135,67,68,20,5,15,65,34,31,17,6,11,29,19,10,45,32,13,3,1,2,7,3,4,17,8,9,11,5,6,64,21,43,14,8,24,15,95,90,5,0,3,0,57,0,0
53384388,0,,,135,71,64,78,50,28,3,1,2,41,11,30,49,40,9,23,3,20,9,3,6,3,1,2,2,0,2,2,1,1,2,1,1,44,23,21,30,15,15,5,3,2,3,0,3,6,5,1,349,171,178,46,17,29,167,82,85,59,17,42,74,52,22,85,54,31,12,8,4,29,18,11,36,15,21,67,33,34,170,66,104,19,16,81,51,222,209,13,4,10,5,141,1,5
53384389,2,53384379,,*,*,*,*,*,*,*,*,*,*,*,*,*,*,*,*,*,*,*,*,*,*,*,*,*,*,*,*,*,*,*,*,*,*,*,*,*,*,*,*,*,*,*,*,*,*,*,*,*,*,*,*,*,*,*,*,*,*,*,*,*,*,*,*,*,*,*,*,*,*,*,*,*,*,*,*,*,*,*,*,*,*,*,*,*,*,*,*,*,*,*,*,*,*
53384392,0,,,53,30,23,31,22,9,1,0,1,17,6,11,8,6,2,0,0,0,1,0,1,0,0,0,1,0,1,0,0,0,0,0,0,11,4,7,8,3,5,2,1,1,1,0,1,0,0,0,106,53,53,21,10,11,58,28,30,11,2,9,16,13,3,25,17,8,4,3,1,3,1,2,10,5,5,19,10,9,57,21,36,3,2,33,12,65,61,4,5,3,1,46,3,1
53384393,0,,,130,74,56,72,50,22,10,3,7,42,15,27,23,19,4,7,0,7,7,3,4,0,0,0,3,2,1,4,1,3,0,0,0,20,12,8,10,6,4,8,4,4,1,1,0,1,1,0,250,126,124,42,23,19,114,49,65,31,11,20,58,41,17,56,38,18,7,2,5,17,9,8,22,10,12,54,27,27,116,53,63,11,10,64,35,171,160,11,0,20,0,128,2,1
53384394,0,,,153,84,69,99,64,35,7,3,4,41,13,28,21,18,3,6,2,4,10,7,3,1,0,1,5,4,1,0,0,0,4,3,1,51,20,31,30,15,15,9,1,8,1,0,1,11,4,7,324,158,166,46,26,20,150,67,83,49,13,36,71,50,21,76,51,25,15,8,7,30,12,18,31,14,17,67,30,37,158,68,90,5,7,102,44,203,183,20,4,15,3,157,3,8
53384395,0,,,249,136,113,124,91,33,14,9,5,95,22,73,39,35,4,18,4,14,18,13,5,3,3,0,8,6,2,1,0,1,6,4,2,75,41,34,36,21,15,22,11,11,0,0,0,17,9,8,507,248,259,67,29,38,240,124,116,99,25,74,100,69,31,129,92,37,26,18,8,51,27,24,50,25,25,102,44,58,242,96,146,13,13,145,70,344,306,38,9,18,4,246,6,22
53384396,0,,,61,33,28,33,25,8,3,1,2,23,6,17,13,12,1,6,1,5,1,0,1,0,0,0,0,0,0,0,0,0,1,0,1,8,4,4,4,3,1,2,1,1,1,0,1,1,0,1,117,62,55,16,10,6,58,26,32,15,5,10,24,19,5,25,17,8,1,0,1,6,4,2,5,3,2,12,7,5,77,35,42,8,3,27,10,83,80,3,0,2,0,60,2,0
53384397,0,,,4,2,2,2,1,1,0,0,0,1,0,1,5,4,1,2,1,1,0,0,0,0,0,0,0,0,0,0,0,0,0,0,0,1,1,0,1,1,0,0,0,0,0,0,0,0,0,0,18,8,10,2,1,1,10,5,5,6,2,4,0,0,0,8,6,2,0,0,0,2,2,0,0,0,0,1,1,0,8,0,8,4,2,1,5,11,11,0,0,0,0,4,0,0
53384398,0,,,17,9,8,6,3,3,1,1,0,5,1,4,5,5,0,1,0,1,1,1,0,0,0,0,0,0,0,0,0,0,1,1,0,4,3,1,1,1,0,2,2,0,1,0,1,0,0,0,50,24,26,15,6,9,12,6,6,10,4,6,13,8,5,16,13,3,0,0,0,0,0,0,12,7,5,4,2,2,23,6,17,4,2,8,11,25,23,2,0,2,0,20,0,0
53384399,0,,,55,31,24,43,25,18,0,0,0,8,3,5,6,6,0,1,0,1,1,1,0,0,0,0,1,1,0,0,0,0,0,0,0,9,5,4,8,4,4,0,0,0,0,0,0,1,1,0,109,54,55,21,8,13,51,28,23,23,8,15,14,10,4,40,28,12,1,0,1,0,0,0,10,4,6,13,9,4,55,19,36,2,3,26,12,63,62,1,0,2,1,57,0,0
53384400,0,,,474,251,223,272,182,90,18,8,10,156,40,116,62,50,12,14,1,13,94,52,42,3,2,1,30,13,17,11,7,4,50,30,20,123,54,69,76,28,48,27,17,10,9,5,4,11,4,7,991,461,530,122,50,72,450,208,242,186,50,136,204,139,65,106,59,47,89,42,47,221,107,114,140,61,79,204,96,108,440,198,242,7,8,308,172,596,552,44,10,34,6,443,13,44
53384401,0,,,2080,1180,900,1341,905,436,106,69,37,540,131,409,182,137,45,26,5,21,271,134,137,23,16,7,103,45,58,44,26,18,101,47,54,487,257,230,296,160,136,111,61,50,20,9,11,60,27,33,3491,1745,1746,283,136,147,1514,729,785,600,170,430,982,663,319,404,217,187,296,165,131,793,417,376,614,313,301,619,301,318,1386,658,728,17,15,1411,640,2470,2297,173,76,329,27,1690,72,214
53384402,0,,,2684,1469,1215,1772,1163,609,90,52,38,691,150,541,218,163,55,50,12,38,398,206,192,40,27,13,134,68,66,78,40,38,146,71,75,817,398,419,505,252,253,184,99,85,32,7,25,96,40,56,4510,2219,2291,377,189,188,1753,859,894,831,216,615,1177,775,402,546,291,255,392,201,191,1153,584,569,833,406,427,1126,556,570,1375,636,739,13,15,1773,693,3268,2981,287,69,197,57,2310,102,412
53384403,0,,,1735,920,815,1091,724,367,31,9,22,497,103,394,142,100,42,42,7,35,238,124,114,30,16,14,63,29,34,66,37,29,79,42,37,758,424,334,338,168,170,257,206,51,18,7,11,145,43,102,2992,1381,1611,194,87,107,996,447,549,533,128,405,894,561,333,342,179,163,342,187,155,877,444,433,628,294,334,661,328,333,915,390,525,10,8,1197,512,2302,1949,353,323,57,77,1292,78,355
53384404,0,,,1440,781,659,895,579,316,37,20,17,412,108,304,165,108,57,36,5,31,123,64,59,23,12,11,35,16,19,25,15,10,40,21,19,475,220,255,203,100,103,79,45,34,32,10,22,161,65,96,2950,1378,1572,231,83,148,971,420,551,471,113,358,860,549,311,314,183,131,239,119,120,603,292,311,372,174,198,588,273,315,1207,493,714,7,5,1109,795,1853,1686,167,248,68,52,871,69,401
53384405,0,,,2588,1449,1139,1574,1023,551,62,36,26,680,198,482,323,229,94,97,18,79,235,112,123,55,24,31,52,30,22,39,15,24,89,43,46,884,517,367,370,196,174,136,71,65,35,10,25,343,240,103,5241,2471,2770,269,95,174,1500,639,861,781,159,622,1908,1206,702,651,409,242,665,374,291,1237,698,539,671,317,354,993,440,553,1805,686,1119,9,8,2069,1315,3446,3050,396,778,263,84,1313,98,535
53384406,0,,,461,255,206,273,167,106,17,9,8,113,38,75,52,31,21,8,1,7,45,20,25,10,6,4,15,6,9,5,2,3,15,6,9,142,76,66,80,39,41,26,14,12,4,1,3,32,22,10,962,441,521,103,38,65,300,132,168,142,26,116,294,187,107,118,73,45,45,26,19,190,86,104,88,43,45,267,125,142,382,154,228,3,4,322,202,580,526,54,59,25,7,326,24,89
53384407,1,,53384408;53384418,286,159,127,169,116,53,16,8,8,86,24,62,48,35,13,18,1,17,30,14,16,5,1,4,13,8,5,6,2,4,6,3,3,85,50,35,59,31,28,15,10,5,0,0,0,11,9,2,554,281,273,42,20,22,217,107,110,85,21,64,134,92,42,106,65,41,19,10,9,72,36,36,86,47,39,128,68,60,227,103,124,11,8,180,85,381,362,19,8,12,2,240,14,41
53384408,2,53384407,,*,*,*,*,*,*,*,*,*,*,*,*,*,*,*,*,*,*,*,*,*,*,*,*,*,*,*,*,*,*,*,*,*,*,*,*,*,*,*,*,*,*,*,*,*,*,*,*,*,*,*,*,*,*,*,*,*,*,*,*,*,*,*,*,*,*,*,*,*,*,*,*,*,*,*,*,*,*,*,*,*,*,*,*,*,*,*,*,*,*,*,*,*,*
53384409,2,53384417,,*,*,*,*,*,*,*,*,*,*,*,*,*,*,*,*,*,*,*,*,*,*,*,*,*,*,*,*,*,*,*,*,*,*,*,*,*,*,*,*,*,*,*,*,*,*,*,*,*,*,*,*,*,*,*,*,*,*,*,*,*,*,*,*,*,*,*,*,*,*,*,*,*,*,*,*,*,*,*,*,*,*,*,*,*,*,*,*,*,*,*,*,*,*
53384410,0,,,1012,549,463,714,472,242,25,12,13,220,29,191,52,37,15,19,6,13,222,101,121,17,9,8,97,50,47,39,11,28,69,31,38,448,237,211,313,167,146,84,44,40,14,5,9,37,21,16,1771,806,965,111,47,64,580,277,303,326,81,245,439,295,144,227,123,104,276,128,148,494,205,289,369,176,193,706,336,370,230,111,119,2,7,632,172,1218,1086,132,34,83,20,939,22,93
53384411,0,,,2010,1064,946,1215,781,434,54,26,28,618,166,452,172,129,43,42,6,36,232,107,125,27,16,11,91,38,53,33,12,21,81,41,40,610,326,284,411,224,187,119,65,54,17,6,11,63,31,32,3784,1790,1994,298,128,170,1679,792,887,666,148,518,986,655,331,411,221,190,173,83,90,615,307,308,556,264,292,749,360,389,1937,900,1037,15,20,1287,623,2435,2233,202,78,142,27,1829,67,189
53384412,0,,,1994,1067,927,1246,837,409,55,25,30,583,129,454,207,155,52,47,7,40,258,132,126,32,10,22,96,49,47,46,23,23,84,50,34,597,284,313,372,169,203,151,77,74,24,11,13,50,27,23,3578,1705,1873,346,156,190,1468,696,772,646,175,471,905,586,319,494,279,215,230,113,117,723,354,369,602,283,319,871,408,463,1329,599,730,15,21,1298,613,2469,2263,206,81,107,51,1733,74,278
53384413,0,,,1880,1001,879,1100,717,383,48,23,25,579,150,429,218,143,75,64,9,55,218,101,117,22,12,10,55,23,32,70,34,36,71,32,39,647,284,363,398,179,219,132,64,68,25,4,21,92,37,55,3952,1743,2209,366,131,235,1325,561,764,689,173,516,983,633,350,433,227,206,311,132,179,774,347,427,667,304,363,801,349,452,1540,633,907,6,9,1337,786,2436,2214,222,110,66,73,1463,90,384
53384414,0,,,1566,837,729,880,582,298,35,16,19,496,127,369,188,128,60,43,11,32,163,86,77,31,12,19,51,28,23,34,20,14,47,26,21,623,331,292,350,177,173,123,60,63,18,4,14,132,90,42,3478,1572,1906,269,101,168,1053,421,632,540,117,423,1006,656,350,319,188,131,265,131,134,725,347,378,545,263,282,637,286,351,1408,596,812,7,4,1166,862,2049,1846,203,184,67,86,1080,80,372
53384415,0,,,1977,1131,846,1065,721,344,47,23,24,753,309,444,184,134,50,48,4,44,297,154,143,39,27,12,52,24,28,19,8,11,187,95,92,1215,735,480,344,177,167,119,63,56,23,12,11,728,482,246,3669,1758,1911,289,121,168,1146,486,660,554,127,427,1215,796,419,368,216,152,552,312,240,1113,658,455,623,317,306,672,324,348,1600,679,921,7,12,1561,1428,2760,2270,490,576,155,133,1043,156,552
53384416,0,,,1329,789,540,619,426,193,29,15,14,592,284,308,114,77,37,26,3,23,111,52,59,24,11,13,37,15,22,9,7,2,41,19,22,877,588,289,181,89,92,73,37,36,7,2,5,616,460,156,2151,1060,1091,125,58,67,683,313,370,332,75,257,709,448,261,193,110,83,238,160,78,732,459,273,314,161,153,420,205,215,1018,468,550,19,6,949,861,1870,1500,370,262,77,56,772,142,448
53384417,1,,53384409,12,6,6,6,4,2,0,0,0,6,2,4,6,3,3,1,0,1,3,0,3,2,0,2,0,0,0,1,0,1,0,0,0,6,4,2,4,3,1,1,0,1,0,0,0,1,1,0,34,19,15,7,5,2,4,2,2,4,0,4,11,8,3,3,1,2,0,0,0,6,4,2,6,3,3,8,4,4,19,10,9,1,0,10,9,20,19,1,2,1,0,11,1,1
53384418,2,53384407,,*,*,*,*,*,*,*,*,*,*,*,*,*,*,*,*,*,*,*,*,*,*,*,*,*,*,*,*,*,*,*,*,*,*,*,*,*,*,*,*,*,*,*,*,*,*,*,*,*,*,*,*,*,*,*,*,*,*,*,*,*,*,*,*,*,*,*,*,*,*,*,*,*,*,*,*,*,*,*,*,*,*,*,*,*,*,*,*,*,*,*,*,*,*
53384420,0,,,981,548,433,667,456,211,24,9,15,246,52,194,101,79,22,25,3,22,143,71,72,15,5,10,56,33,23,22,9,13,50,24,26,301,153,148,194,98,96,75,39,36,8,3,5,24,13,11,1632,806,826,134,62,72,716,357,359,325,95,230,381,259,122,257,158,99,127,64,63,382,182,200,266,134,132,428,204,224,547,255,292,12,15,630,195,1209,1111,98,45,61,14,902,21,89
53384421,0,,,1235,670,565,780,526,254,27,15,12,369,82,287,136,104,32,37,8,29,161,87,74,24,11,13,65,36,29,25,14,11,47,26,21,376,200,176,269,141,128,76,38,38,4,2,2,27,19,8,2247,1098,1149,238,104,134,1041,504,537,398,109,289,523,358,165,305,181,124,119,58,61,422,213,209,476,238,238,438,212,226,967,450,517,16,17,795,372,1532,1420,112,40,42,22,1169,37,117
53384422,0,,,1482,765,717,903,555,348,42,20,22,447,119,328,176,140,36,40,4,36,214,99,115,18,9,9,54,26,28,42,19,23,100,45,55,381,182,199,223,96,127,97,49,48,11,5,6,50,32,18,2858,1352,1506,328,134,194,1218,596,622,469,122,347,617,394,223,395,229,166,165,84,81,546,268,278,368,170,198,542,250,292,1284,563,721,13,21,948,503,1869,1720,149,55,57,50,1337,75,159
53384423,0,,,1904,986,918,1103,712,391,64,35,29,619,158,461,220,165,55,55,9,46,220,108,112,14,8,6,58,26,32,71,33,38,77,41,36,612,325,287,367,191,176,149,82,67,15,7,8,81,45,36,4091,1858,2233,378,153,225,1519,672,847,651,150,501,932,618,314,385,222,163,185,86,99,673,324,349,605,277,328,782,370,412,2023,886,1137,12,14,1299,793,2448,2240,208,71,71,76,1656,97,281
53384424,0,,,264,156,108,163,116,47,3,2,1,86,28,58,17,9,8,7,3,4,32,17,15,5,3,2,9,4,5,3,0,3,15,10,5,114,63,51,64,35,29,17,7,10,4,4,0,28,16,12,704,308,396,115,32,83,202,93,109,116,30,86,177,113,64,37,21,16,69,34,35,224,92,132,141,59,82,87,38,49,245,122,123,1,2,175,95,323,295,28,14,13,6,192,16,61
53384425,0,,,1469,834,635,824,546,278,34,14,20,531,213,318,169,118,51,43,6,37,165,76,89,18,9,9,50,22,28,22,7,15,75,38,37,749,447,302,300,160,140,97,43,54,23,4,19,329,240,89,2789,1363,1426,145,75,70,910,433,477,468,98,370,865,561,304,335,188,147,211,117,94,549,322,227,438,247,191,621,305,316,1272,559,713,8,10,1024,772,1996,1719,277,124,78,107,1116,154,351
53384426,0,,,424,220,204,221,146,75,4,3,1,155,39,116,47,33,14,8,0,8,41,21,20,8,4,4,17,8,9,7,4,3,9,5,4,213,125,88,101,53,48,26,13,13,9,4,5,77,55,22,814,371,443,35,15,20,289,131,158,137,20,117,272,174,98,147,82,65,50,26,24,165,90,75,89,47,42,216,110,106,386,155,231,5,1,294,178,561,483,78,33,27,28,337,51,54
53384430,0,,,566,294,272,336,233,103,16,8,8,188,29,159,49,34,15,13,4,9,107,62,45,17,11,6,51,32,19,16,6,10,23,13,10,244,125,119,181,92,89,39,21,18,4,2,2,20,10,10,938,453,485,67,31,36,440,222,218,201,44,157,216,149,67,148,94,54,56,32,24,193,96,97,211,102,109,215,96,119,436,207,229,3,15,317,129,684,629,55,7,38,5,550,20,25
53384431,0,,,612,314,298,380,242,138,23,11,12,176,39,137,80,57,23,16,5,11,70,30,40,8,1,7,27,10,17,7,2,5,28,17,11,138,68,70,89,42,47,35,20,15,6,0,6,8,6,2,1318,614,704,127,65,62,616,290,326,214,46,168,267,180,87,163,92,71,80,37,43,235,94,141,160,78,82,204,98,106,648,295,353,13,12,406,201,759,709,50,16,21,9,597,20,48
53384432,0,,,1232,648,584,690,443,247,42,21,21,403,110,293,138,107,31,34,6,28,85,51,34,6,2,4,20,15,5,29,17,12,30,17,13,333,187,146,187,105,82,91,57,34,19,4,15,36,21,15,2519,1178,1341,208,95,113,999,447,552,426,103,323,562,389,173,235,138,97,83,41,42,306,148,158,313,141,172,579,284,295,1245,575,670,7,13,778,379,1557,1425,132,39,39,37,1113,67,118
53384433,0,,,599,326,273,347,231,116,8,3,5,199,57,142,54,43,11,15,3,12,64,28,36,5,4,1,18,9,9,18,10,8,23,5,18,159,77,82,105,54,51,30,14,16,1,0,1,23,9,14,1216,563,653,103,53,50,452,198,254,198,55,143,264,175,89,119,65,54,49,24,25,230,100,130,170,81,89,214,96,118,583,267,316,1,4,388,175,739,693,46,23,13,20,534,39,51
53384434,0,,,16,13,3,9,8,1,1,0,1,6,5,1,2,2,0,0,0,0,0,0,0,0,0,0,0,0,0,0,0,0,0,0,0,4,3,1,1,0,1,0,0,0,0,0,0,3,3,0,102,37,65,10,6,4,16,11,5,5,3,2,5,3,2,1,0,1,23,6,17,51,16,35,19,10,9,10,6,4,0,0,0,0,0,11,7,19,19,0,0,1,1,12,1,5
53384435,0,,,92,47,45,43,31,12,2,2,0,36,5,31,17,12,5,6,2,4,6,5,1,2,2,0,1,0,1,1,1,0,2,2,0,37,21,16,26,14,12,4,3,1,2,0,2,5,4,1,343,139,204,71,16,55,150,66,84,31,9,22,39,23,16,72,55,17,24,7,17,75,19,56,38,13,25,30,9,21,119,44,75,3,1,58,51,127,117,10,5,0,0,92,7,5
53384436,0,,,87,43,44,45,25,20,4,3,1,28,8,20,16,13,3,7,1,6,3,2,1,1,0,1,1,1,0,0,0,0,1,1,0,24,16,8,18,13,5,3,2,1,0,0,0,3,1,2,221,98,123,20,9,11,89,37,52,42,12,30,39,28,11,65,47,18,0,0,0,7,5,2,13,6,7,38,19,19,118,36,82,0,3,57,37,120,113,7,5,3,2,80,13,5
53384437,0,,,23,13,10,13,12,1,0,0,0,8,1,7,2,2,0,1,0,1,0,0,0,0,0,0,0,0,0,0,0,0,0,0,0,5,1,4,1,0,1,1,0,1,0,0,0,3,1,2,48,24,24,6,1,5,25,12,13,8,3,5,7,6,1,14,8,6,2,2,0,1,0,1,2,1,1,6,3,3,28,11,17,2,0,13,11,27,26,1,0,2,1,20,1,2
53384440,0,,,10,6,4,9,6,3,0,0,0,1,0,1,0,0,0,0,0,0,6,1,5,1,0,1,3,0,3,0,0,0,2,1,1,2,2,0,0,0,0,1,1,0,0,0,0,1,1,0,15,8,7,0,0,0,3,3,0,7,2,5,5,3,2,6,2,4,2,1,1,8,4,4,4,2,2,0,0,0,3,2,1,0,0,6,4,12,10,2,0,0,0,10,1,0
53384441,0,,,6,3,3,5,2,3,0,0,0,0,0,0,5,5,0,1,0,1,6,2,4,0,0,0,0,0,0,0,0,0,6,2,4,5,2,3,3,2,1,0,0,0,1,0,1,1,0,1,59,37,22,13,7,6,38,26,12,4,1,3,2,2,0,3,1,2,0,0,0,8,5,3,7,6,1,11,7,4,36,20,16,0,1,4,2,14,12,2,5,1,0,6,0,1
53384443,2,53384444,,*,*,*,*,*,*,*,*,*,*,*,*,*,*,*,*,*,*,*,*,*,*,*,*,*,*,*,*,*,*,*,*,*,*,*,*,*,*,*,*,*,*,*,*,*,*,*,*,*,*,*,*,*,*,*,*,*,*,*,*,*,*,*,*,*,*,*,*,*,*,*,*,*,*,*,*,*,*,*,*,*,*,*,*,*,*,*,*,*,*,*,*,*,*
53384444,1,,53384443,65,34,31,32,23,9,3,2,1,29,8,21,17,14,3,3,1,2,2,1,1,0,0,0,0,0,0,2,1,1,0,0,0,8,3,5,0,0,0,6,2,4,1,1,0,1,0,1,154,78,76,11,4,7,78,42,36,22,5,17,23,19,4,36,23,13,1,1,0,10,7,3,2,0,2,19,9,10,92,39,53,3,4,43,23,98,90,8,0,3,1,64,1,4
53384445,0,,,9,4,5,5,3,2,0,0,0,4,1,3,1,1,0,0,0,0,0,0,0,0,0,0,0,0,0,0,0,0,0,0,0,1,0,1,1,0,1,0,0,0,0,0,0,0,0,0,21,9,12,4,2,2,4,2,2,3,0,3,2,2,0,2,2,0,2,0,2,2,1,1,0,0,0,2,1,1,14,5,9,0,1,4,4,10,10,0,0,0,0,7,0,0
53384447,0,,,21,11,10,15,9,6,1,0,1,4,1,3,6,3,3,1,0,1,2,1,1,0,0,0,0,0,0,2,1,1,0,0,0,3,3,0,0,0,0,2,2,0,0,0,0,1,1,0,77,36,41,15,8,7,37,18,19,11,3,8,10,7,3,24,15,9,6,4,2,12,6,6,2,1,1,5,4,1,33,10,23,0,1,12,16,31,28,3,4,0,0,17,1,2
53384451,1,,53384461,30,19,11,18,16,2,0,0,0,10,1,9,3,2,1,0,0,0,2,2,0,0,0,0,2,2,0,0,0,0,0,0,0,7,6,1,1,1,0,3,3,0,1,1,0,2,1,1,66,33,33,9,4,5,39,18,21,10,3,7,8,8,0,27,23,4,0,0,0,0,0,0,4,2,2,15,8,7,29,8,21,2,1,16,14,37,33,4,0,1,0,30,4,0
53384452,0,,,78,44,34,45,28,17,2,2,0,24,8,16,16,13,3,10,2,8,6,3,3,1,1,0,1,1,0,2,1,1,2,0,2,10,4,6,8,3,5,1,1,0,1,0,1,0,0,0,172,85,87,22,12,10,88,44,44,20,5,15,20,13,7,50,36,14,2,1,1,10,4,6,3,2,1,20,10,10,87,31,56,3,7,39,23,110,108,2,3,0,0,74,1,2
53384453,0,,,101,54,47,60,37,23,2,1,1,31,9,22,20,16,4,4,2,2,5,4,1,0,0,0,3,3,0,0,0,0,2,1,1,28,12,16,10,3,7,8,5,3,2,2,0,8,2,6,213,104,109,27,13,14,91,49,42,36,7,29,33,23,10,70,45,25,1,1,0,10,5,5,19,9,10,37,18,19,106,41,65,1,2,65,33,146,131,15,2,8,5,102,4,6
53384454,0,,,5,4,1,5,4,1,0,0,0,0,0,0,1,1,0,0,0,0,18,9,9,0,0,0,0,0,0,0,0,0,18,9,9,0,0,0,0,0,0,0,0,0,0,0,0,0,0,0,82,43,39,29,15,14,42,23,19,2,0,2,3,2,1,6,5,1,7,3,4,12,6,6,10,6,4,30,19,11,34,13,21,1,0,4,4,6,6,0,0,2,0,2,2,0
53384455,1,,53384456,64,32,32,29,17,12,4,3,1,28,9,19,21,17,4,5,0,5,0,0,0,0,0,0,0,0,0,0,0,0,0,0,0,23,11,12,11,4,7,8,6,2,1,0,1,3,1,2,184,89,95,30,13,17,89,45,44,12,3,9,17,10,7,46,33,13,1,1,0,6,4,2,20,11,9,27,13,14,103,37,66,9,4,41,36,106,91,15,1,2,4,69,4,3
53384456,2,53384455,,*,*,*,*,*,*,*,*,*,*,*,*,*,*,*,*,*,*,*,*,*,*,*,*,*,*,*,*,*,*,*,*,*,*,*,*,*,*,*,*,*,*,*,*,*,*,*,*,*,*,*,*,*,*,*,*,*,*,*,*,*,*,*,*,*,*,*,*,*,*,*,*,*,*,*,*,*,*,*,*,*,*,*,*,*,*,*,*,*,*,*,*,*,*
53384457,2,53384478,,*,*,*,*,*,*,*,*,*,*,*,*,*,*,*,*,*,*,*,*,*,*,*,*,*,*,*,*,*,*,*,*,*,*,*,*,*,*,*,*,*,*,*,*,*,*,*,*,*,*,*,*,*,*,*,*,*,*,*,*,*,*,*,*,*,*,*,*,*,*,*,*,*,*,*,*,*,*,*,*,*,*,*,*,*,*,*,*,*,*,*,*,*,*
53384458,2,53384478,,*,*,*,*,*,*,*,*,*,*,*,*,*,*,*,*,*,*,*,*,*,*,*,*,*,*,*,*,*,*,*,*,*,*,*,*,*,*,*,*,*,*,*,*,*,*,*,*,*,*,*,*,*,*,*,*,*,*,*,*,*,*,*,*,*,*,*,*,*,*,*,*,*,*,*,*,*,*,*,*,*,*,*,*,*,*,*,*,*,*,*,*,*,*
53384461,2,53384451,,*,*,*,*,*,*,*,*,*,*,*,*,*,*,*,*,*,*,*,*,*,*,*,*,*,*,*,*,*,*,*,*,*,*,*,*,*,*,*,*,*,*,*,*,*,*,*,*,*,*,*,*,*,*,*,*,*,*,*,*,*,*,*,*,*,*,*,*,*,*,*,*,*,*,*,*,*,*,*,*,*,*,*,*,*,*,*,*,*,*,*,*,*,*
53384462,0,,,35,17,18,13,7,6,0,0,0,19,8,11,10,9,1,4,0,4,0,0,0,0,0,0,0,0,0,0,0,0,0,0,0,3,3,0,0,0,0,1,1,0,0,0,0,2,2,0,79,37,42,18,7,11,39,19,20,12,3,9,10,8,2,28,23,5,0,0,0,0,0,0,1,0,1,6,2,4,47,15,32,6,3,18,6,51,49,2,0,1,0,39,2,0
53384463,1,,53384464;53384473;53384484,63,33,30,35,22,13,2,0,2,23,9,14,13,12,1,7,1,6,3,2,1,0,0,0,2,2,0,0,0,0,1,0,1,10,3,7,5,2,3,2,0,2,0,0,0,3,1,2,135,66,69,17,11,6,72,34,38,17,3,14,18,11,7,36,25,11,0,0,0,6,3,3,12,5,7,27,14,13,61,20,41,4,1,45,25,88,83,5,4,2,0,66,1,1
53384464,2,53384463,,*,*,*,*,*,*,*,*,*,*,*,*,*,*,*,*,*,*,*,*,*,*,*,*,*,*,*,*,*,*,*,*,*,*,*,*,*,*,*,*,*,*,*,*,*,*,*,*,*,*,*,*,*,*,*,*,*,*,*,*,*,*,*,*,*,*,*,*,*,*,*,*,*,*,*,*,*,*,*,*,*,*,*,*,*,*,*,*,*,*,*,*,*,*
53384468,2,53384478,,*,*,*,*,*,*,*,*,*,*,*,*,*,*,*,*,*,*,*,*,*,*,*,*,*,*,*,*,*,*,*,*,*,*,*,*,*,*,*,*,*,*,*,*,*,*,*,*,*,*,*,*,*,*,*,*,*,*,*,*,*,*,*,*,*,*,*,*,*,*,*,*,*,*,*,*,*,*,*,*,*,*,*,*,*,*,*,*,*,*,*,*,*,*
53384472,0,,,23,14,9,10,10,0,0,0,0,12,3,9,14,13,1,5,2,3,6,3,3,0,0,0,5,3,2,0,0,0,1,0,1,13,3,10,9,2,7,3,1,2,1,0,1,0,0,0,87,49,38,15,7,8,56,33,23,4,0,4,12,9,3,36,31,5,0,0,0,12,3,9,7,2,5,8,4,4,43,15,28,3,2,17,19,47,42,5,0,2,0,32,3,2
53384473,2,53384463,,*,*,*,*,*,*,*,*,*,*,*,*,*,*,*,*,*,*,*,*,*,*,*,*,*,*,*,*,*,*,*,*,*,*,*,*,*,*,*,*,*,*,*,*,*,*,*,*,*,*,*,*,*,*,*,*,*,*,*,*,*,*,*,*,*,*,*,*,*,*,*,*,*,*,*,*,*,*,*,*,*,*,*,*,*,*,*,*,*,*,*,*,*,*
53384478,1,,53384457;53384458;53384468;53384479,6,3,3,3,2,1,0,0,0,1,0,1,2,1,1,1,0,1,0,0,0,0,0,0,0,0,0,0,0,0,0,0,0,2,0,2,1,0,1,0,0,0,0,0,0,1,0,1,26,12,14,5,2,3,8,3,5,1,0,1,6,4,2,4,4,0,1,0,1,2,1,1,4,1,3,2,1,1,9,2,7,2,0,4,8,10,9,1,3,0,1,3,0,0
53384479,2,53384478,,*,*,*,*,*,*,*,*,*,*,*,*,*,*,*,*,*,*,*,*,*,*,*,*,*,*,*,*,*,*,*,*,*,*,*,*,*,*,*,*,*,*,*,*,*,*,*,*,*,*,*,*,*,*,*,*,*,*,*,*,*,*,*,*,*,*,*,*,*,*,*,*,*,*,*,*,*,*,*,*,*,*,*,*,*,*,*,*,*,*,*,*,*,*
53384480,0,,,2,0,2,0,0,0,0,0,0,2,0,2,5,3,2,2,1,1,0,0,0,0,0,0,0,0,0,0,0,0,0,0,0,0,0,0,0,0,0,0,0,0,0,0,0,0,0,0,12,6,6,2,1,1,6,4,2,2,0,2,2,1,1,4,3,1,0,0,0,4,2,2,0,0,0,0,0,0,4,1,3,3,0,3,0,9,9,0,0,0,0,4,0,0
53384481,0,,,5,3,2,3,2,1,0,0,0,0,0,0,2,2,0,2,1,1,0,0,0,0,0,0,0,0,0,0,0,0,0,0,0,0,0,0,0,0,0,0,0,0,0,0,0,0,0,0,14,7,7,2,0,2,10,5,5,0,0,0,2,2,0,7,7,0,0,0,0,0,0,0,0,0,0,0,0,0,7,0,7,2,0,2,2,9,9,0,0,0,0,5,0,0
53384482,0,,,13,6,7,2,1,1,0,0,0,10,4,6,2,1,1,1,1,0,0,0,0,0,0,0,0,0,0,0,0,0,0,0,0,0,0,0,0,0,0,0,0,0,0,0,0,0,0,0,37,15,22,9,3,6,20,8,12,4,2,2,4,2,2,12,7,5,0,0,0,1,1,0,0,0,0,0,0,0,24,7,17,0,2,8,8,16,16,0,0,0,0,15,0,0
53384484,2,53384463,,*,*,*,*,*,*,*,*,*,*,*,*,*,*,*,*,*,*,*,*,*,*,*,*,*,*,*,*,*,*,*,*,*,*,*,*,*,*,*,*,*,*,*,*,*,*,*,*,*,*,*,*,*,*,*,*,*,*,*,*,*,*,*,*,*,*,*,*,*,*,*,*,*,*,*,*,*,*,*,*,*,*,*,*,*,*,*,*,*,*,*,*,*,*
53384485,0,,,1,0,1,1,0,1,0,0,0,0,0,0,1,1,0,0,0,0,0,0,0,0,0,0,0,0,0,0,0,0,0,0,0,0,0,0,0,0,0,0,0,0,0,0,0,0,0,0,9,5,4,3,2,1,2,0,2,0,0,0,0,0,0,3,1,2,0,0,0,0,0,0,0,0,0,1,1,0,3,2,1,0,0,2,4,2,2,0,0,0,0,2,0,0
53384492,0,,,2,2,0,0,0,0,0,0,0,2,2,0,2,1,1,0,0,0,0,0,0,0,0,0,0,0,0,0,0,0,0,0,0,2,2,0,1,1,0,1,1,0,0,0,0,0,0,0,11,5,6,2,1,1,5,2,3,3,1,2,1,1,0,5,3,2,0,0,0,0,0,0,0,0,0,3,2,1,5,2,3,0,0,3,4,5,4,1,0,1,0,3,0,0
53384493,0,,,3,1,2,2,1,1,0,0,0,1,0,1,1,1,0,0,0,0,0,0,0,0,0,0,0,0,0,0,0,0,0,0,0,0,0,0,0,0,0,0,0,0,0,0,0,0,0,0,11,5,6,2,1,1,4,2,2,2,0,2,2,1,1,6,5,1,0,0,0,0,0,0,0,0,0,0,0,0,5,0,5,0,0,2,8,4,4,0,0,0,0,4,0,0
53384496,0,,,7,3,4,6,3,3,0,0,0,1,0,1,4,3,1,0,0,0,0,0,0,0,0,0,0,0,0,0,0,0,0,0,0,0,0,0,0,0,0,0,0,0,0,0,0,0,0,0,17,10,7,2,1,1,5,4,1,1,0,1,6,3,3,4,3,1,0,0,0,0,0,0,1,1,0,1,1,0,9,4,5,0,0,5,4,11,11,0,0,1,0,5,0,0
53384499,0,,,2,1,1,0,0,0,0,0,0,2,1,1,1,1,0,0,0,0,0,0,0,0,0,0,0,0,0,0,0,0,0,0,0,0,0,0,0,0,0,0,0,0,0,0,0,0,0,0,12,6,6,5,1,4,3,3,0,2,0,2,2,2,0,2,2,0,0,0,0,0,0,0,2,1,1,0,0,0,8,3,5,1,0,2,5,3,3,0,0,0,0,2,0,0
53384501,0,,,222,111,111,143,86,57,1,1,0,65,16,49,35,28,7,18,1,17,23,11,12,0,0,0,14,8,6,0,0,0,9,3,6,81,34,47,57,25,32,12,6,6,7,0,7,5,3,2,429,199,230,30,15,15,133,53,80,100,35,65,116,66,50,79,40,39,29,14,15,61,30,31,71,34,37,107,44,63,186,82,104,12,12,126,67,306,282,24,3,22,0,204,9,22
53384502,0,,,678,358,320,438,280,158,17,10,7,189,40,149,111,87,24,60,14,46,90,38,52,7,4,3,60,25,35,2,0,2,21,9,12,244,125,119,151,81,70,54,23,31,13,7,6,26,14,12,1211,596,615,126,56,70,448,226,222,256,72,184,289,193,96,265,168,97,112,57,55,185,85,100,183,87,96,285,141,144,513,219,294,41,29,395,120,948,864,84,16,97,5,617,12,67
53384503,0,,,390,198,192,235,142,93,8,5,3,130,39,91,87,70,17,57,9,48,59,28,31,4,1,3,40,19,21,1,0,1,14,8,6,142,68,74,92,45,47,26,13,13,6,0,6,18,10,8,818,381,437,108,47,61,345,141,204,148,56,92,143,101,42,195,122,73,32,17,15,130,63,67,96,42,54,167,76,91,355,139,216,32,24,218,96,586,542,44,5,33,2,389,10,35
53384504,0,,,572,292,280,343,222,121,20,10,10,180,37,143,87,76,11,39,2,37,76,31,45,8,5,3,46,19,27,5,3,2,17,4,13,217,106,111,135,73,62,50,20,30,7,3,4,25,10,15,1084,512,572,101,46,55,451,209,242,222,62,160,253,166,87,220,141,79,51,26,25,201,98,103,116,53,63,251,116,135,457,178,279,35,28,331,141,776,701,75,37,68,5,523,11,54
53384505,0,,,125,76,49,82,57,25,1,0,1,33,10,23,45,35,10,35,8,27,17,4,13,2,0,2,12,2,10,1,0,1,2,2,0,44,22,22,25,11,14,14,7,7,0,0,0,5,4,1,281,143,138,27,10,17,124,59,65,56,23,33,64,46,18,82,54,28,13,5,8,35,15,20,31,16,15,49,27,22,121,46,75,30,7,76,25,222,205,17,4,12,0,116,4,16
53384506,0,,,174,94,80,110,77,33,4,2,2,50,7,43,63,54,9,60,17,43,18,10,8,1,0,1,13,8,5,2,2,0,2,0,2,67,44,23,34,23,11,20,17,3,6,1,5,7,3,4,414,213,201,44,20,24,164,80,84,82,29,53,80,60,20,140,98,42,17,12,5,40,21,19,25,13,12,83,46,37,182,71,111,27,27,78,32,333,301,32,1,21,0,167,4,19
53384507,0,,,212,115,97,124,84,40,3,2,1,71,17,54,62,51,11,39,5,34,20,10,10,1,0,1,15,9,6,2,1,1,2,0,2,89,56,33,48,30,18,26,17,9,4,1,3,11,8,3,477,222,255,45,18,27,203,88,115,101,27,74,96,73,23,111,75,36,15,7,8,75,30,45,57,27,30,108,59,49,220,90,130,23,22,100,42,354,318,36,2,29,3,221,8,19
53384508,0,,,306,154,152,177,115,62,7,2,5,110,29,81,58,50,8,46,5,41,34,16,18,1,0,1,19,8,11,8,4,4,6,4,2,140,69,71,92,51,41,31,12,19,9,3,6,8,3,5,700,319,381,85,42,43,240,114,126,127,28,99,101,76,25,138,91,47,66,25,41,135,57,78,111,45,66,124,51,73,300,135,165,31,21,178,77,463,415,48,12,35,3,304,21,24
53384509,0,,,164,88,76,102,67,35,4,2,2,45,8,37,71,52,19,47,7,40,21,13,8,1,1,0,13,10,3,6,2,4,1,0,1,44,19,25,24,11,13,11,2,9,2,2,0,7,4,3,378,181,197,40,18,22,174,89,85,75,17,58,73,48,25,96,64,32,5,2,3,48,23,25,9,4,5,72,32,40,213,88,125,35,17,93,21,304,284,20,2,36,1,156,2,6
53384512,0,,,427,225,202,279,180,99,8,5,3,117,24,93,103,88,15,67,11,56,96,50,46,5,3,2,67,35,32,8,4,4,16,8,8,165,83,82,113,56,57,35,20,15,7,3,4,10,4,6,878,410,468,94,28,66,324,149,175,195,55,140,209,150,59,223,146,77,41,15,26,195,95,100,193,92,101,138,60,78,330,125,205,39,31,245,67,658,609,49,9,48,1,392,10,40
53384513,0,,,370,198,172,240,154,86,10,5,5,101,23,78,84,69,15,50,12,38,37,19,18,4,3,1,21,12,9,1,1,0,11,3,8,120,60,60,67,32,35,35,17,18,3,0,3,15,11,4,802,385,417,121,55,66,341,168,173,138,41,97,167,102,65,198,140,58,17,9,8,85,38,47,97,45,52,164,82,82,365,134,231,36,27,205,81,556,507,49,14,50,2,326,8,51
53384514,0,,,496,259,237,301,194,107,10,2,8,152,35,117,99,80,19,73,15,58,48,27,21,6,0,6,29,18,11,2,1,1,11,8,3,176,94,82,107,58,49,40,21,19,9,4,5,20,11,9,1076,508,568,104,47,57,451,200,251,200,57,143,281,181,100,207,125,82,44,23,21,100,54,46,129,62,67,223,110,113,554,228,326,27,31,299,145,738,671,67,27,69,2,439,9,49
53384515,0,,,549,279,270,323,205,118,17,9,8,177,43,134,93,66,27,44,9,35,85,47,38,6,2,4,36,21,15,6,4,2,37,20,17,184,79,105,106,45,61,40,22,18,13,5,8,25,7,18,1139,529,610,97,39,58,458,208,250,251,71,180,260,173,87,196,116,80,33,17,16,175,78,97,151,66,85,221,100,121,534,228,306,34,16,327,201,754,688,66,29,69,3,473,9,62
53384516,0,,,260,141,119,157,101,56,7,3,4,76,24,52,36,23,13,23,6,17,18,7,11,1,0,1,12,3,9,2,2,0,3,2,1,95,52,43,42,23,19,34,16,18,1,1,0,18,12,6,475,226,249,30,11,19,221,96,125,100,30,70,86,66,20,77,48,29,29,12,17,73,28,45,42,22,20,132,63,69,210,98,112,15,12,121,39,368,319,49,5,23,1,239,12,30
53384517,0,,,310,154,156,169,104,65,7,5,2,110,26,84,120,106,14,98,11,87,26,11,15,2,1,1,11,6,5,5,2,3,8,2,6,128,63,65,68,36,32,27,14,13,7,1,6,26,12,14,706,333,373,85,36,49,310,147,163,122,26,96,154,106,48,210,143,67,11,5,6,63,32,31,102,49,53,124,52,72,347,125,222,71,35,150,55,596,537,59,13,32,3,295,7,31
53384518,0,,,104,55,49,64,42,22,1,1,0,30,6,24,71,61,10,56,11,45,11,5,6,0,0,0,9,5,4,0,0,0,2,0,2,59,35,24,39,23,16,14,8,6,2,2,0,4,2,2,397,199,198,59,26,33,173,86,87,57,20,37,65,44,21,119,86,33,13,7,6,41,19,22,49,30,19,80,40,40,165,57,108,39,28,48,31,255,237,18,5,17,2,98,5,13
53384519,0,,,130,68,62,77,48,29,1,1,0,40,10,30,90,73,17,76,12,64,10,6,4,0,0,0,6,2,4,1,1,0,3,3,0,53,35,18,31,21,10,12,7,5,3,1,2,7,6,1,374,180,194,36,16,20,152,74,78,64,15,49,101,65,36,132,97,35,9,4,5,12,6,6,35,15,20,58,32,26,191,67,124,58,34,41,17,317,298,19,3,22,0,112,6,4
53384522,0,,,314,160,154,205,121,84,5,3,2,86,22,64,86,74,12,71,15,56,22,10,12,2,1,1,12,5,7,0,0,0,8,4,4,131,67,64,85,43,42,29,15,14,7,3,4,10,6,4,692,327,365,63,25,38,317,142,175,139,46,93,145,101,44,229,156,73,8,5,3,44,20,24,85,46,39,134,64,70,309,97,212,59,27,157,59,524,480,44,6,31,1,284,7,35
53384523,0,,,498,284,214,317,215,102,9,4,5,144,43,101,101,79,22,57,8,49,86,52,34,7,3,4,49,29,20,3,2,1,27,18,9,175,97,78,110,62,48,41,21,20,5,3,2,19,11,8,1188,616,572,76,36,40,355,171,184,235,77,158,260,171,89,236,163,73,69,39,30,167,89,78,154,77,77,193,106,87,449,195,254,35,36,295,120,716,658,58,42,52,1,434,5,56
53384524,0,,,630,324,306,383,231,152,13,7,6,182,50,132,108,77,31,56,11,45,58,29,29,4,3,1,22,9,13,7,3,4,25,14,11,172,98,74,91,57,34,44,24,20,10,2,8,27,15,12,1562,704,858,119,52,67,734,309,425,252,62,190,371,235,136,243,151,92,141,60,81,238,110,128,190,91,99,286,138,148,594,232,362,24,20,429,242,878,797,81,52,113,3,465,16,63
53384525,0,,,883,458,425,539,349,190,12,6,6,277,60,217,107,75,32,36,8,28,123,65,58,10,8,2,68,34,34,8,6,2,37,17,20,239,125,114,151,79,72,48,24,24,15,8,7,25,14,11,1863,860,1003,188,85,103,763,329,434,343,94,249,435,280,155,267,172,95,91,46,45,250,102,148,243,102,141,322,144,178,888,396,492,28,29,536,306,1102,1029,73,31,124,9,733,15,83
53384526,0,,,632,337,295,392,259,133,16,6,10,193,50,143,95,75,20,62,8,54,51,19,32,1,0,1,31,13,18,5,1,4,14,5,9,231,113,118,146,73,73,52,21,31,8,2,6,25,17,8,1213,563,650,120,56,64,487,227,260,252,61,191,247,174,73,230,128,102,43,19,24,150,70,80,182,89,93,244,115,129,548,227,321,50,38,325,134,871,791,80,18,84,4,560,15,71
53384527,0,,,166,88,78,106,67,39,3,3,0,47,10,37,48,40,8,36,7,29,22,5,17,0,0,0,5,2,3,7,3,4,10,0,10,73,41,32,44,21,23,14,9,5,3,2,1,12,9,3,382,184,198,26,8,18,146,84,62,64,14,50,87,52,35,109,62,47,22,11,11,33,16,17,65,31,34,78,40,38,154,61,93,25,12,89,50,274,250,24,8,23,1,164,6,13
53384528,0,,,248,127,121,149,93,56,6,4,2,79,19,60,64,53,11,39,4,35,33,11,22,2,0,2,9,4,5,8,5,3,14,2,12,57,33,24,34,23,11,12,6,6,3,0,3,8,4,4,622,270,352,110,34,76,241,102,139,90,31,59,94,67,27,113,75,38,49,19,30,132,52,80,57,24,33,117,52,65,242,91,151,28,20,142,57,390,368,22,10,20,1,228,10,23
53384529,0,,,46,24,22,29,18,11,0,0,0,10,1,9,26,23,3,18,3,15,8,3,5,0,0,0,4,1,3,3,1,2,1,1,0,16,6,10,11,3,8,3,3,0,1,0,1,1,0,1,133,63,70,22,10,12,60,30,30,22,8,14,21,11,10,55,37,18,3,2,1,18,11,7,9,3,6,13,5,8,57,13,44,19,8,19,11,98,94,4,1,5,0,34,1,4
53384532,0,,,39,18,21,17,10,7,0,0,0,21,7,14,21,20,1,15,0,15,1,1,0,0,0,0,0,0,0,0,0,0,1,1,0,10,5,5,7,3,4,1,1,0,0,0,0,2,1,1,107,49,58,18,6,12,59,29,30,17,9,8,13,5,8,38,27,11,0,0,0,5,1,4,4,2,2,7,5,2,64,20,44,15,5,19,14,80,75,5,0,3,0,40,2,2
53384533,0,,,6,2,4,3,1,2,0,0,0,2,0,2,1,1,0,0,0,0,1,0,1,0,0,0,1,0,1,0,0,0,0,0,0,2,1,1,2,1,1,0,0,0,0,0,0,0,0,0,11,5,6,2,1,1,2,2,0,3,0,3,4,2,2,1,1,0,0,0,0,1,0,1,5,2,3,0,0,0,7,3,4,0,0,4,1,7,7,0,0,0,0,4,0,0
53384534,0,,,246,128,118,150,94,56,1,1,0,78,20,58,34,27,7,18,2,16,21,5,16,0,0,0,10,1,9,2,2,0,9,2,7,71,41,30,39,20,19,21,16,5,2,1,1,9,4,5,456,213,243,44,22,22,195,77,118,80,27,53,99,65,34,78,44,34,20,9,11,61,24,37,56,31,25,88,40,48,210,90,120,5,6,154,69,327,298,29,22,25,1,207,11,24
53384535,0,,,1191,599,592,725,454,271,19,11,8,389,91,298,171,130,41,62,7,55,198,101,97,28,10,18,83,50,33,8,4,4,79,37,42,425,232,193,265,148,117,83,42,41,15,7,8,62,35,27,2418,1119,1299,272,117,155,987,441,546,423,118,305,503,332,171,403,248,155,107,50,57,460,212,248,334,156,178,448,215,233,993,422,571,31,33,747,416,1548,1430,118,75,156,10,1036,30,105
53384536,0,,,878,422,456,510,317,193,21,8,13,306,67,239,120,91,29,55,6,49,130,71,59,11,6,5,59,27,32,17,11,6,43,27,16,365,180,185,219,108,111,91,44,47,17,8,9,38,20,18,1653,734,919,195,75,120,711,323,388,348,96,252,312,198,114,288,178,110,157,74,83,259,111,148,276,126,150,412,173,239,634,263,371,34,34,548,279,1193,1054,139,32,156,9,775,28,85
53384537,0,,,632,327,305,391,255,136,12,7,5,196,40,156,118,96,22,75,15,60,103,53,50,4,2,2,34,19,15,26,12,14,39,20,19,281,136,145,166,78,88,57,29,28,15,5,10,43,24,19,1321,614,707,144,65,79,489,237,252,254,81,173,227,143,84,298,184,114,97,42,55,251,110,141,261,120,141,264,109,155,530,236,294,33,39,366,169,931,837,94,22,74,9,611,24,75
53384538,0,,,540,275,265,308,188,120,12,5,7,187,56,131,107,82,25,67,12,55,64,38,26,1,1,0,17,12,5,22,10,12,24,15,9,186,90,96,98,53,45,43,20,23,13,4,9,32,13,19,1254,562,692,136,53,83,468,234,234,214,52,162,208,140,68,243,145,98,83,34,49,174,67,107,204,93,111,272,129,143,528,222,306,30,34,320,181,787,718,69,39,78,3,475,18,42
53384539,0,,,150,88,62,96,66,30,2,2,0,40,12,28,53,42,11,39,10,29,15,10,5,2,1,1,6,3,3,1,1,0,6,5,1,37,18,19,20,7,13,11,8,3,1,1,0,5,2,3,351,172,179,54,25,29,181,89,92,47,13,34,44,32,12,89,66,23,9,4,5,31,14,17,22,6,16,61,29,32,191,81,110,31,16,78,26,261,246,15,7,12,1,134,6,10
53384543,0,,,22,13,9,11,7,4,0,0,0,10,5,5,6,5,1,2,1,1,0,0,0,0,0,0,0,0,0,0,0,0,0,0,0,9,6,3,3,3,0,4,3,1,0,0,0,2,0,2,52,25,27,8,4,4,25,11,14,12,5,7,4,3,1,13,7,6,0,0,0,1,0,1,0,0,0,9,7,2,33,14,19,2,2,14,9,35,30,5,2,0,0,26,2,2
53384544,0,,,283,157,126,183,118,65,9,5,4,79,24,55,63,52,11,36,4,32,19,11,8,2,1,1,7,7,0,5,2,3,5,1,4,88,37,51,49,22,27,21,8,13,8,3,5,10,4,6,673,315,358,78,38,40,323,151,172,106,28,78,139,84,55,122,68,54,23,8,15,76,35,41,62,28,34,125,58,67,345,153,192,34,15,152,67,422,384,38,10,33,5,272,12,16
53384545,0,,,561,278,283,311,197,114,16,8,8,183,37,146,101,79,22,56,8,48,67,32,35,7,3,4,38,16,22,3,3,0,19,10,9,174,88,86,102,49,53,38,20,18,13,5,8,21,14,7,1108,523,585,134,63,71,490,235,255,208,59,149,200,130,70,224,147,77,35,15,20,137,64,73,127,54,73,210,99,111,541,227,314,34,29,306,146,781,723,58,23,56,4,507,15,48
53384546,0,,,494,255,239,293,194,99,14,6,8,166,37,129,80,56,24,44,8,36,38,15,23,5,3,2,21,9,12,4,0,4,8,3,5,170,95,75,99,58,41,41,25,16,11,2,9,19,10,9,965,457,508,134,60,74,461,222,239,170,54,116,167,107,60,162,103,59,30,16,14,168,80,88,141,76,65,184,81,103,463,200,263,34,16,272,137,687,630,57,18,67,2,442,22,41
53384547,0,,,725,358,367,402,263,139,13,7,6,272,59,213,116,85,31,47,9,38,84,41,43,1,1,0,13,8,5,40,16,24,30,16,14,282,154,128,162,96,66,68,32,36,18,7,11,34,19,15,1628,757,871,266,124,142,619,279,340,241,64,177,277,183,94,250,157,93,89,49,40,299,147,152,237,119,118,324,155,169,779,321,458,29,23,452,269,1022,910,112,50,97,4,639,36,91
53384548,0,,,1044,537,507,589,359,230,16,10,6,333,86,247,208,170,38,102,13,89,109,47,62,2,1,1,33,18,15,39,16,23,35,12,23,324,160,164,184,93,91,74,37,37,22,11,11,44,19,25,2353,1113,1240,251,109,142,929,426,503,392,96,296,529,363,166,541,344,197,93,47,46,262,127,135,306,143,163,358,161,197,1218,495,723,28,38,689,398,1510,1380,130,116,190,9,817,27,58
53384549,0,,,363,184,179,215,134,81,6,3,3,118,32,86,77,62,15,50,11,39,38,15,23,1,1,0,11,5,6,13,6,7,13,3,10,102,51,51,55,24,31,27,16,11,8,3,5,12,8,4,842,412,430,79,30,49,340,163,177,136,33,103,177,122,55,176,98,78,41,20,21,113,59,54,90,42,48,174,85,89,388,174,214,29,27,205,139,545,500,45,18,82,7,302,21,26
53384553,0,,,135,68,67,89,54,35,1,0,1,43,12,31,65,57,8,43,5,38,9,4,5,0,0,0,4,0,4,1,1,0,4,3,1,46,22,24,27,9,18,7,6,1,3,2,1,9,5,4,339,166,173,35,18,17,164,76,88,58,19,39,63,44,19,129,94,35,10,5,5,9,4,5,24,9,15,51,20,31,159,54,105,34,25,54,33,257,245,12,0,18,2,132,6,7
53384554,0,,,217,111,106,115,70,45,5,3,2,81,24,57,67,53,14,41,8,33,12,4,8,3,2,1,5,1,4,0,0,0,4,1,3,76,35,41,48,24,24,15,5,10,5,3,2,8,3,5,466,217,249,48,19,29,192,89,103,98,31,67,101,65,36,133,87,46,8,3,5,43,17,26,33,17,16,63,28,35,247,90,157,39,23,96,42,348,325,23,6,14,0,196,8,14
53384555,0,,,130,72,58,78,50,28,1,1,0,42,14,28,52,44,8,37,5,32,14,10,4,1,1,0,12,8,4,0,0,0,1,1,0,34,19,15,21,12,9,8,3,5,1,0,1,4,4,0,337,167,170,50,26,24,148,76,72,61,16,45,51,33,18,95,71,24,11,7,4,22,12,10,31,13,18,32,16,16,164,59,105,26,17,70,48,232,219,13,2,13,1,128,4,8
53384556,0,,,420,211,209,244,150,94,7,6,1,144,34,110,99,84,15,53,9,44,23,9,14,1,0,1,17,7,10,2,1,1,3,1,2,149,78,71,84,47,37,37,17,20,4,1,3,24,13,11,857,415,442,117,49,68,399,206,193,145,48,97,142,91,51,184,132,52,16,10,6,47,20,27,128,57,71,170,82,88,477,199,278,47,27,221,97,640,575,65,18,40,4,395,24,47
53384557,0,,,382,208,174,210,142,68,11,5,6,139,43,96,91,69,22,53,15,38,28,15,13,2,0,2,9,5,4,11,7,4,6,3,3,134,70,64,78,41,37,35,17,18,2,0,2,19,12,7,860,429,431,98,38,60,376,195,181,136,43,93,166,109,57,174,115,59,18,9,9,57,30,27,120,57,63,180,93,87,473,210,263,30,19,226,125,575,528,47,12,42,2,359,8,35
53384558,0,,,434,226,208,250,156,94,3,1,2,142,38,104,106,89,17,54,12,42,34,19,15,1,0,1,10,5,5,15,10,5,8,4,4,156,80,76,73,40,33,42,17,25,10,4,6,31,19,12,994,482,512,118,55,63,376,180,196,193,52,141,201,139,62,247,168,79,19,10,9,80,36,44,111,57,54,185,82,103,542,228,314,34,24,258,152,670,601,69,25,82,4,384,14,32
53384559,0,,,200,103,97,114,73,41,2,1,1,66,15,51,54,49,5,34,8,26,14,7,7,0,0,0,1,0,1,5,2,3,8,5,3,78,35,43,47,20,27,23,9,14,2,1,1,6,5,1,481,242,239,60,32,28,216,104,112,95,30,65,74,55,19,141,97,44,10,4,6,45,20,25,60,29,31,78,37,41,239,97,142,25,20,103,51,322,290,32,11,24,0,183,10,17
53384561,0,,,5,1,4,3,0,3,0,0,0,2,1,1,10,9,1,5,0,5,0,0,0,0,0,0,0,0,0,0,0,0,0,0,0,1,1,0,1,1,0,0,0,0,0,0,0,0,0,0,28,15,13,5,4,1,14,7,7,4,1,3,5,3,2,11,10,1,0,0,0,1,0,1,2,2,0,1,0,1,14,4,10,4,4,2,1,20,20,0,0,0,0,6,0,0
53384562,0,,,29,14,15,19,11,8,0,0,0,9,3,6,11,11,0,10,3,7,0,0,0,0,0,0,0,0,0,0,0,0,0,0,0,1,1,0,1,1,0,0,0,0,0,0,0,0,0,0,83,38,45,15,5,10,44,22,22,13,4,9,7,5,2,27,23,4,1,0,1,0,0,0,1,1,0,1,1,0,50,12,38,6,4,14,13,50,50,0,2,0,0,25,0,0
53384563,0,,,25,14,11,16,11,5,0,0,0,8,3,5,23,21,2,12,1,11,3,1,2,0,0,0,1,0,1,0,0,0,2,1,1,9,5,4,5,3,2,3,2,1,0,0,0,1,0,1,80,43,37,14,7,7,52,29,23,9,5,4,5,2,3,40,28,12,0,0,0,4,1,3,3,2,1,4,3,1,41,15,26,16,4,8,7,64,60,4,0,1,0,24,2,1
53384564,0,,,17,10,7,11,9,2,0,0,0,6,1,5,3,3,0,3,1,2,3,1,2,0,0,0,2,1,1,1,0,1,0,0,0,7,3,4,5,2,3,1,0,1,0,0,0,1,1,0,33,17,16,2,1,1,16,6,10,7,4,3,6,5,1,11,9,2,0,0,0,1,0,1,12,5,7,5,2,3,12,4,8,2,1,9,3,25,23,2,0,1,0,18,1,0
53384565,0,,,126,59,67,66,44,22,2,1,1,52,8,44,31,23,8,15,2,13,10,8,2,1,1,0,8,6,2,0,0,0,1,1,0,47,28,19,26,13,13,13,8,5,3,2,1,5,5,0,277,123,154,44,13,31,133,68,65,51,13,38,26,16,10,56,37,19,1,0,1,16,11,5,27,13,14,60,26,34,147,56,91,15,9,67,44,189,173,16,1,11,1,123,4,5
53384566,0,,,130,64,66,65,42,23,2,1,1,50,10,40,38,32,6,16,3,13,15,7,8,0,0,0,9,5,4,3,1,2,3,1,2,35,16,19,23,11,12,9,4,5,0,0,0,3,1,2,285,129,156,46,21,25,110,44,66,61,22,39,57,38,19,73,46,27,1,1,0,21,8,13,28,10,18,42,20,22,170,67,103,10,13,73,28,200,188,12,3,13,0,119,7,7
53384567,0,,,311,162,149,169,117,52,5,2,3,124,35,89,72,62,10,36,7,29,35,20,15,1,0,1,19,13,6,7,5,2,8,2,6,100,57,43,62,37,25,22,13,9,4,1,3,12,6,6,700,332,368,95,42,53,316,153,163,119,34,85,110,75,35,165,114,51,11,5,6,55,29,26,58,29,29,139,57,82,407,175,232,27,21,171,81,460,425,35,11,25,0,314,19,23
53384568,0,,,74,40,34,48,31,17,3,2,1,22,6,16,31,27,4,22,3,19,4,2,2,0,0,0,2,1,1,1,0,1,1,1,0,21,10,11,9,2,7,4,3,1,2,0,2,6,5,1,198,92,106,34,9,25,88,45,43,37,13,24,27,19,8,50,39,11,3,1,2,10,4,6,25,11,14,18,6,12,117,43,74,14,10,39,28,139,130,9,5,9,1,68,3,2
53384569,0,,,83,50,33,41,29,12,3,3,0,31,12,19,32,29,3,24,7,17,14,7,7,0,0,0,4,3,1,4,1,3,6,3,3,16,9,7,4,2,2,5,3,2,2,2,0,5,2,3,224,109,115,28,11,17,118,58,60,31,12,19,32,20,12,65,46,19,8,2,6,24,15,9,11,5,6,17,10,7,129,47,82,21,4,54,25,147,139,8,0,7,1,82,3,1
53384570,2,53384571,,*,*,*,*,*,*,*,*,*,*,*,*,*,*,*,*,*,*,*,*,*,*,*,*,*,*,*,*,*,*,*,*,*,*,*,*,*,*,*,*,*,*,*,*,*,*,*,*,*,*,*,*,*,*,*,*,*,*,*,*,*,*,*,*,*,*,*,*,*,*,*,*,*,*,*,*,*,*,*,*,*,*,*,*,*,*,*,*,*,*,*,*,*,*
53384571,1,,53384570,2,1,1,1,1,0,0,0,0,1,0,1,3,2,1,1,0,1,0,0,0,0,0,0,0,0,0,0,0,0,0,0,0,4,3,1,4,3,1,0,0,0,0,0,0,0,0,0,9,4,5,4,1,3,2,1,1,2,2,0,1,0,1,1,1,0,0,0,0,6,4,2,1,1,0,0,0,0,5,1,4,2,0,2,2,7,6,1,0,0,1,3,0,0
53384575,0,,,12,5,7,8,4,4,0,0,0,4,1,3,2,1,1,0,0,0,0,0,0,0,0,0,0,0,0,0,0,0,0,0,0,2,2,0,1,1,0,1,1,0,0,0,0,0,0,0,17,8,9,1,0,1,9,6,3,5,2,3,2,0,2,1,1,0,5,3,2,0,0,0,0,0,0,5,2,3,8,4,4,0,0,5,1,15,14,1,0,0,0,13,2,0
53384576,0,,,82,40,42,55,35,20,1,1,0,23,2,21,30,26,4,20,2,18,9,3,6,1,0,1,3,1,2,2,1,1,3,1,2,26,14,12,14,6,8,8,7,1,1,0,1,3,1,2,218,108,110,23,11,12,103,50,53,35,8,27,44,29,15,68,39,29,5,3,2,15,9,6,18,8,10,31,16,15,112,46,66,15,7,44,35,146,134,12,5,7,1,72,4,9
53384577,0,,,357,187,170,216,134,82,5,4,1,112,30,82,114,92,22,60,6,54,48,29,19,3,2,1,25,16,9,4,2,2,16,9,7,152,79,73,84,47,37,37,19,18,7,2,5,24,11,13,788,371,417,86,33,53,348,169,179,156,38,118,146,103,43,229,161,68,27,13,14,70,34,36,103,53,50,167,76,91,392,142,250,46,39,191,75,603,538,65,18,45,4,348,19,25
53384578,0,,,33,16,17,23,14,9,0,0,0,9,2,7,4,2,2,1,0,1,6,4,2,0,0,0,1,1,0,4,2,2,1,1,0,17,9,8,13,7,6,2,1,1,1,0,1,1,1,0,59,27,32,5,3,2,23,11,12,11,3,8,10,6,4,20,10,10,1,0,1,10,6,4,15,8,7,12,5,7,24,11,13,1,1,16,8,43,38,5,1,2,0,33,1,2
53384579,0,,,91,44,47,49,31,18,0,0,0,35,8,27,34,29,5,26,5,21,4,3,1,0,0,0,1,1,0,2,1,1,1,1,0,34,24,10,21,13,8,3,2,1,3,3,0,7,6,1,222,105,117,19,9,10,105,49,56,38,11,27,42,28,14,57,43,14,3,2,1,12,6,6,22,12,10,43,19,24,123,50,73,15,13,50,29,163,151,12,2,17,2,83,6,3
53384582,0,,,6,2,4,2,1,1,1,1,0,3,0,3,2,2,0,1,0,1,0,0,0,0,0,0,0,0,0,0,0,0,0,0,0,0,0,0,0,0,0,0,0,0,0,0,0,0,0,0,10,5,5,0,0,0,8,5,3,2,0,2,0,0,0,6,4,2,0,0,0,0,0,0,0,0,0,0,0,0,4,1,3,1,1,1,1,9,9,0,0,1,1,6,0,0
53384583,0,,,43,25,18,18,15,3,0,0,0,24,9,15,9,8,1,7,1,6,1,1,0,0,0,0,1,1,0,0,0,0,0,0,0,7,4,3,2,2,0,2,0,2,0,0,0,3,2,1,78,38,40,11,3,8,45,25,20,14,5,9,4,4,0,17,12,5,4,2,2,5,4,1,0,0,0,4,3,1,53,20,33,7,4,14,13,61,59,2,2,1,0,35,1,1
53384584,0,,,67,38,29,40,23,17,4,2,2,16,6,10,34,32,2,29,4,25,3,3,0,1,1,0,2,2,0,0,0,0,0,0,0,24,13,11,14,7,7,6,3,3,0,0,0,4,3,1,187,95,92,33,14,19,90,48,42,20,6,14,36,23,13,72,61,11,1,1,0,9,4,5,8,4,4,22,11,11,95,27,68,20,14,26,22,143,134,9,3,7,0,63,5,1
53384585,0,,,4,2,2,3,2,1,0,0,0,1,0,1,4,4,0,2,1,1,0,0,0,0,0,0,0,0,0,0,0,0,0,0,0,0,0,0,0,0,0,0,0,0,0,0,0,0,0,0,17,9,8,2,1,1,8,5,3,4,1,3,3,2,1,3,3,0,0,0,0,0,0,0,3,1,2,0,0,0,11,5,6,2,0,4,1,10,10,0,0,0,0,4,0,0
53384586,0,,,83,44,39,52,35,17,3,1,2,23,4,19,22,17,5,15,4,11,4,2,2,0,0,0,2,2,0,0,0,0,2,0,2,17,9,8,8,4,4,4,3,1,2,1,1,3,1,2,201,96,105,33,13,20,84,41,43,34,9,25,32,23,9,47,27,20,3,2,1,9,5,4,9,4,5,31,11,20,112,53,59,2,8,45,37,133,123,10,7,5,1,82,5,0
53384587,0,,,159,79,80,92,53,39,7,5,2,45,11,34,62,49,13,38,5,33,27,16,11,1,0,1,19,10,9,2,1,1,5,5,0,38,18,20,23,9,14,5,4,1,2,1,1,8,4,4,455,205,250,61,25,36,193,90,103,79,21,58,85,52,33,126,86,40,13,4,9,46,20,26,30,15,15,48,20,28,239,87,152,23,14,107,63,273,261,12,12,16,3,150,4,3
53384589,0,,,54,31,23,34,28,6,2,0,2,16,1,15,34,29,5,22,4,18,8,4,4,2,1,1,5,3,2,0,0,0,1,0,1,26,18,8,12,7,5,4,2,2,2,1,1,8,8,0,176,89,87,26,9,17,89,49,40,22,9,13,24,17,7,69,56,13,3,1,2,8,3,5,13,7,6,19,10,9,98,34,64,14,14,26,18,124,112,12,0,10,1,61,3,1
53384590,0,,,14,6,8,9,4,5,0,0,0,4,1,3,1,0,1,0,0,0,0,0,0,0,0,0,0,0,0,0,0,0,0,0,0,2,0,2,0,0,0,2,0,2,0,0,0,0,0,0,41,18,23,14,5,9,17,9,8,8,3,5,2,1,1,14,10,4,0,0,0,2,1,1,1,1,0,4,2,2,22,4,18,0,0,9,15,16,15,1,0,1,0,16,0,0
53384591,0,,,16,7,9,11,7,4,0,0,0,5,0,5,7,7,0,5,0,5,0,0,0,0,0,0,0,0,0,0,0,0,0,0,0,5,4,1,4,3,1,1,1,0,0,0,0,0,0,0,54,25,29,12,5,7,31,13,18,3,0,3,7,6,1,17,14,3,1,0,1,4,2,2,3,2,1,5,2,3,28,8,20,3,3,8,14,31,28,3,0,0,0,16,1,0
53384592,0,,,40,23,17,22,14,8,0,0,0,17,8,9,24,19,5,17,1,16,0,0,0,0,0,0,0,0,0,0,0,0,0,0,0,18,8,10,10,3,7,6,4,2,1,0,1,1,1,0,119,57,62,20,8,12,57,27,30,12,5,7,23,13,10,35,29,6,2,0,2,16,7,9,1,1,0,19,7,12,51,14,37,8,7,25,15,86,81,5,1,1,1,39,4,0
53384593,0,,,11,6,5,6,5,1,0,0,0,5,1,4,6,5,1,2,1,1,0,0,0,0,0,0,0,0,0,0,0,0,0,0,0,3,3,0,3,3,0,0,0,0,0,0,0,0,0,0,28,14,14,3,2,1,18,8,10,4,1,3,3,3,0,7,5,2,0,0,0,3,2,1,5,4,1,0,0,0,16,6,10,5,0,5,4,19,19,0,0,2,0,11,0,0
53384594,0,,,10,4,6,4,2,2,0,0,0,5,1,4,8,7,1,6,0,6,0,0,0,0,0,0,0,0,0,0,0,0,0,0,0,5,3,2,2,1,1,3,2,1,0,0,0,0,0,0,42,20,22,5,1,4,31,15,16,1,0,1,5,4,1,16,13,3,1,1,0,0,0,0,0,0,0,3,1,2,27,8,19,7,0,7,9,27,24,3,1,2,0,11,1,2
53384595,0,,,95,50,45,54,33,21,2,0,2,33,12,21,76,65,11,68,14,54,5,5,0,0,0,0,4,4,0,0,0,0,1,1,0,41,26,15,25,13,12,6,5,1,3,2,1,7,6,1,303,153,150,40,21,19,150,73,77,55,22,33,48,31,17,141,113,28,2,2,0,10,7,3,27,11,16,36,19,17,130,30,100,51,21,42,24,250,239,11,1,10,0,88,6,3
53384596,0,,,139,67,72,85,50,35,4,3,1,40,7,33,63,54,9,37,4,33,22,16,6,0,0,0,18,14,4,0,0,0,4,2,2,48,28,20,25,13,12,12,10,2,2,1,1,9,4,5,356,173,183,60,32,28,173,80,93,59,22,37,48,33,15,111,89,22,5,2,3,38,25,13,32,12,20,58,27,31,165,53,112,38,18,70,36,267,244,23,9,8,1,143,8,6
53384597,0,,,184,95,89,111,72,39,1,1,0,63,15,48,39,38,1,23,1,22,7,4,3,0,0,0,4,2,2,0,0,0,3,2,1,38,23,15,25,16,9,6,4,2,1,0,1,6,3,3,366,184,182,70,33,37,149,71,78,62,19,43,71,55,16,84,63,21,8,5,3,28,15,13,26,13,13,66,31,35,183,77,106,17,13,90,40,260,246,14,7,9,3,166,6,2
53384598,0,,,5,3,2,3,2,1,0,0,0,1,0,1,7,6,1,4,1,3,0,0,0,0,0,0,0,0,0,0,0,0,0,0,0,0,0,0,0,0,0,0,0,0,0,0,0,0,0,0,21,11,10,2,2,0,10,5,5,7,2,5,2,2,0,9,7,2,0,0,0,0,0,0,0,0,0,0,0,0,12,4,8,4,2,3,0,16,16,0,0,0,0,5,0,0
53384599,0,,,33,13,20,23,12,11,0,0,0,10,1,9,16,13,3,8,2,6,2,1,1,0,0,0,0,0,0,1,0,1,1,1,0,10,6,4,1,1,0,5,3,2,1,0,1,3,2,1,82,38,44,17,7,10,37,16,21,10,5,5,11,6,5,28,23,5,0,0,0,6,2,4,7,5,2,10,5,5,43,10,33,5,9,14,8,66,59,7,1,5,2,34,3,2
53384604,2,53384620,,*,*,*,*,*,*,*,*,*,*,*,*,*,*,*,*,*,*,*,*,*,*,*,*,*,*,*,*,*,*,*,*,*,*,*,*,*,*,*,*,*,*,*,*,*,*,*,*,*,*,*,*,*,*,*,*,*,*,*,*,*,*,*,*,*,*,*,*,*,*,*,*,*,*,*,*,*,*,*,*,*,*,*,*,*,*,*,*,*,*,*,*,*,*
53384610,0,,,9,6,3,6,5,1,0,0,0,3,1,2,9,8,1,7,0,7,0,0,0,0,0,0,0,0,0,0,0,0,0,0,0,6,4,2,2,2,0,3,2,1,0,0,0,1,0,1,39,22,17,4,3,1,22,12,10,9,4,5,3,3,0,23,19,4,0,0,0,2,1,1,0,0,0,4,1,3,16,5,11,8,2,4,3,29,25,4,0,3,0,11,1,2
53384620,1,,53384604,11,6,5,5,3,2,0,0,0,6,3,3,5,5,0,4,1,3,2,0,2,1,0,1,0,0,0,0,0,0,1,0,1,0,0,0,0,0,0,0,0,0,0,0,0,0,0,0,28,16,12,5,3,2,13,8,5,4,1,3,6,4,2,13,9,4,1,1,0,3,2,1,1,1,0,1,0,1,11,3,8,3,2,4,2,20,20,0,0,0,0,12,0,1
53384624,2,53384660,,*,*,*,*,*,*,*,*,*,*,*,*,*,*,*,*,*,*,*,*,*,*,*,*,*,*,*,*,*,*,*,*,*,*,*,*,*,*,*,*,*,*,*,*,*,*,*,*,*,*,*,*,*,*,*,*,*,*,*,*,*,*,*,*,*,*,*,*,*,*,*,*,*,*,*,*,*,*,*,*,*,*,*,*,*,*,*,*,*,*,*,*,*,*
53384640,2,53384650,,*,*,*,*,*,*,*,*,*,*,*,*,*,*,*,*,*,*,*,*,*,*,*,*,*,*,*,*,*,*,*,*,*,*,*,*,*,*,*,*,*,*,*,*,*,*,*,*,*,*,*,*,*,*,*,*,*,*,*,*,*,*,*,*,*,*,*,*,*,*,*,*,*,*,*,*,*,*,*,*,*,*,*,*,*,*,*,*,*,*,*,*,*,*
53384650,1,,53384640,54,28,26,30,19,11,2,1,1,19,5,14,23,20,3,19,4,15,1,1,0,0,0,0,1,1,0,0,0,0,0,0,0,14,7,7,8,4,4,4,2,2,0,0,0,2,1,1,143,68,75,21,8,13,60,28,32,22,9,13,30,17,13,41,31,10,3,2,1,4,1,3,12,7,5,20,8,12,78,27,51,10,15,20,17,105,98,7,0,4,0,56,3,2
53384660,1,,53384624,243,126,117,134,86,48,6,3,3,84,22,62,80,70,10,61,8,53,13,8,5,0,0,0,4,2,2,2,1,1,7,5,2,80,34,46,41,17,24,25,11,14,6,3,3,8,3,5,552,260,292,68,32,36,249,112,137,108,40,68,99,63,36,199,140,59,8,1,7,22,12,10,53,19,34,100,40,60,263,90,173,51,36,109,52,424,385,39,6,31,7,244,9,8
53384661,0,,,62,36,26,35,25,10,1,0,1,22,8,14,22,16,6,13,1,12,9,4,5,0,0,0,6,1,5,1,1,0,2,2,0,28,13,15,16,10,6,6,1,5,3,1,2,3,1,2,151,75,76,12,5,7,78,35,43,26,13,13,23,15,8,52,34,18,3,1,2,7,4,3,15,8,7,35,15,20,76,30,46,11,4,31,16,111,100,11,4,13,3,57,9,2
53384663,1,,53384664,4,1,3,0,0,0,0,0,0,4,1,3,1,1,0,0,0,0,0,0,0,0,0,0,0,0,0,0,0,0,0,0,0,0,0,0,0,0,0,0,0,0,0,0,0,0,0,0,11,5,6,1,0,1,7,3,4,2,1,1,1,1,0,5,3,2,0,0,0,0,0,0,0,0,0,0,0,0,6,2,4,0,1,1,3,5,5,0,0,0,0,3,0,0
53384664,2,53384663,,*,*,*,*,*,*,*,*,*,*,*,*,*,*,*,*,*,*,*,*,*,*,*,*,*,*,*,*,*,*,*,*,*,*,*,*,*,*,*,*,*,*,*,*,*,*,*,*,*,*,*,*,*,*,*,*,*,*,*,*,*,*,*,*,*,*,*,*,*,*,*,*,*,*,*,*,*,*,*,*,*,*,*,*,*,*,*,*,*,*,*,*,*,*
53384670,0,,,34,15,19,14,9,5,1,1,0,15,2,13,24,20,4,12,2,10,4,2,2,0,0,0,2,2,0,1,0,1,1,0,1,8,3,5,5,1,4,0,0,0,0,0,0,3,2,1,113,53,60,24,10,14,49,20,29,13,3,10,16,14,2,33,24,9,8,3,5,3,2,1,6,2,4,11,5,6,64,22,42,17,5,17,19,73,70,3,1,3,0,33,0,0
53384671,0,,,166,89,77,96,56,40,2,2,0,56,23,33,68,54,14,33,5,28,16,10,6,2,2,0,7,4,3,2,1,1,5,3,2,57,37,20,29,20,9,15,9,6,3,2,1,10,6,4,486,233,253,80,41,39,167,77,90,67,22,45,70,48,22,138,113,25,28,15,13,43,20,23,49,17,32,51,25,26,250,90,160,29,20,91,51,287,269,18,6,16,1,158,10,6
53384672,0,,,103,49,54,58,38,20,2,2,0,37,3,34,37,34,3,29,4,25,3,1,2,0,0,0,1,0,1,1,0,1,1,1,0,40,15,25,14,5,9,10,7,3,7,0,7,9,3,6,287,137,150,60,30,30,123,54,69,42,15,27,38,25,13,107,76,31,5,1,4,7,4,3,9,5,4,58,27,31,144,40,104,19,13,54,44,195,171,24,9,13,2,105,5,4
53384673,0,,,42,22,20,18,12,6,0,0,0,18,5,13,9,6,3,3,0,3,2,0,2,0,0,0,1,0,1,0,0,0,1,0,1,12,6,6,4,1,3,3,3,0,2,2,0,3,0,3,87,45,42,15,8,7,37,21,16,14,5,9,13,8,5,27,18,9,5,3,2,2,2,0,8,3,5,23,9,14,36,16,20,1,4,23,11,61,54,7,0,4,0,43,5,2
53384674,0,,,7,3,4,3,1,2,0,0,0,1,0,1,3,2,1,1,1,0,0,0,0,0,0,0,0,0,0,0,0,0,0,0,0,0,0,0,0,0,0,0,0,0,0,0,0,0,0,0,17,9,8,4,3,1,3,1,2,3,0,3,6,4,2,1,1,0,0,0,0,2,1,1,2,2,0,3,2,1,9,3,6,1,0,5,3,11,11,0,0,0,0,4,1,0
53384681,0,,,26,14,12,16,12,4,1,0,1,7,1,6,11,10,1,6,1,5,0,0,0,0,0,0,0,0,0,0,0,0,0,0,0,5,3,2,1,0,1,2,2,0,1,0,1,1,1,0,85,39,46,16,7,9,28,13,15,11,5,6,6,5,1,33,25,8,2,1,1,3,0,3,5,1,4,18,8,10,29,7,22,4,4,14,8,49,44,5,2,3,0,23,2,0
53384682,0,,,12,5,7,8,4,4,0,0,0,4,1,3,2,2,0,1,1,0,1,1,0,0,0,0,0,0,0,1,1,0,0,0,0,0,0,0,0,0,0,0,0,0,0,0,0,0,0,0,31,14,17,10,5,5,15,7,8,1,1,0,5,1,4,10,8,2,0,0,0,2,0,2,0,0,0,3,2,1,17,5,12,1,2,7,5,15,15,0,0,0,0,14,0,0
53384683,0,,,8,4,4,4,2,2,2,1,1,1,0,1,0,0,0,1,0,1,0,0,0,0,0,0,0,0,0,0,0,0,0,0,0,0,0,0,0,0,0,0,0,0,0,0,0,0,0,0,18,9,9,1,0,1,12,6,6,2,0,2,3,3,0,10,8,2,0,0,0,1,1,0,1,0,1,1,0,1,5,0,5,1,0,4,3,9,9,0,0,0,1,5,0,0
53384684,1,,53384694,19,14,5,10,8,2,0,0,0,8,5,3,3,1,2,0,0,0,0,0,0,0,0,0,0,0,0,0,0,0,0,0,0,1,1,0,0,0,0,1,1,0,0,0,0,0,0,0,40,23,17,14,7,7,17,10,7,8,5,3,0,0,0,14,13,1,1,1,0,4,2,2,3,1,2,1,1,0,18,6,12,1,0,12,8,23,22,1,1,0,0,16,1,0
53384690,0,,,12,7,5,6,5,1,0,0,0,5,1,4,2,2,0,0,0,0,1,1,0,0,0,0,1,1,0,0,0,0,0,0,0,1,0,1,0,0,0,0,0,0,0,0,0,1,0,1,30,18,12,10,4,6,16,12,4,2,0,2,2,2,0,9,8,1,0,0,0,3,2,1,1,1,0,1,1,0,18,7,11,1,0,9,5,14,14,0,0,0,0,12,0,0
53384694,2,53384684,,*,*,*,*,*,*,*,*,*,*,*,*,*,*,*,*,*,*,*,*,*,*,*,*,*,*,*,*,*,*,*,*,*,*,*,*,*,*,*,*,*,*,*,*,*,*,*,*,*,*,*,*,*,*,*,*,*,*,*,*,*,*,*,*,*,*,*,*,*,*,*,*,*,*,*,*,*,*,*,*,*,*,*,*,*,*,*,*,*,*,*,*,*,*
53384705,0,,,3,3,0,2,2,0,0,0,0,0,0,0,1,1,0,0,0,0,0,0,0,0,0,0,0,0,0,0,0,0,0,0,0,0,0,0,0,0,0,0,0,0,0,0,0,0,0,0,14,9,5,9,4,5,2,2,0,1,1,0,0,0,0,6,6,0,0,0,0,0,0,0,0,0,0,0,0,0,6,1,5,0,0,4,4,4,4,0,0,0,0,4,0,0
53384706,0,,,2,1,1,1,1,0,0,0,0,1,0,1,0,0,0,0,0,0,0,0,0,0,0,0,0,0,0,0,0,0,0,0,0,0,0,0,0,0,0,0,0,0,0,0,0,0,0,0,9,5,4,2,1,1,4,2,2,2,2,0,1,0,1,5,5,0,0,0,0,0,0,0,0,0,0,0,0,0,4,0,4,0,0,2,3,2,2,0,0,0,0,2,0,0
53384707,0,,,51,27,24,26,17,9,0,0,0,25,10,15,4,4,0,0,0,0,0,0,0,0,0,0,0,0,0,0,0,0,0,0,0,3,1,2,1,0,1,0,0,0,0,0,0,2,1,1,122,62,60,54,22,32,50,30,20,10,4,6,5,5,0,55,45,10,0,0,0,1,0,1,0,0,0,2,1,1,66,17,49,0,2,30,19,57,55,2,0,6,0,53,0,0
53384715,0,,,1,1,0,1,1,0,0,0,0,0,0,0,2,2,0,0,0,0,0,0,0,0,0,0,0,0,0,0,0,0,0,0,0,0,0,0,0,0,0,0,0,0,0,0,0,0,0,0,11,7,4,4,1,3,7,6,1,0,0,0,0,0,0,4,4,0,0,0,0,0,0,0,0,0,0,0,0,0,7,3,4,2,0,1,5,3,3,0,0,0,0,2,0,0
53384717,0,,,24,12,12,14,8,6,0,0,0,10,4,6,3,3,0,1,1,0,0,0,0,0,0,0,0,0,0,0,0,0,0,0,0,6,4,2,2,1,1,1,0,1,1,1,0,2,2,0,55,25,30,20,7,13,25,13,12,4,1,3,2,2,0,17,14,3,0,0,0,1,0,1,1,1,0,11,5,6,31,9,22,0,1,14,9,32,28,4,0,3,0,25,0,0
53384726,0,,,24,15,9,16,12,4,0,0,0,7,2,5,6,5,1,0,0,0,0,0,0,0,0,0,0,0,0,0,0,0,0,0,0,0,0,0,0,0,0,0,0,0,0,0,0,0,0,0,68,33,35,38,17,21,25,14,11,3,0,3,2,2,0,22,16,6,0,0,0,2,0,2,4,2,2,2,1,1,38,14,24,5,0,15,17,30,30,0,1,1,0,24,0,0
53384727,0,,,11,6,5,5,3,2,2,2,0,4,1,3,1,1,0,0,0,0,0,0,0,0,0,0,0,0,0,0,0,0,0,0,0,3,1,2,3,1,2,0,0,0,0,0,0,0,0,0,28,14,14,15,8,7,11,6,5,1,0,1,1,0,1,12,10,2,0,0,0,0,0,0,6,3,3,1,1,0,12,1,11,0,0,4,9,14,12,2,0,1,2,9,0,0
53384736,0,,,10,8,2,7,7,0,0,0,0,2,0,2,0,0,0,0,0,0,0,0,0,0,0,0,0,0,0,0,0,0,0,0,0,1,1,0,0,0,0,0,0,0,1,1,0,0,0,0,37,20,17,26,14,12,11,6,5,0,0,0,0,0,0,7,5,2,4,2,2,0,0,0,1,0,1,2,1,1,24,13,11,1,0,6,10,11,10,1,0,1,1,10,0,0
53384746,0,,,1,1,0,1,1,0,0,0,0,0,0,0,0,0,0,0,0,0,0,0,0,0,0,0,0,0,0,0,0,0,0,0,0,0,0,0,0,0,0,0,0,0,0,0,0,0,0,0,9,5,4,6,3,3,3,2,1,0,0,0,0,0,0,2,2,0,0,0,0,0,0,0,0,0,0,0,0,0,7,3,4,0,0,1,5,1,1,0,0,0,0,1,0,0
53384768,2,53384769,,*,*,*,*,*,*,*,*,*,*,*,*,*,*,*,*,*,*,*,*,*,*,*,*,*,*,*,*,*,*,*,*,*,*,*,*,*,*,*,*,*,*,*,*,*,*,*,*,*,*,*,*,*,*,*,*,*,*,*,*,*,*,*,*,*,*,*,*,*,*,*,*,*,*,*,*,*,*,*,*,*,*,*,*,*,*,*,*,*,*,*,*,*,*
53384769,1,,53384768;53384778;53384779,14,8,6,9,7,2,0,0,0,5,1,4,2,1,1,1,0,1,0,0,0,0,0,0,0,0,0,0,0,0,0,0,0,2,2,0,1,1,0,1,1,0,0,0,0,0,0,0,39,20,19,19,10,9,13,7,6,4,2,2,3,1,2,19,16,3,0,0,0,1,0,1,0,0,0,2,0,2,19,6,13,0,0,11,13,18,17,1,0,0,0,14,0,0
53384778,2,53384769,,*,*,*,*,*,*,*,*,*,*,*,*,*,*,*,*,*,*,*,*,*,*,*,*,*,*,*,*,*,*,*,*,*,*,*,*,*,*,*,*,*,*,*,*,*,*,*,*,*,*,*,*,*,*,*,*,*,*,*,*,*,*,*,*,*,*,*,*,*,*,*,*,*,*,*,*,*,*,*,*,*,*,*,*,*,*,*,*,*,*,*,*,*,*
53384779,2,53384769,,*,*,*,*,*,*,*,*,*,*,*,*,*,*,*,*,*,*,*,*,*,*,*,*,*,*,*,*,*,*,*,*,*,*,*,*,*,*,*,*,*,*,*,*,*,*,*,*,*,*,*,*,*,*,*,*,*,*,*,*,*,*,*,*,*,*,*,*,*,*,*,*,*,*,*,*,*,*,*,*,*,*,*,*,*,*,*,*,*,*,*,*,*,*
53384796,0,,,17,11,6,12,10,2,0,0,0,5,1,4,5,4,1,2,2,0,0,0,0,0,0,0,0,0,0,0,0,0,0,0,0,0,0,0,0,0,0,0,0,0,0,0,0,0,0,0,52,25,27,29,11,18,15,10,5,5,2,3,3,2,1,7,5,2,2,1,1,3,3,0,0,0,0,3,2,1,37,14,23,1,0,14,12,24,24,0,0,0,1,17,0,2
53384797,1,,53384798,5,3,2,4,3,1,0,0,0,1,0,1,1,1,0,0,0,0,0,0,0,0,0,0,0,0,0,0,0,0,0,0,0,0,0,0,0,0,0,0,0,0,0,0,0,0,0,0,19,10,9,12,7,5,6,2,4,1,1,0,0,0,0,4,2,2,0,0,0,0,0,0,0,0,0,2,1,1,13,7,6,1,0,4,6,6,6,0,1,0,0,4,0,0
53384798,2,53384797,,*,*,*,*,*,*,*,*,*,*,*,*,*,*,*,*,*,*,*,*,*,*,*,*,*,*,*,*,*,*,*,*,*,*,*,*,*,*,*,*,*,*,*,*,*,*,*,*,*,*,*,*,*,*,*,*,*,*,*,*,*,*,*,*,*,*,*,*,*,*,*,*,*,*,*,*,*,*,*,*,*,*,*,*,*,*,*,*,*,*,*,*,*,*
53385001,1,,53385002,12,8,4,7,5,2,0,0,0,5,3,2,1,1,0,2,1,1,0,0,0,0,0,0,0,0,0,0,0,0,0,0,0,0,0,0,0,0,0,0,0,0,0,0,0,0,0,0,24,13,11,7,3,4,9,5,4,2,1,1,4,2,2,8,5,3,0,0,0,0,0,0,1,1,0,0,0,0,14,6,8,1,0,6,3,15,15,0,0,0,0,11,0,0
53385002,2,53385001,,*,*,*,*,*,*,*,*,*,*,*,*,*,*,*,*,*,*,*,*,*,*,*,*,*,*,*,*,*,*,*,*,*,*,*,*,*,*,*,*,*,*,*,*,*,*,*,*,*,*,*,*,*,*,*,*,*,*,*,*,*,*,*,*,*,*,*,*,*,*,*,*,*,*,*,*,*,*,*,*,*,*,*,*,*,*,*,*,*,*,*,*,*,*
53385006,2,53385016,,*,*,*,*,*,*,*,*,*,*,*,*,*,*,*,*,*,*,*,*,*,*,*,*,*,*,*,*,*,*,*,*,*,*,*,*,*,*,*,*,*,*,*,*,*,*,*,*,*,*,*,*,*,*,*,*,*,*,*,*,*,*,*,*,*,*,*,*,*,*,*,*,*,*,*,*,*,*,*,*,*,*,*,*,*,*,*,*,*,*,*,*,*,*
53385015,2,53385016,,*,*,*,*,*,*,*,*,*,*,*,*,*,*,*,*,*,*,*,*,*,*,*,*,*,*,*,*,*,*,*,*,*,*,*,*,*,*,*,*,*,*,*,*,*,*,*,*,*,*,*,*,*,*,*,*,*,*,*,*,*,*,*,*,*,*,*,*,*,*,*,*,*,*,*,*,*,*,*,*,*,*,*,*,*,*,*,*,*,*,*,*,*,*
53385016,1,,53385006;53385015;53385025,32,20,12,16,10,6,1,1,0,14,8,6,10,8,2,4,0,4,0,0,0,0,0,0,0,0,0,0,0,0,0,0,0,0,0,0,0,0,0,0,0,0,0,0,0,0,0,0,84,41,43,16,7,9,41,21,20,7,4,3,1,1,0,28,23,5,1,1,0,4,3,1,0,0,0,8,4,4,43,10,33,10,0,21,14,46,46,0,1,0,0,29,0,0
53385025,2,53385016,,*,*,*,*,*,*,*,*,*,*,*,*,*,*,*,*,*,*,*,*,*,*,*,*,*,*,*,*,*,*,*,*,*,*,*,*,*,*,*,*,*,*,*,*,*,*,*,*,*,*,*,*,*,*,*,*,*,*,*,*,*,*,*,*,*,*,*,*,*,*,*,*,*,*,*,*,*,*,*,*,*,*,*,*,*,*,*,*,*,*,*,*,*,*
53385026,0,,,27,13,14,20,13,7,1,0,1,6,0,6,10,9,1,5,0,5,4,3,1,0,0,0,3,2,1,0,0,0,1,1,0,10,4,6,6,4,2,3,0,3,1,0,1,0,0,0,58,28,30,5,1,4,27,14,13,9,4,5,8,6,2,28,20,8,0,0,0,12,7,5,5,1,4,4,0,4,23,7,16,1,7,10,3,46,42,4,0,1,1,29,0,0
53385027,0,,,10,7,3,7,5,2,0,0,0,3,2,1,2,1,1,0,0,0,0,0,0,0,0,0,0,0,0,0,0,0,0,0,0,2,1,1,0,0,0,2,1,1,0,0,0,0,0,0,22,13,9,5,3,2,7,6,1,6,1,5,1,1,0,12,10,2,1,1,0,0,0,0,4,2,2,2,1,1,5,0,5,0,0,7,3,14,12,2,0,0,0,13,0,0
53385031,2,53385041,,*,*,*,*,*,*,*,*,*,*,*,*,*,*,*,*,*,*,*,*,*,*,*,*,*,*,*,*,*,*,*,*,*,*,*,*,*,*,*,*,*,*,*,*,*,*,*,*,*,*,*,*,*,*,*,*,*,*,*,*,*,*,*,*,*,*,*,*,*,*,*,*,*,*,*,*,*,*,*,*,*,*,*,*,*,*,*,*,*,*,*,*,*,*
53385032,2,53385041,,*,*,*,*,*,*,*,*,*,*,*,*,*,*,*,*,*,*,*,*,*,*,*,*,*,*,*,*,*,*,*,*,*,*,*,*,*,*,*,*,*,*,*,*,*,*,*,*,*,*,*,*,*,*,*,*,*,*,*,*,*,*,*,*,*,*,*,*,*,*,*,*,*,*,*,*,*,*,*,*,*,*,*,*,*,*,*,*,*,*,*,*,*,*
53385033,2,53385042,,*,*,*,*,*,*,*,*,*,*,*,*,*,*,*,*,*,*,*,*,*,*,*,*,*,*,*,*,*,*,*,*,*,*,*,*,*,*,*,*,*,*,*,*,*,*,*,*,*,*,*,*,*,*,*,*,*,*,*,*,*,*,*,*,*,*,*,*,*,*,*,*,*,*,*,*,*,*,*,*,*,*,*,*,*,*,*,*,*,*,*,*,*,*
53385036,0,,,5,4,1,4,4,0,0,0,0,1,0,1,1,1,0,1,0,1,2,1,1,0,0,0,0,0,0,0,0,0,2,1,1,2,2,0,0,0,0,1,1,0,0,0,0,1,1,0,17,8,9,4,1,3,8,5,3,2,0,2,3,2,1,5,3,2,1,1,0,4,2,2,0,0,0,4,3,1,7,2,5,1,0,4,3,9,7,2,0,0,0,6,0,0
53385037,0,,,12,6,6,5,3,2,2,2,0,4,0,4,3,3,0,0,0,0,1,0,1,0,0,0,1,0,1,0,0,0,0,0,0,5,3,2,5,3,2,0,0,0,0,0,0,0,0,0,28,14,14,3,1,2,14,9,5,5,2,3,3,1,2,15,12,3,1,0,1,5,3,2,2,1,1,1,0,1,10,1,9,1,2,4,5,15,15,0,0,0,0,11,0,0
53385041,1,,53385031;53385032,13,7,6,6,5,1,1,1,0,6,1,5,2,2,0,0,0,0,0,0,0,0,0,0,0,0,0,0,0,0,0,0,0,5,0,5,5,0,5,0,0,0,0,0,0,0,0,0,32,18,14,5,3,2,14,8,6,4,2,2,3,3,0,12,8,4,0,0,0,2,1,1,10,4,6,1,0,1,12,5,7,1,0,6,4,17,17,0,0,0,0,14,0,0
53385042,1,,53385033;53385043,40,19,21,19,11,8,3,2,1,17,6,11,14,12,2,7,3,4,5,3,2,0,0,0,4,2,2,0,0,0,1,1,0,8,5,3,8,5,3,0,0,0,0,0,0,0,0,0,92,47,45,11,4,7,42,24,18,13,2,11,19,14,5,41,34,7,1,1,0,12,5,7,6,2,4,8,3,5,37,10,27,5,5,20,8,63,61,2,0,0,0,44,0,0
53385043,2,53385042,,*,*,*,*,*,*,*,*,*,*,*,*,*,*,*,*,*,*,*,*,*,*,*,*,*,*,*,*,*,*,*,*,*,*,*,*,*,*,*,*,*,*,*,*,*,*,*,*,*,*,*,*,*,*,*,*,*,*,*,*,*,*,*,*,*,*,*,*,*,*,*,*,*,*,*,*,*,*,*,*,*,*,*,*,*,*,*,*,*,*,*,*,*,*
53385046,0,,,15,5,10,9,4,5,0,0,0,5,0,5,4,3,1,1,1,0,1,1,0,0,0,0,1,1,0,0,0,0,0,0,0,2,1,1,2,1,1,0,0,0,0,0,0,0,0,0,26,12,14,2,2,0,14,6,8,2,0,2,6,3,3,7,5,2,0,0,0,0,0,0,5,3,2,4,1,3,13,5,8,0,1,9,3,21,20,1,2,0,0,16,0,0
53385047,0,,,49,27,22,28,19,9,0,0,0,20,7,13,12,7,5,2,0,2,4,1,3,0,0,0,3,1,2,0,0,0,1,0,1,15,9,6,10,5,5,5,4,1,0,0,0,0,0,0,94,46,48,13,5,8,50,26,24,14,5,9,15,9,6,24,20,4,6,2,4,16,10,6,12,6,6,11,4,7,44,14,30,3,4,27,6,69,63,6,3,1,4,53,1,3
53385051,2,53385052,,*,*,*,*,*,*,*,*,*,*,*,*,*,*,*,*,*,*,*,*,*,*,*,*,*,*,*,*,*,*,*,*,*,*,*,*,*,*,*,*,*,*,*,*,*,*,*,*,*,*,*,*,*,*,*,*,*,*,*,*,*,*,*,*,*,*,*,*,*,*,*,*,*,*,*,*,*,*,*,*,*,*,*,*,*,*,*,*,*,*,*,*,*,*
53385052,1,,53385051,51,25,26,29,16,13,1,1,0,21,8,13,15,12,3,10,2,8,11,6,5,0,0,0,5,2,3,1,1,0,5,3,2,17,8,9,11,7,4,3,0,3,0,0,0,3,1,2,115,52,63,13,3,10,51,24,27,23,7,16,17,13,4,40,22,18,6,3,3,14,8,6,5,3,2,23,11,12,55,19,36,8,4,24,12,82,77,5,0,2,0,57,0,0
53385053,0,,,2,2,0,1,1,0,0,0,0,1,1,0,4,2,2,1,0,1,0,0,0,0,0,0,0,0,0,0,0,0,0,0,0,1,1,0,1,1,0,0,0,0,0,0,0,0,0,0,9,5,4,0,0,0,2,1,1,1,1,0,2,1,1,4,4,0,1,0,1,0,0,0,0,0,0,1,1,0,4,1,3,1,0,3,0,8,8,0,0,0,0,2,0,0
53385056,0,,,75,41,34,48,32,16,1,1,0,25,7,18,11,8,3,5,0,5,9,4,5,0,0,0,6,3,3,0,0,0,3,1,2,27,10,17,17,7,10,8,3,5,0,0,0,2,0,2,137,65,72,17,6,11,68,34,34,31,10,21,21,15,6,51,29,22,4,3,1,11,5,6,12,4,8,26,11,15,69,27,42,4,3,40,10,101,91,10,4,3,0,83,0,0
53385057,0,,,23,12,11,12,8,4,0,0,0,10,3,7,5,5,0,3,0,3,1,0,1,0,0,0,1,0,1,0,0,0,0,0,0,6,1,5,4,0,4,1,0,1,0,0,0,1,1,0,48,25,23,4,2,2,24,13,11,8,3,5,9,6,3,7,4,3,5,1,4,4,3,1,2,0,2,22,13,9,15,5,10,5,0,15,6,33,31,2,3,0,0,21,0,0
53385061,2,53385062,,*,*,*,*,*,*,*,*,*,*,*,*,*,*,*,*,*,*,*,*,*,*,*,*,*,*,*,*,*,*,*,*,*,*,*,*,*,*,*,*,*,*,*,*,*,*,*,*,*,*,*,*,*,*,*,*,*,*,*,*,*,*,*,*,*,*,*,*,*,*,*,*,*,*,*,*,*,*,*,*,*,*,*,*,*,*,*,*,*,*,*,*,*,*
53385062,1,,53385061,42,21,21,23,15,8,1,0,1,16,4,12,4,2,2,2,1,1,8,2,6,0,0,0,7,2,5,0,0,0,1,0,1,11,5,6,8,2,6,2,2,0,0,0,0,1,1,0,73,33,40,17,5,12,33,19,14,10,2,8,8,5,3,27,19,8,5,2,3,9,2,7,11,4,7,2,1,1,36,11,25,0,3,19,10,51,48,3,0,1,0,41,1,2
53385063,0,,,22,13,9,17,12,5,1,0,1,3,0,3,4,3,1,1,0,1,7,6,1,0,0,0,4,4,0,0,0,0,3,2,1,8,4,4,8,4,4,0,0,0,0,0,0,0,0,0,39,19,20,4,1,3,15,7,8,8,4,4,9,5,4,18,10,8,3,2,1,12,7,5,7,4,3,1,1,0,10,3,7,1,0,13,2,29,29,0,1,0,0,24,0,0
53385066,0,,,71,37,34,31,25,6,1,1,0,34,8,26,9,8,1,3,0,3,12,10,2,0,0,0,11,10,1,0,0,0,1,0,1,20,8,12,13,6,7,5,2,3,1,0,1,1,0,1,119,58,61,16,5,11,56,28,28,19,5,14,18,14,4,51,38,13,6,2,4,11,4,7,15,7,8,15,7,8,52,18,34,2,5,36,13,91,84,7,5,1,0,70,0,1
53385067,0,,,4,2,2,2,2,0,0,0,0,2,0,2,2,2,0,0,0,0,0,0,0,0,0,0,0,0,0,0,0,0,0,0,0,4,1,3,4,1,3,0,0,0,0,0,0,0,0,0,9,5,4,2,1,1,3,2,1,1,0,1,1,1,0,6,3,3,0,0,0,1,1,0,0,0,0,3,1,2,3,1,2,1,0,3,1,7,6,1,1,0,0,4,0,0
53385070,0,,,10,5,5,7,3,4,0,0,0,2,1,1,1,1,0,0,0,0,4,2,2,0,0,0,3,2,1,0,0,0,1,0,1,1,1,0,1,1,0,0,0,0,0,0,0,0,0,0,23,10,13,4,2,2,11,5,6,6,2,4,2,1,1,8,4,4,5,2,3,4,3,1,0,0,0,0,0,0,11,4,7,2,0,8,1,11,11,0,2,0,0,8,0,0
53385071,0,,,39,21,18,31,18,13,1,0,1,6,2,4,7,5,2,5,1,4,2,0,2,0,0,0,0,0,0,0,0,0,2,0,2,1,1,0,1,1,0,0,0,0,0,0,0,0,0,0,68,34,34,5,1,4,29,17,12,15,3,12,15,11,4,22,14,8,1,1,0,8,4,4,2,1,1,4,2,2,34,13,21,1,2,19,1,53,53,0,0,0,1,38,0,0
53385072,0,,,27,18,9,17,12,5,0,0,0,10,6,4,8,7,1,4,1,3,1,1,0,0,0,0,1,1,0,0,0,0,0,0,0,4,1,3,3,1,2,1,0,1,0,0,0,0,0,0,56,28,28,12,3,9,32,17,15,3,1,2,7,6,1,22,19,3,0,0,0,1,0,1,3,1,2,7,4,3,28,6,22,3,4,13,5,40,39,1,0,0,0,28,1,1
53385073,0,,,11,6,5,5,4,1,0,0,0,3,0,3,6,5,1,3,1,2,2,2,0,0,0,0,2,2,0,0,0,0,0,0,0,3,2,1,3,2,1,0,0,0,0,0,0,0,0,0,33,14,19,6,3,3,16,6,10,5,2,3,6,3,3,14,10,4,0,0,0,4,3,1,0,0,0,4,0,4,16,5,11,4,1,5,5,20,20,0,0,0,0,8,0,0
53385076,0,,,119,67,52,80,51,29,0,0,0,34,12,22,21,17,4,8,0,8,19,11,8,0,0,0,15,8,7,0,0,0,4,3,1,29,15,14,21,13,8,8,2,6,0,0,0,0,0,0,389,155,234,40,20,20,114,52,62,36,10,26,46,36,10,66,47,19,51,18,33,108,36,72,63,21,42,43,19,24,106,40,66,8,5,67,22,159,148,11,14,4,1,111,0,2
53385080,0,,,125,67,58,77,48,29,3,1,2,37,13,24,26,19,7,11,2,9,13,7,6,0,0,0,8,5,3,0,0,0,5,2,3,32,19,13,21,15,6,9,3,6,0,0,0,2,1,1,250,116,134,30,9,21,111,52,59,35,11,24,46,30,16,93,50,43,6,4,2,16,6,10,21,12,9,36,18,18,123,52,71,7,14,58,19,179,168,11,0,4,0,128,2,7
53385081,0,,,17,9,8,13,8,5,1,0,1,3,1,2,6,5,1,1,0,1,0,0,0,0,0,0,0,0,0,0,0,0,0,0,0,3,1,2,1,1,0,2,0,2,0,0,0,0,0,0,40,20,20,10,5,5,19,9,10,5,2,3,3,3,0,14,10,4,0,0,0,0,0,0,0,0,0,11,5,6,18,6,12,1,1,7,3,28,26,2,0,1,0,20,1,0
53385082,1,,53385083,86,45,41,52,34,18,0,0,0,33,10,23,13,10,3,9,1,8,7,4,3,0,0,0,5,2,3,0,0,0,2,2,0,21,12,9,17,9,8,3,2,1,0,0,0,1,1,0,168,76,92,35,10,25,81,44,37,32,9,23,18,12,6,59,44,15,3,0,3,18,9,9,11,5,6,22,11,11,81,22,59,4,11,38,21,112,108,4,2,1,0,84,1,3
53385083,2,53385082,,*,*,*,*,*,*,*,*,*,*,*,*,*,*,*,*,*,*,*,*,*,*,*,*,*,*,*,*,*,*,*,*,*,*,*,*,*,*,*,*,*,*,*,*,*,*,*,*,*,*,*,*,*,*,*,*,*,*,*,*,*,*,*,*,*,*,*,*,*,*,*,*,*,*,*,*,*,*,*,*,*,*,*,*,*,*,*,*,*,*,*,*,*,*
53385084,0,,,12,6,6,6,4,2,0,0,0,4,1,3,1,1,0,0,0,0,1,0,1,0,0,0,1,0,1,0,0,0,0,0,0,10,4,6,9,4,5,1,0,1,0,0,0,0,0,0,19,10,9,3,2,1,8,4,4,7,3,4,1,1,0,2,2,0,0,0,0,2,1,1,9,3,6,9,5,4,8,3,5,0,0,7,1,14,13,1,2,0,0,11,0,0
53385085,0,,,72,41,31,49,32,17,2,1,1,20,7,13,14,12,2,6,0,6,3,1,2,0,0,0,3,1,2,0,0,0,0,0,0,25,16,9,18,12,6,6,4,2,1,0,1,0,0,0,155,76,79,21,7,14,69,39,30,30,12,18,20,12,8,56,43,13,1,0,1,2,0,2,13,7,6,35,14,21,76,29,47,5,2,38,18,98,92,6,2,0,1,72,0,2
53385086,0,,,8,4,4,3,2,1,0,0,0,5,2,3,1,0,1,0,0,0,2,1,1,0,0,0,2,1,1,0,0,0,0,0,0,5,3,2,2,1,1,1,1,0,0,0,0,2,1,1,18,9,9,1,0,1,9,5,4,4,1,3,3,2,1,3,2,1,1,1,0,3,1,2,7,4,3,6,3,3,5,2,3,0,2,3,4,12,9,3,0,1,0,12,0,1
53385087,1,,53385097,67,32,35,40,21,19,1,0,1,24,9,15,21,19,2,6,0,6,5,2,3,0,0,0,3,0,3,0,0,0,2,2,0,10,4,6,6,1,5,3,2,1,1,1,0,0,0,0,160,76,84,34,13,21,73,37,36,17,5,12,15,11,4,63,47,16,5,2,3,12,4,8,5,3,2,9,5,4,81,21,60,5,7,35,18,104,99,5,1,0,0,75,1,1
53385090,0,,,72,36,36,44,25,19,2,1,1,17,4,13,20,14,6,9,1,8,9,3,6,0,0,0,7,1,6,0,0,0,2,2,0,18,11,7,15,8,7,3,3,0,0,0,0,0,0,0,140,61,79,17,6,11,77,30,47,22,10,12,11,8,3,49,32,17,1,1,0,4,3,1,16,6,10,24,10,14,73,23,50,4,5,34,11,104,101,3,0,0,0,73,0,1
53385091,0,,,6,2,4,3,1,2,0,0,0,2,0,2,4,3,1,0,0,0,1,1,0,0,0,0,0,0,0,0,0,0,1,1,0,4,4,0,3,3,0,1,1,0,0,0,0,0,0,0,19,8,11,7,4,3,6,3,3,4,0,4,1,1,0,10,6,4,0,0,0,0,0,0,0,0,0,4,2,2,10,5,5,1,0,5,4,11,10,1,2,0,0,6,0,2
53385092,0,,,69,34,35,41,23,18,5,1,4,23,10,13,13,13,0,2,0,2,4,3,1,0,0,0,4,3,1,0,0,0,0,0,0,19,10,9,10,6,4,4,2,2,3,2,1,2,0,2,135,65,70,27,12,15,75,36,39,14,6,8,14,8,6,42,28,14,0,0,0,9,6,3,11,7,4,17,6,11,79,31,48,5,4,35,10,96,87,9,0,0,1,78,1,1
53385093,0,,,139,71,68,86,56,30,0,0,0,47,10,37,12,11,1,2,0,2,25,12,13,0,0,0,13,8,5,0,0,0,12,4,8,46,23,23,33,17,16,11,5,6,0,0,0,2,1,1,265,121,144,39,12,27,119,57,62,52,16,36,48,33,15,91,65,26,5,3,2,50,22,28,28,10,18,39,17,22,123,39,84,4,14,64,39,165,153,12,5,1,1,139,3,8
53385094,0,,,214,114,100,135,86,49,4,2,2,59,13,46,25,19,6,11,2,9,34,20,14,0,0,0,12,10,2,0,0,0,22,10,12,68,37,31,47,27,20,16,8,8,0,0,0,5,2,3,402,191,211,50,17,33,149,71,78,83,32,51,82,56,26,126,84,42,26,12,14,72,39,33,52,27,25,70,30,40,158,56,102,4,12,120,44,277,253,24,17,5,4,205,2,4
53385095,0,,,99,50,49,62,38,24,1,0,1,30,7,23,14,10,4,4,1,3,12,5,7,0,0,0,9,4,5,0,0,0,3,1,2,21,12,9,14,9,5,6,3,3,0,0,0,1,0,1,299,107,192,17,7,10,101,49,52,41,12,29,32,19,13,69,42,27,32,9,23,53,8,45,42,11,31,25,10,15,103,40,63,1,2,55,35,126,119,7,3,1,1,103,1,1
53385097,2,53385087,,*,*,*,*,*,*,*,*,*,*,*,*,*,*,*,*,*,*,*,*,*,*,*,*,*,*,*,*,*,*,*,*,*,*,*,*,*,*,*,*,*,*,*,*,*,*,*,*,*,*,*,*,*,*,*,*,*,*,*,*,*,*,*,*,*,*,*,*,*,*,*,*,*,*,*,*,*,*,*,*,*,*,*,*,*,*,*,*,*,*,*,*,*,*
53385215,0,,,12,6,6,4,2,2,0,0,0,3,1,2,4,4,0,2,0,2,0,0,0,0,0,0,0,0,0,0,0,0,0,0,0,4,2,2,2,1,1,1,1,0,0,0,0,1,0,1,29,15,14,2,0,2,15,9,6,5,0,5,7,6,1,0,0,0,0,0,0,7,4,3,11,5,6,4,2,2,11,6,5,0,2,7,6,19,18,1,0,0,0,8,0,0
53385216,0,,,4,2,2,0,0,0,0,0,0,4,2,2,1,1,0,0,0,0,0,0,0,0,0,0,0,0,0,0,0,0,0,0,0,0,0,0,0,0,0,0,0,0,0,0,0,0,0,0,12,5,7,3,1,2,4,2,2,1,0,1,4,2,2,0,0,0,0,0,0,0,0,0,1,1,0,10,4,6,1,0,1,1,1,1,5,5,5,0,0,0,0,5,0,0
53385225,0,,,19,10,9,10,7,3,0,0,0,8,2,6,6,4,2,2,0,2,2,0,2,0,0,0,2,0,2,0,0,0,0,0,0,4,1,3,1,1,0,3,0,3,0,0,0,0,0,0,56,26,30,4,1,3,18,9,9,10,3,7,18,11,7,8,5,3,1,0,1,5,1,4,10,6,4,19,9,10,19,6,13,4,1,13,14,29,27,2,0,1,1,21,0,0
53385226,0,,,8,5,3,3,3,0,1,0,1,2,0,2,2,2,0,1,0,1,0,0,0,0,0,0,0,0,0,0,0,0,0,0,0,2,1,1,2,1,1,0,0,0,0,0,0,0,0,0,29,15,14,2,2,0,15,4,11,4,2,2,8,7,1,3,3,0,0,0,0,4,1,3,3,1,2,14,7,7,7,4,3,0,0,7,8,11,11,0,0,1,0,6,0,0
53385227,0,,,14,8,6,6,3,3,0,0,0,8,5,3,4,4,0,3,0,3,1,0,1,0,0,0,1,0,1,0,0,0,0,0,0,5,2,3,2,1,1,1,0,1,0,0,0,2,1,1,51,23,28,5,2,3,20,7,13,7,3,4,15,9,6,8,3,5,0,0,0,2,2,0,14,6,8,11,5,6,22,9,13,3,2,8,15,23,21,2,3,0,0,15,1,1
53385229,2,53385239,,*,*,*,*,*,*,*,*,*,*,*,*,*,*,*,*,*,*,*,*,*,*,*,*,*,*,*,*,*,*,*,*,*,*,*,*,*,*,*,*,*,*,*,*,*,*,*,*,*,*,*,*,*,*,*,*,*,*,*,*,*,*,*,*,*,*,*,*,*,*,*,*,*,*,*,*,*,*,*,*,*,*,*,*,*,*,*,*,*,*,*,*,*,*
53385234,0,,,10,5,5,3,3,0,0,0,0,7,2,5,7,3,4,0,0,0,0,0,0,0,0,0,0,0,0,0,0,0,0,0,0,1,1,0,0,0,0,0,0,0,0,0,0,1,1,0,41,16,25,3,1,2,26,9,17,4,1,3,8,5,3,2,1,1,0,0,0,5,3,2,5,2,3,22,7,15,8,4,4,0,1,7,12,17,17,0,0,1,0,10,0,0
53385235,0,,,47,25,22,24,15,9,1,0,1,19,7,12,9,7,2,5,1,4,0,0,0,0,0,0,0,0,0,0,0,0,0,0,0,5,4,1,2,1,1,2,2,0,0,0,0,1,1,0,123,60,63,7,4,3,54,25,29,23,7,16,25,17,8,10,8,2,6,3,3,19,9,10,11,5,6,41,21,20,38,16,22,3,0,35,30,61,61,0,1,0,0,47,1,0
53385236,0,,,9,4,5,5,3,2,0,0,0,4,1,3,6,5,1,5,1,4,0,0,0,0,0,0,0,0,0,0,0,0,0,0,0,2,2,0,1,1,0,1,1,0,0,0,0,0,0,0,34,17,17,6,3,3,18,10,8,6,1,5,4,3,1,7,6,1,0,0,0,0,0,0,7,5,2,3,1,2,19,7,12,3,1,7,10,21,20,1,0,1,1,9,1,0
53385237,0,,,26,15,11,7,6,1,2,0,2,11,5,6,12,8,4,2,0,2,2,0,2,0,0,0,1,0,1,0,0,0,1,0,1,7,3,4,5,3,2,1,0,1,0,0,0,1,0,1,77,40,37,6,4,2,32,18,14,11,3,8,22,12,10,3,1,2,0,0,0,20,13,7,24,9,15,23,13,10,16,7,9,6,1,18,20,42,40,2,3,2,0,18,1,0
53385238,0,,,46,23,23,21,13,8,1,0,1,22,8,14,5,5,0,2,0,2,1,0,1,0,0,0,1,0,1,0,0,0,0,0,0,9,3,6,5,2,3,3,0,3,0,0,0,1,1,0,90,42,48,8,3,5,40,20,20,20,5,15,18,12,6,22,14,8,2,1,1,14,7,7,3,0,3,20,9,11,39,14,25,6,4,21,15,57,53,4,4,4,0,48,0,0
53385239,1,,53385229,103,55,48,52,35,17,3,2,1,48,18,30,15,14,1,10,0,10,12,6,6,0,0,0,6,3,3,0,0,0,6,3,3,14,4,10,7,3,4,3,1,2,1,0,1,3,0,3,217,107,110,32,14,18,105,52,53,33,8,25,41,30,11,52,37,15,3,1,2,22,11,11,14,5,9,40,18,22,112,45,67,11,13,44,29,135,128,7,3,6,1,100,2,1
53385244,0,,,14,5,9,5,0,5,0,0,0,7,3,4,4,3,1,0,0,0,2,0,2,0,0,0,2,0,2,0,0,0,0,0,0,4,1,3,1,0,1,1,0,1,0,0,0,2,1,1,46,22,24,7,3,4,19,10,9,4,2,2,14,6,8,4,3,1,0,0,0,9,2,7,6,3,3,13,6,7,20,9,11,2,3,5,12,22,20,2,1,1,0,15,3,0
53385245,0,,,74,43,31,37,24,13,1,1,0,30,13,17,32,27,5,11,1,10,1,0,1,1,0,1,0,0,0,0,0,0,0,0,0,14,5,9,9,3,6,3,2,1,0,0,0,2,0,2,248,122,126,30,14,16,102,44,58,36,10,26,68,48,20,38,27,11,4,1,3,31,18,13,31,16,15,67,34,33,92,31,61,14,9,47,62,123,117,6,3,5,3,71,2,1
53385246,0,,,50,24,26,28,15,13,0,0,0,15,3,12,13,11,2,5,0,5,3,0,3,0,0,0,2,0,2,0,0,0,1,0,1,20,11,9,15,11,4,3,0,3,0,0,0,2,0,2,130,64,66,15,7,8,62,31,31,24,9,15,23,15,8,38,24,14,5,3,2,11,4,7,8,3,5,42,21,21,49,20,29,6,2,33,27,75,68,7,0,2,3,52,3,3
53385247,0,,,78,38,40,44,27,17,2,1,1,26,5,21,23,16,7,3,0,3,6,0,6,0,0,0,3,0,3,0,0,0,3,0,3,18,7,11,10,4,6,7,3,4,1,0,1,0,0,0,187,92,95,35,17,18,92,48,44,27,5,22,27,19,8,59,39,20,1,0,1,10,4,6,19,8,11,48,22,26,74,26,48,6,9,45,28,112,104,8,1,5,5,81,2,1
53385248,0,,,27,17,10,15,12,3,0,0,0,9,2,7,5,3,2,2,0,2,3,0,3,0,0,0,1,0,1,0,0,0,2,0,2,7,3,4,2,2,0,1,0,1,0,0,0,4,1,3,150,51,99,64,12,52,53,24,29,13,5,8,13,7,6,8,5,3,41,13,28,44,11,33,12,1,11,26,11,15,29,13,16,1,2,15,17,38,34,4,1,3,1,29,1,0
53385249,0,,,80,45,35,42,30,12,1,1,0,31,9,22,22,17,5,7,1,6,6,3,3,1,1,0,3,1,2,0,0,0,2,1,1,28,12,16,17,8,9,6,2,4,4,1,3,1,1,0,190,90,100,26,8,18,84,37,47,37,16,21,38,27,11,35,24,11,6,3,3,9,5,4,33,15,18,47,20,27,94,38,56,11,6,44,33,118,109,9,4,5,4,79,3,3
53385254,0,,,5,2,3,2,1,1,0,0,0,1,0,1,1,1,0,0,0,0,0,0,0,0,0,0,0,0,0,0,0,0,0,0,0,0,0,0,0,0,0,0,0,0,0,0,0,0,0,0,15,6,9,0,0,0,10,4,6,3,1,2,1,1,0,3,3,0,0,0,0,1,0,1,0,0,0,3,1,2,8,2,6,0,1,3,4,6,6,0,0,0,0,4,0,0
53385255,0,,,15,5,10,8,4,4,1,0,1,6,1,5,7,6,1,4,1,3,1,1,0,0,0,0,1,1,0,0,0,0,0,0,0,6,0,6,6,0,6,0,0,0,0,0,0,0,0,0,50,22,28,8,4,4,14,7,7,7,1,6,11,6,5,16,8,8,0,0,0,0,0,0,4,1,3,5,2,3,32,12,20,2,1,10,10,27,26,1,0,2,0,16,0,0
53385256,0,,,16,8,8,7,6,1,0,0,0,7,1,6,5,3,2,0,0,0,3,1,2,0,0,0,1,1,0,0,0,0,2,0,2,5,2,3,2,1,1,1,1,0,2,0,2,0,0,0,42,19,23,2,2,0,13,5,8,8,1,7,14,9,5,8,4,4,0,0,0,7,2,5,5,2,3,20,10,10,10,4,6,1,3,6,8,26,23,3,3,3,1,15,2,0
53385258,0,,,11,6,5,5,3,2,0,0,0,6,3,3,9,9,0,4,0,4,1,0,1,1,0,1,0,0,0,0,0,0,0,0,0,7,3,4,2,1,1,4,2,2,0,0,0,1,0,1,54,26,28,4,1,3,24,12,12,11,2,9,14,10,4,22,17,5,1,0,1,0,0,0,3,1,2,8,3,5,28,8,20,5,2,10,14,29,24,5,0,3,0,15,0,0
53385259,0,,,38,19,19,21,15,6,2,0,2,13,3,10,11,10,1,0,0,0,5,2,3,0,0,0,3,1,2,0,0,0,2,1,1,2,1,1,2,1,1,0,0,0,0,0,0,0,0,0,95,46,49,16,5,11,46,22,24,14,5,9,17,13,4,27,19,8,2,1,1,7,4,3,6,2,4,9,5,4,51,18,33,3,7,16,23,49,49,0,0,1,0,38,0,0
53385264,0,,,26,16,10,15,11,4,2,1,1,8,3,5,6,6,0,6,0,6,5,2,3,0,0,0,3,1,2,1,0,1,1,1,0,3,1,2,3,1,2,0,0,0,0,0,0,0,0,0,70,34,36,4,2,2,29,13,16,14,4,10,19,12,7,16,12,4,7,3,4,16,7,9,7,3,4,11,4,7,21,8,13,4,1,18,14,40,40,0,0,2,0,26,0,0
53385265,0,,,47,21,26,20,11,9,1,0,1,22,6,16,21,16,5,7,1,6,2,1,1,1,1,0,0,0,0,0,0,0,1,0,1,8,6,2,4,3,1,3,2,1,0,0,0,1,1,0,127,60,67,15,9,6,57,25,32,24,4,20,28,20,8,34,25,9,0,0,0,13,7,6,9,5,4,15,8,7,65,22,43,4,5,31,21,80,75,5,1,0,0,49,2,0
53385266,0,,,82,43,39,40,24,16,1,0,1,34,13,21,13,7,6,5,2,3,6,4,2,0,0,0,3,2,1,0,0,0,3,2,1,12,8,4,7,4,3,3,3,0,1,1,0,1,0,1,169,78,91,16,7,9,97,43,54,22,9,13,28,17,11,34,25,9,6,3,3,18,9,9,17,11,6,24,11,13,88,31,57,4,8,39,25,107,101,6,3,7,0,84,1,0
53385267,0,,,77,35,42,34,18,16,1,1,0,35,11,24,16,13,3,2,0,2,11,6,5,0,0,0,5,3,2,0,0,0,6,3,3,23,16,7,12,9,3,7,5,2,0,0,0,4,2,2,186,80,106,21,7,14,93,42,51,31,7,24,36,22,14,64,46,18,7,5,2,12,5,7,23,11,12,24,11,13,90,24,66,3,7,45,36,104,95,9,12,5,3,66,2,2
53385268,0,,,10,7,3,5,4,1,1,1,0,4,2,2,2,2,0,0,0,0,0,0,0,0,0,0,0,0,0,0,0,0,0,0,0,4,2,2,1,0,1,2,1,1,0,0,0,1,1,0,38,19,19,3,1,2,23,11,12,2,1,1,9,5,4,8,8,0,0,0,0,2,1,1,2,0,2,13,7,6,17,5,12,2,0,7,16,15,12,3,1,2,0,10,1,2
53385269,0,,,87,48,39,48,33,15,0,0,0,34,10,24,21,16,5,9,1,8,4,2,2,0,0,0,2,1,1,0,0,0,2,1,1,20,12,8,9,5,4,9,6,3,1,1,0,1,0,1,199,96,103,15,6,9,92,47,45,41,11,30,49,31,18,50,36,14,1,1,0,23,13,10,26,11,15,48,25,23,75,24,51,9,13,38,34,125,117,8,3,9,0,88,2,4
53385273,0,,,5,3,2,3,2,1,0,0,0,1,0,1,1,1,0,0,0,0,0,0,0,0,0,0,0,0,0,0,0,0,0,0,0,1,0,1,1,0,1,0,0,0,0,0,0,0,0,0,12,8,4,1,1,0,3,3,0,2,1,1,6,3,3,3,1,2,0,0,0,2,1,1,0,0,0,3,2,1,5,4,1,0,0,3,2,6,6,0,0,0,0,6,0,0
53385274,0,,,17,8,9,8,6,2,2,0,2,7,2,5,5,5,0,2,0,2,0,0,0,0,0,0,0,0,0,0,0,0,0,0,0,4,3,1,3,3,0,0,0,0,0,0,0,1,0,1,54,28,26,5,2,3,23,15,8,10,3,7,14,7,7,6,1,5,0,0,0,1,1,0,8,6,2,19,11,8,24,12,12,0,3,8,15,24,24,0,0,0,0,18,0,0
53385275,0,,,25,12,13,11,9,2,1,1,0,12,1,11,8,5,3,1,0,1,2,1,1,1,1,0,1,0,1,0,0,0,0,0,0,12,6,6,7,4,3,3,2,1,1,0,1,1,0,1,63,32,31,8,5,3,25,11,14,12,3,9,15,11,4,8,3,5,5,3,2,10,3,7,9,4,5,17,11,6,28,15,13,1,2,13,16,39,34,5,2,3,1,26,0,0
53385276,0,,,129,67,62,73,46,27,9,3,6,34,10,24,32,28,4,17,5,12,17,3,14,0,0,0,8,0,8,1,0,1,8,3,5,26,12,14,17,7,10,5,2,3,1,0,1,3,3,0,336,168,168,31,14,17,168,80,88,45,15,30,76,49,27,89,59,30,4,2,2,45,19,26,17,9,8,65,27,38,159,67,92,8,8,88,50,190,179,11,4,11,2,126,4,0
53385277,0,,,82,46,36,51,31,20,3,2,1,21,7,14,18,15,3,8,0,8,5,4,1,0,0,0,4,3,1,0,0,0,1,1,0,21,10,11,11,5,6,3,1,2,2,2,0,5,2,3,187,88,99,22,6,16,85,41,44,25,6,19,51,33,18,65,37,28,6,2,4,13,4,9,12,6,6,22,12,10,95,41,54,10,7,39,27,115,108,7,4,4,2,76,2,0
53385278,2,53385279,,*,*,*,*,*,*,*,*,*,*,*,*,*,*,*,*,*,*,*,*,*,*,*,*,*,*,*,*,*,*,*,*,*,*,*,*,*,*,*,*,*,*,*,*,*,*,*,*,*,*,*,*,*,*,*,*,*,*,*,*,*,*,*,*,*,*,*,*,*,*,*,*,*,*,*,*,*,*,*,*,*,*,*,*,*,*,*,*,*,*,*,*,*,*
53385279,1,,53385278,42,23,19,24,17,7,0,0,0,16,4,12,8,7,1,8,1,7,7,2,5,0,0,0,5,1,4,0,0,0,2,1,1,16,9,7,10,5,5,5,3,2,0,0,0,1,1,0,89,43,46,14,3,11,44,25,19,8,1,7,23,14,9,18,13,5,0,0,0,18,7,11,13,8,5,14,6,8,49,20,29,4,4,21,14,68,59,9,3,4,0,46,1,1
53385283,0,,,3,2,1,2,1,1,0,0,0,0,0,0,1,1,0,0,0,0,0,0,0,0,0,0,0,0,0,0,0,0,0,0,0,2,1,1,1,1,0,0,0,0,0,0,0,1,0,1,10,4,6,0,0,0,2,1,1,2,0,2,2,1,1,1,1,0,0,0,0,0,0,0,0,0,0,7,3,4,4,1,3,0,0,3,3,5,4,1,1,1,0,1,0,0
53385284,0,,,3,2,1,2,2,0,0,0,0,1,0,1,2,1,1,1,0,1,3,2,1,0,0,0,0,0,0,0,0,0,3,2,1,1,0,1,1,0,1,0,0,0,0,0,0,0,0,0,40,24,16,14,10,4,20,11,9,1,0,1,4,2,2,1,0,1,0,0,0,3,2,1,6,5,1,3,0,3,31,19,12,1,0,2,4,6,6,0,1,0,0,1,0,0
53385285,0,,,71,41,30,42,30,12,4,3,1,24,7,17,16,12,4,8,0,8,5,2,3,0,0,0,1,1,0,0,0,0,4,1,3,20,9,11,10,5,5,7,3,4,1,1,0,2,0,2,203,105,98,32,12,20,95,52,43,23,8,15,37,23,14,72,51,21,4,0,4,10,5,5,8,3,5,31,14,17,103,43,60,8,4,42,34,108,98,10,2,4,2,74,4,3
53385286,0,,,32,17,15,15,10,5,1,1,0,13,4,9,14,11,3,5,1,4,2,0,2,1,0,1,1,0,1,0,0,0,0,0,0,22,13,9,15,9,6,4,2,2,0,0,0,3,2,1,76,42,34,14,9,5,30,17,13,11,1,10,13,11,2,26,15,11,2,2,0,1,0,1,10,4,6,19,9,10,42,25,17,6,2,20,10,59,51,8,0,3,3,35,0,2
53385288,0,,,82,46,36,45,29,16,0,0,0,32,13,19,21,14,7,11,1,10,8,3,5,0,0,0,8,3,5,0,0,0,0,0,0,25,10,15,16,6,10,5,3,2,3,1,2,1,0,1,173,83,90,18,6,12,72,34,38,28,10,18,53,32,21,44,30,14,2,1,1,10,5,5,22,8,14,40,19,21,88,33,55,7,6,42,23,121,114,7,0,8,0,82,1,1
53385289,0,,,394,204,190,219,156,63,13,5,8,141,29,112,37,24,13,15,2,13,27,15,12,0,0,0,16,9,7,0,0,0,11,6,5,126,62,64,74,36,38,30,17,13,11,3,8,11,6,5,637,302,335,77,42,35,238,99,139,144,40,104,155,110,45,89,56,33,49,27,22,137,64,73,120,57,63,150,65,85,245,110,135,12,17,258,88,494,447,47,22,53,6,361,9,6
53385293,0,,,53,28,25,28,17,11,2,1,1,21,8,13,7,6,1,2,0,2,2,2,0,0,0,0,2,2,0,0,0,0,0,0,0,11,7,4,9,5,4,1,1,0,0,0,0,1,1,0,107,52,55,12,4,8,50,25,25,19,4,15,19,14,5,34,24,10,0,0,0,6,4,2,14,9,5,11,3,8,55,21,34,3,4,25,13,66,65,1,2,1,0,56,1,0
53385294,0,,,45,24,21,21,15,6,2,2,0,18,3,15,12,9,3,4,0,4,6,4,2,0,0,0,1,0,1,0,0,0,5,4,1,12,9,3,5,4,1,5,3,2,1,1,0,1,1,0,130,54,76,20,7,13,57,22,35,12,5,7,16,8,8,31,27,4,4,3,1,7,1,6,4,2,2,27,13,14,75,21,54,8,1,32,32,67,64,3,1,1,1,45,2,2
53385295,0,,,22,11,11,7,4,3,5,4,1,9,2,7,7,5,2,3,0,3,2,1,1,0,0,0,2,1,1,0,0,0,0,0,0,10,6,4,4,4,0,6,2,4,0,0,0,0,0,0,48,25,23,9,4,5,25,14,11,4,1,3,5,3,2,8,5,3,0,0,0,13,8,5,12,6,6,8,3,5,19,10,9,1,1,19,8,36,32,4,2,1,1,18,2,2
53385296,0,,,17,8,9,8,6,2,1,0,1,7,1,6,5,4,1,2,0,2,0,0,0,0,0,0,0,0,0,0,0,0,0,0,0,2,2,0,0,0,0,1,1,0,0,0,0,1,1,0,53,25,28,10,4,6,15,9,6,10,3,7,7,4,3,14,10,4,0,0,0,6,4,2,3,1,2,6,4,2,26,8,18,3,3,8,14,26,24,2,0,1,0,18,2,0
53385297,0,,,28,13,15,13,10,3,0,0,0,10,0,10,10,8,2,3,0,3,6,4,2,0,0,0,6,4,2,0,0,0,0,0,0,4,1,3,2,0,2,1,1,0,0,0,0,1,0,1,81,40,41,5,3,2,34,14,20,6,1,5,28,16,12,9,5,4,3,2,1,12,8,4,11,5,6,20,10,10,36,15,21,0,3,18,23,42,41,1,1,1,0,27,0,0
53385298,0,,,42,20,22,25,14,11,1,0,1,13,4,9,7,6,1,0,0,0,1,0,1,0,0,0,1,0,1,0,0,0,0,0,0,4,2,2,4,2,2,0,0,0,0,0,0,0,0,0,73,36,37,12,7,5,34,18,16,13,5,8,14,6,8,19,12,7,1,0,1,4,3,1,10,5,5,12,5,7,32,13,19,0,4,21,8,50,50,0,3,2,0,34,1,1
53385299,0,,,649,366,283,405,255,150,7,5,2,176,54,122,77,57,20,23,2,21,49,19,30,0,0,0,27,14,13,2,1,1,20,4,16,163,85,78,99,50,49,37,16,21,9,5,4,18,14,4,1186,589,597,150,58,92,463,217,246,182,56,126,327,223,104,193,120,73,75,53,22,172,93,79,228,108,120,193,93,100,537,226,311,16,13,442,184,815,756,59,86,60,13,448,8,16
53385301,0,,,41,25,16,23,16,7,0,0,0,11,3,8,4,4,0,2,0,2,1,1,0,0,0,0,0,0,0,0,0,0,1,1,0,3,1,2,2,0,2,0,0,0,0,0,0,1,1,0,105,51,54,16,8,8,64,32,32,13,4,9,11,6,5,30,24,6,5,4,1,1,1,0,3,1,2,12,4,8,58,19,39,3,2,22,23,48,47,1,0,2,0,34,2,1
53385302,0,,,35,18,17,21,13,8,3,1,2,9,3,6,3,2,1,0,0,0,2,2,0,0,0,0,2,2,0,0,0,0,0,0,0,11,7,4,8,5,3,3,2,1,0,0,0,0,0,0,60,29,31,5,3,2,37,20,17,12,3,9,6,3,3,13,9,4,3,2,1,3,1,2,3,2,1,23,11,12,28,13,15,0,2,21,10,42,38,4,0,1,0,36,1,4
53385303,0,,,196,103,93,108,71,37,4,2,2,76,22,54,26,22,4,8,0,8,11,6,5,0,0,0,3,1,2,1,1,0,7,4,3,42,20,22,23,12,11,15,6,9,1,1,0,3,1,2,434,220,214,85,40,45,224,115,109,47,13,34,77,52,25,63,42,21,12,6,6,28,14,14,64,40,24,68,26,42,251,118,133,14,3,113,44,249,230,19,3,26,3,190,3,2
53385304,0,,,200,96,104,131,76,55,5,4,1,60,13,47,31,28,3,9,2,7,14,7,7,3,1,2,2,1,1,2,1,1,7,4,3,95,57,38,49,30,19,24,16,8,5,1,4,17,10,7,373,171,202,29,13,16,191,85,106,59,12,47,92,59,33,88,53,35,9,4,5,19,10,9,55,24,31,101,49,52,208,93,115,9,12,114,47,283,240,43,8,30,3,208,5,10
53385305,0,,,197,112,85,116,76,40,5,5,0,69,24,45,35,29,6,14,2,12,20,11,9,0,0,0,14,7,7,0,0,0,6,4,2,60,32,28,33,20,13,15,8,7,4,1,3,8,3,5,378,191,187,44,18,26,214,116,98,59,14,45,45,33,12,97,71,26,7,4,3,37,20,17,47,23,24,93,45,48,177,71,106,13,20,102,44,274,246,28,7,12,3,209,6,8
53385306,0,,,23,14,9,11,9,2,1,1,0,10,3,7,9,8,1,5,1,4,2,0,2,0,0,0,2,0,2,0,0,0,0,0,0,7,5,2,4,2,2,2,2,0,1,1,0,0,0,0,61,32,29,9,5,4,38,20,18,7,2,5,5,4,1,14,9,5,0,0,0,1,1,0,3,1,2,16,8,8,36,18,18,6,2,13,7,39,37,2,1,0,0,25,2,1
53385307,1,,53385317,14,8,6,9,7,2,0,0,0,4,1,3,8,7,1,3,0,3,3,2,1,0,0,0,0,0,0,0,0,0,3,2,1,5,3,2,0,0,0,3,2,1,1,0,1,1,1,0,41,19,22,2,0,2,21,9,12,7,2,5,7,6,1,18,14,4,0,0,0,5,3,2,4,3,1,5,2,3,17,2,15,3,4,6,7,29,25,4,1,2,0,18,1,0
53385309,0,,,16,7,9,6,4,2,1,0,1,7,1,6,2,2,0,1,1,0,0,0,0,0,0,0,0,0,0,0,0,0,0,0,0,6,1,5,3,1,2,2,0,2,0,0,0,1,0,1,36,18,18,10,6,4,19,9,10,5,2,3,1,1,0,8,5,3,0,0,0,2,1,1,1,0,1,6,1,5,23,12,11,3,0,10,5,22,19,3,1,0,2,16,0,0
53385311,0,,,79,42,37,52,33,19,0,0,0,24,6,18,15,14,1,4,0,4,1,1,0,0,0,0,1,1,0,0,0,0,0,0,0,26,18,8,13,10,3,8,5,3,2,1,1,3,2,1,187,92,95,42,18,24,90,47,43,29,8,21,25,18,7,32,23,9,7,5,2,11,9,2,13,7,6,33,19,14,117,47,70,5,2,52,33,112,100,12,3,9,0,80,3,7
53385312,0,,,114,60,54,62,44,18,5,2,3,43,10,33,22,21,1,10,3,7,11,6,5,2,1,1,6,3,3,0,0,0,3,2,1,30,15,15,20,9,11,6,3,3,1,1,0,3,2,1,235,116,119,34,19,15,124,60,64,30,9,21,41,26,15,61,39,22,10,4,6,20,11,9,28,12,16,39,17,22,112,52,60,6,10,57,36,156,147,9,1,11,4,116,2,4
53385313,0,,,39,25,14,22,19,3,1,1,0,15,4,11,10,8,2,3,0,3,1,1,0,1,1,0,0,0,0,0,0,0,0,0,0,10,5,5,6,3,3,3,2,1,0,0,0,1,0,1,148,62,86,38,8,30,70,32,38,13,4,9,27,18,9,14,10,4,22,4,18,38,13,25,28,13,15,15,6,9,42,22,20,3,4,24,13,56,52,4,0,2,0,42,1,0
53385314,0,,,72,41,31,44,31,13,1,0,1,23,7,16,10,6,4,2,0,2,6,2,4,0,0,0,2,1,1,1,0,1,3,1,2,23,13,10,18,12,6,4,1,3,0,0,0,1,0,1,136,66,70,22,13,9,77,36,41,21,5,16,14,11,3,25,21,4,4,1,3,32,14,18,10,7,3,16,5,11,78,33,45,2,4,37,12,89,84,5,3,6,0,70,1,0
53385315,0,,,151,84,67,90,61,29,3,0,3,46,13,33,26,20,6,15,2,13,10,5,5,0,0,0,4,3,1,2,0,2,4,2,2,42,20,22,26,12,14,10,5,5,1,1,0,5,2,3,367,179,188,51,21,30,178,85,93,56,18,38,77,53,24,78,51,27,6,4,2,20,10,10,42,21,21,93,44,49,180,74,106,11,8,88,61,210,196,14,2,12,4,165,6,2
53385316,0,,,85,40,45,37,29,8,3,1,2,41,9,32,17,12,5,5,0,5,9,8,1,0,0,0,7,6,1,0,0,0,2,2,0,20,11,9,14,7,7,5,4,1,1,0,1,0,0,0,154,66,88,11,4,7,81,35,46,27,8,19,33,19,14,23,16,7,18,9,9,35,12,23,16,9,7,43,20,23,48,19,29,27,4,43,17,114,107,7,21,3,1,64,5,2
53385317,2,53385307,,*,*,*,*,*,*,*,*,*,*,*,*,*,*,*,*,*,*,*,*,*,*,*,*,*,*,*,*,*,*,*,*,*,*,*,*,*,*,*,*,*,*,*,*,*,*,*,*,*,*,*,*,*,*,*,*,*,*,*,*,*,*,*,*,*,*,*,*,*,*,*,*,*,*,*,*,*,*,*,*,*,*,*,*,*,*,*,*,*,*,*,*,*,*
53385320,0,,,49,27,22,29,19,10,3,2,1,16,5,11,14,11,3,8,0,8,4,1,3,2,0,2,1,0,1,0,0,0,1,1,0,10,4,6,8,3,5,1,1,0,1,0,1,0,0,0,113,51,62,23,8,15,50,23,27,15,5,10,23,14,9,34,23,11,2,1,1,0,0,0,11,4,7,13,7,6,67,21,46,7,6,23,12,73,71,2,3,2,0,51,0,0
53385321,0,,,113,58,55,57,40,17,7,3,4,38,6,32,14,11,3,6,1,5,1,1,0,0,0,0,0,0,0,0,0,0,1,1,0,15,11,4,8,7,1,2,2,0,2,0,2,3,2,1,223,99,124,37,15,22,110,43,67,32,10,22,40,28,12,48,33,15,5,3,2,8,5,3,21,11,10,27,11,16,128,47,81,11,6,58,27,140,133,7,3,4,1,114,1,1
53385322,0,,,67,37,30,38,28,10,0,0,0,28,8,20,16,11,5,6,1,5,6,5,1,1,1,0,0,0,0,0,0,0,5,4,1,14,6,8,10,3,7,2,1,1,0,0,0,2,2,0,184,84,100,20,4,16,96,41,55,24,10,14,27,18,9,60,47,13,1,1,0,1,0,1,21,8,13,19,11,8,102,28,74,7,6,35,39,93,90,3,0,6,0,70,2,1
53385323,0,,,45,25,20,22,14,8,1,1,0,17,5,12,10,9,1,2,0,2,3,2,1,0,0,0,0,0,0,1,0,1,2,2,0,9,5,4,5,2,3,2,1,1,0,0,0,2,2,0,97,45,52,13,8,5,41,17,24,21,2,19,20,17,3,28,19,9,3,2,1,8,3,5,10,5,5,16,8,8,44,15,29,4,3,26,14,61,57,4,1,3,1,43,0,0
53385324,0,,,210,110,100,122,75,47,4,0,4,74,27,47,84,63,21,19,7,12,18,8,10,0,0,0,9,4,5,1,0,1,8,4,4,78,43,35,48,27,21,16,6,10,6,4,2,8,6,2,608,268,340,90,42,48,324,133,191,75,16,59,96,67,29,115,80,35,50,21,29,110,40,70,69,35,34,132,65,67,228,78,150,21,9,138,67,343,313,30,38,18,7,198,2,11
53385325,0,,,226,122,104,131,90,41,7,6,1,73,14,59,47,31,16,15,2,13,25,14,11,1,1,0,18,10,8,0,0,0,6,3,3,78,38,40,51,21,30,14,10,4,2,2,0,11,5,6,470,224,246,62,24,38,208,96,112,71,21,50,95,65,30,78,57,21,17,5,12,68,33,35,64,29,35,102,47,55,244,105,139,10,16,130,71,316,291,25,15,11,3,227,5,6
53385326,0,,,82,49,33,46,37,9,4,0,4,28,8,20,28,23,5,12,0,12,5,2,3,0,0,0,5,2,3,0,0,0,0,0,0,30,13,17,19,6,13,7,5,2,1,0,1,3,2,1,174,91,83,20,7,13,82,46,36,26,7,19,40,26,14,43,35,8,11,8,3,12,7,5,29,11,18,34,15,19,80,30,50,9,9,46,21,137,126,11,5,7,1,85,3,3
53385327,1,,53385328,14,8,6,7,6,1,1,0,1,5,1,4,5,4,1,0,0,0,7,2,5,0,0,0,5,1,4,0,0,0,2,1,1,1,0,1,1,0,1,0,0,0,0,0,0,0,0,0,35,19,16,2,1,1,15,9,6,8,3,5,10,6,4,3,2,1,11,4,7,12,5,7,6,4,2,2,1,1,9,5,4,2,1,10,7,20,19,1,1,0,0,15,0,0
53385328,2,53385327,,*,*,*,*,*,*,*,*,*,*,*,*,*,*,*,*,*,*,*,*,*,*,*,*,*,*,*,*,*,*,*,*,*,*,*,*,*,*,*,*,*,*,*,*,*,*,*,*,*,*,*,*,*,*,*,*,*,*,*,*,*,*,*,*,*,*,*,*,*,*,*,*,*,*,*,*,*,*,*,*,*,*,*,*,*,*,*,*,*,*,*,*,*,*
53385330,0,,,170,82,88,86,57,29,4,3,1,74,16,58,34,28,6,7,0,7,26,15,11,1,1,0,18,9,9,0,0,0,7,5,2,55,28,27,29,16,13,17,9,8,5,3,2,4,0,4,330,154,176,33,14,19,149,75,74,56,15,41,66,39,27,63,36,27,17,10,7,51,24,27,47,26,21,95,42,53,138,59,79,11,12,99,42,236,211,25,6,14,2,183,6,10
53385331,0,,,110,62,48,59,40,19,7,5,2,38,13,25,21,19,2,4,0,4,9,6,3,1,1,0,6,3,3,0,0,0,2,2,0,27,9,18,14,5,9,9,4,5,1,0,1,3,0,3,230,123,107,32,17,15,115,67,48,35,10,25,42,26,16,60,43,17,0,0,0,19,11,8,19,12,7,51,21,30,117,51,66,8,13,57,33,147,136,11,1,7,0,118,0,5
53385332,0,,,16,10,6,11,7,4,0,0,0,2,1,1,1,0,1,0,0,0,1,1,0,0,0,0,0,0,0,0,0,0,1,1,0,5,1,4,5,1,4,0,0,0,0,0,0,0,0,0,33,16,17,1,1,0,13,7,6,8,3,5,10,5,5,2,1,1,2,1,1,4,2,2,10,4,6,11,5,6,10,5,5,0,0,9,6,17,17,0,1,4,0,13,0,0
53385333,0,,,112,64,48,64,47,17,5,3,2,32,6,26,14,11,3,8,2,6,20,11,9,1,0,1,8,4,4,1,1,0,10,6,4,44,24,20,33,18,15,7,4,3,1,1,0,3,1,2,216,113,103,20,11,9,94,44,50,40,11,29,43,35,8,52,36,16,14,7,7,31,18,13,38,17,21,51,27,24,94,43,51,3,5,61,29,147,135,12,2,7,0,105,4,4
53385334,0,,,328,174,154,200,131,69,14,5,9,100,26,74,44,38,6,16,0,16,27,13,14,0,0,0,16,11,5,3,1,2,8,1,7,88,51,37,48,26,22,25,15,10,4,1,3,11,9,2,643,303,340,58,21,37,251,126,125,110,38,72,122,85,37,140,90,50,77,30,47,111,47,64,77,46,31,107,51,56,246,103,143,18,24,161,69,422,388,34,10,15,8,321,9,15
53385335,0,,,85,47,38,46,34,12,4,3,1,32,8,24,25,19,6,8,2,6,2,0,2,0,0,0,0,0,0,0,0,0,2,0,2,30,16,14,19,10,9,7,5,2,0,0,0,4,1,3,189,89,100,10,2,8,94,44,50,27,9,18,43,28,15,48,38,10,2,0,2,10,6,4,24,9,15,42,17,25,95,35,60,8,6,49,29,128,119,9,0,8,2,90,6,6
53385336,0,,,29,15,14,18,10,8,0,0,0,7,2,5,5,5,0,4,0,4,1,1,0,0,0,0,1,1,0,0,0,0,0,0,0,12,4,8,6,2,4,5,1,4,0,0,0,1,1,0,54,24,30,5,2,3,28,12,16,7,4,3,14,6,8,15,10,5,2,1,1,3,2,1,3,0,3,8,2,6,36,14,22,3,4,10,4,44,38,6,1,2,1,29,3,0
53385337,1,,53385338,26,11,15,13,6,7,2,1,1,9,2,7,11,10,1,7,1,6,1,0,1,0,0,0,0,0,0,0,0,0,1,0,1,1,1,0,0,0,0,1,1,0,0,0,0,0,0,0,64,31,33,11,3,8,29,17,12,9,1,8,12,9,3,15,11,4,2,1,1,8,4,4,6,4,2,10,5,5,25,7,18,4,2,19,8,45,44,1,0,0,0,26,0,1
53385338,2,53385337,,*,*,*,*,*,*,*,*,*,*,*,*,*,*,*,*,*,*,*,*,*,*,*,*,*,*,*,*,*,*,*,*,*,*,*,*,*,*,*,*,*,*,*,*,*,*,*,*,*,*,*,*,*,*,*,*,*,*,*,*,*,*,*,*,*,*,*,*,*,*,*,*,*,*,*,*,*,*,*,*,*,*,*,*,*,*,*,*,*,*,*,*,*,*
53385340,0,,,252,129,123,137,89,48,8,4,4,95,26,69,45,31,14,13,2,11,41,21,20,1,0,1,21,10,11,3,1,2,16,10,6,77,42,35,51,28,23,16,9,7,2,1,1,8,4,4,544,248,296,67,30,37,255,116,139,103,26,77,86,61,25,122,81,41,35,21,14,87,36,51,55,27,28,86,41,45,277,105,172,13,11,147,84,334,311,23,15,16,3,255,3,9
53385341,0,,,66,35,31,35,23,12,3,1,2,24,8,16,14,10,4,1,0,1,8,4,4,0,0,0,8,4,4,0,0,0,0,0,0,19,10,9,12,6,6,6,3,3,0,0,0,1,1,0,152,73,79,19,11,8,71,32,39,21,7,14,32,20,12,28,17,11,1,0,1,25,13,12,28,12,16,32,17,15,65,28,37,1,4,46,27,87,81,6,1,11,2,60,0,1
53385342,0,,,14,5,9,3,1,2,0,0,0,10,3,7,1,1,0,1,0,1,1,0,1,0,0,0,1,0,1,0,0,0,0,0,0,6,2,4,3,1,2,2,0,2,1,1,0,0,0,0,34,16,18,5,4,1,21,9,12,4,0,4,2,1,1,5,2,3,0,0,0,8,3,5,0,0,0,10,4,6,17,8,9,1,0,11,9,18,16,2,1,1,1,12,0,1
53385343,0,,,345,189,156,214,140,74,14,8,6,97,27,70,41,32,9,13,3,10,36,20,16,2,1,1,27,14,13,3,1,2,4,4,0,107,57,50,63,32,31,25,16,9,3,2,1,16,7,9,607,300,307,51,21,30,273,133,140,116,36,80,138,93,45,147,112,35,18,12,6,123,66,57,81,39,42,127,61,66,254,86,168,8,11,204,77,435,403,32,23,17,7,328,10,8
53385344,0,,,206,110,96,128,80,48,5,1,4,62,19,43,23,20,3,10,0,10,13,9,4,0,0,0,11,8,3,0,0,0,2,1,1,62,40,22,31,25,6,17,8,9,4,1,3,10,6,4,342,170,172,21,7,14,158,80,78,63,17,46,87,58,29,78,56,22,9,5,4,49,26,23,45,25,20,86,45,41,149,61,88,11,9,108,37,265,239,26,8,14,11,215,6,2
53385345,1,,53385346,77,43,34,44,29,15,1,1,0,25,9,16,21,17,4,7,0,7,7,2,5,0,0,0,2,1,1,1,0,1,4,1,3,28,13,15,16,6,10,7,3,4,0,0,0,5,4,1,201,91,110,15,6,9,92,37,55,30,11,19,52,32,20,38,22,16,0,0,0,21,8,13,35,18,17,56,26,30,86,32,54,10,6,47,37,116,105,11,0,5,3,79,2,2
53385346,2,53385345,,*,*,*,*,*,*,*,*,*,*,*,*,*,*,*,*,*,*,*,*,*,*,*,*,*,*,*,*,*,*,*,*,*,*,*,*,*,*,*,*,*,*,*,*,*,*,*,*,*,*,*,*,*,*,*,*,*,*,*,*,*,*,*,*,*,*,*,*,*,*,*,*,*,*,*,*,*,*,*,*,*,*,*,*,*,*,*,*,*,*,*,*,*,*
53385347,0,,,19,10,9,13,7,6,0,0,0,5,3,2,7,5,2,3,0,3,4,2,2,1,0,1,1,0,1,0,0,0,2,2,0,2,0,2,2,0,2,0,0,0,0,0,0,0,0,0,46,25,21,0,0,0,17,8,9,8,2,6,14,10,4,10,6,4,5,3,2,15,8,7,5,2,3,16,8,8,1,0,1,1,1,15,8,29,29,0,0,1,0,20,0,0
53385348,0,,,13,8,5,9,6,3,0,0,0,4,2,2,6,5,1,6,2,4,2,2,0,0,0,0,1,1,0,1,1,0,0,0,0,3,2,1,1,1,0,1,1,0,0,0,0,1,0,1,49,25,24,5,1,4,20,11,9,9,3,6,10,7,3,4,4,0,7,5,2,6,3,3,7,3,4,12,6,6,18,8,10,2,1,10,10,26,25,1,0,1,0,14,1,0
53385350,0,,,75,41,34,45,27,18,1,1,0,19,5,14,11,8,3,4,0,4,4,3,1,1,1,0,3,2,1,0,0,0,0,0,0,18,9,9,9,4,5,6,4,2,1,0,1,2,1,1,154,77,77,11,5,6,76,39,37,32,5,27,32,26,6,31,22,9,3,1,2,21,13,8,18,9,9,28,12,16,75,32,43,3,11,38,22,97,90,7,4,7,0,67,0,6
53385351,0,,,62,34,28,32,19,13,2,1,1,25,11,14,8,5,3,6,1,5,10,5,5,0,0,0,9,5,4,0,0,0,1,0,1,13,4,9,9,2,7,1,1,0,1,0,1,2,1,1,160,80,80,30,11,19,70,36,34,27,11,16,27,18,9,34,19,15,6,3,3,23,10,13,10,5,5,32,17,15,78,35,43,3,5,32,39,81,78,3,5,1,0,59,0,0
53385352,0,,,33,20,13,23,16,7,2,1,1,5,1,4,9,7,2,3,0,3,5,4,1,2,1,1,2,2,0,0,0,0,1,1,0,12,5,7,7,4,3,3,1,2,1,0,1,1,0,1,101,47,54,11,4,7,44,22,22,6,1,5,20,14,6,22,16,6,0,0,0,6,4,2,12,6,6,28,13,15,34,13,21,4,1,23,12,49,45,4,2,6,1,31,2,0
53385353,0,,,169,95,74,102,74,28,5,1,4,56,15,41,23,19,4,8,0,8,32,19,13,2,2,0,16,12,4,6,3,3,8,2,6,44,25,19,28,17,11,5,3,2,1,0,1,10,5,5,304,152,152,25,10,15,146,74,72,63,17,46,56,43,13,60,42,18,34,20,14,38,17,21,39,22,17,62,24,38,147,71,76,4,4,101,37,216,201,15,10,10,6,152,5,7
53385354,0,,,247,131,116,147,92,55,10,6,4,75,21,54,51,39,12,15,2,13,24,15,9,0,0,0,10,7,3,5,3,2,9,5,4,52,20,32,34,14,20,11,4,7,1,0,1,6,2,4,492,243,249,52,21,31,239,124,115,70,15,55,97,64,33,80,47,33,36,23,13,96,54,42,56,30,26,93,46,47,203,77,126,19,6,160,65,343,324,19,14,18,10,224,4,9
53385355,0,,,99,57,42,57,38,19,2,1,1,38,16,22,31,24,7,10,1,9,6,2,4,0,0,0,3,1,2,0,0,0,3,1,2,15,8,7,8,4,4,4,2,2,0,0,0,3,2,1,217,110,107,21,8,13,97,47,50,39,14,25,50,36,14,64,46,18,2,1,1,18,9,9,14,7,7,19,8,11,121,49,72,16,7,53,17,148,142,6,1,5,1,100,3,0
53385356,0,,,47,26,21,24,17,7,1,0,1,17,5,12,6,6,0,2,0,2,3,2,1,0,0,0,3,2,1,0,0,0,0,0,0,12,8,4,9,6,3,3,2,1,0,0,0,0,0,0,104,52,52,22,11,11,43,21,22,14,3,11,16,12,4,32,26,6,0,0,0,11,5,6,14,6,8,16,7,9,46,18,28,2,3,27,12,58,55,3,2,0,1,43,2,1
53385360,0,,,124,69,55,74,53,21,5,4,1,36,7,29,12,10,2,4,1,3,14,3,11,0,0,0,7,2,5,1,0,1,6,1,5,21,7,14,18,5,13,3,2,1,0,0,0,0,0,0,319,140,179,15,9,6,89,43,46,47,10,37,66,49,17,43,25,18,41,10,31,82,32,50,56,22,34,37,17,20,95,44,51,6,7,63,39,144,140,4,7,6,2,115,0,1
53385361,0,,,63,41,22,33,28,5,2,0,2,21,7,14,10,9,1,6,0,6,6,3,3,0,0,0,5,3,2,0,0,0,1,0,1,17,7,10,13,5,8,3,1,2,0,0,0,1,1,0,135,71,64,11,5,6,50,27,23,22,7,15,43,27,16,32,24,8,3,2,1,13,6,7,24,12,12,27,12,15,57,24,33,6,7,33,23,85,79,6,1,1,0,63,1,4
53385362,0,,,117,62,55,50,36,14,3,0,3,53,18,35,21,16,5,9,3,6,17,9,8,0,0,0,14,7,7,0,0,0,3,2,1,42,23,19,28,15,13,10,5,5,0,0,0,4,3,1,256,124,132,23,10,13,103,48,55,44,12,32,78,52,26,47,30,17,6,3,3,36,19,17,71,36,35,80,39,41,75,29,46,11,5,73,44,157,147,10,1,8,2,110,2,3
53385363,0,,,45,25,20,24,16,8,2,1,1,15,5,10,6,3,3,2,0,2,4,4,0,1,1,0,1,1,0,0,0,0,2,2,0,9,5,4,6,2,4,2,2,0,0,0,0,1,1,0,75,34,41,13,4,9,27,9,18,12,3,9,18,15,3,19,10,9,4,3,1,9,6,3,18,9,9,10,4,6,28,11,17,1,4,25,11,55,53,2,0,2,0,46,0,2
53385364,0,,,50,31,19,33,26,7,1,0,1,16,5,11,8,7,1,1,0,1,5,3,2,0,0,0,0,0,0,0,0,0,5,3,2,18,11,7,10,3,7,4,4,0,1,1,0,3,3,0,116,71,45,13,7,6,39,20,19,11,3,8,20,18,2,19,15,4,20,13,7,26,20,6,8,4,4,28,15,13,38,18,20,4,4,26,22,80,75,5,8,3,2,43,0,0
53385365,0,,,20,10,10,14,7,7,0,0,0,4,2,2,5,5,0,2,0,2,0,0,0,0,0,0,0,0,0,0,0,0,0,0,0,5,5,0,2,2,0,3,3,0,0,0,0,0,0,0,55,25,30,11,2,9,23,13,10,5,3,2,13,6,7,18,9,9,1,1,0,5,4,1,0,0,0,2,2,0,34,14,20,2,4,7,10,33,30,3,0,0,0,25,0,0
53385366,0,,,56,31,25,37,27,10,0,0,0,19,4,15,16,11,5,7,2,5,2,0,2,1,0,1,1,0,1,0,0,0,0,0,0,13,6,7,5,2,3,4,3,1,1,1,0,3,0,3,123,63,60,19,4,15,58,34,24,15,5,10,31,20,11,29,22,7,2,1,1,4,1,3,14,7,7,26,14,12,63,24,39,10,5,26,11,87,79,8,2,5,0,62,2,1
53385370,0,,,50,26,24,34,20,14,1,1,0,12,2,10,15,14,1,7,4,3,11,7,4,0,0,0,9,7,2,0,0,0,2,0,2,15,8,7,12,5,7,1,1,0,0,0,0,2,2,0,142,70,72,12,2,10,57,30,27,25,10,15,34,20,14,43,29,14,1,0,1,19,8,11,14,6,8,30,16,14,61,26,35,7,3,34,23,77,72,5,4,4,2,38,0,0
53385371,0,,,44,24,20,28,20,8,2,0,2,13,3,10,11,9,2,7,3,4,9,8,1,3,2,1,4,4,0,0,0,0,2,2,0,20,11,9,12,5,7,6,4,2,0,0,0,2,2,0,130,64,66,15,6,9,60,30,30,12,2,10,33,20,13,38,25,13,10,6,4,15,9,6,12,6,6,27,11,16,57,26,31,4,5,30,26,68,62,6,2,3,0,46,1,1
53385372,0,,,56,29,27,33,22,11,3,1,2,19,5,14,15,11,4,2,0,2,5,3,2,0,0,0,5,3,2,0,0,0,0,0,0,16,5,11,9,3,6,3,1,2,2,1,1,2,0,2,134,66,68,11,3,8,51,23,28,24,9,15,41,27,14,15,9,6,6,3,3,22,13,9,30,11,19,39,19,20,43,19,24,5,2,37,24,78,73,5,0,7,2,60,0,0
53385373,0,,,59,33,26,27,19,8,2,1,1,22,8,14,19,13,6,10,1,9,0,0,0,0,0,0,0,0,0,0,0,0,0,0,0,18,8,10,7,4,3,6,4,2,0,0,0,5,0,5,141,73,68,11,5,6,64,29,35,19,7,12,39,28,11,34,29,5,3,0,3,3,2,1,20,11,9,45,20,25,52,18,34,9,5,36,27,98,88,10,2,7,0,51,2,3
53385374,0,,,85,40,45,48,28,20,1,0,1,28,5,23,11,9,2,5,1,4,8,3,5,0,0,0,8,3,5,0,0,0,0,0,0,39,16,23,22,8,14,11,5,6,2,0,2,4,3,1,189,86,103,25,13,12,76,39,37,39,4,35,37,25,12,48,30,18,1,0,1,31,13,18,28,14,14,51,19,32,77,29,48,4,4,47,37,120,104,16,3,11,2,89,6,5
53385375,0,,,80,40,40,37,23,14,2,1,1,33,11,22,20,17,3,8,1,7,8,4,4,0,0,0,3,1,2,1,1,0,4,2,2,26,17,9,16,9,7,5,5,0,3,1,2,2,2,0,211,99,112,32,13,19,114,52,62,25,8,17,29,20,9,56,44,12,4,2,2,31,15,16,13,4,9,43,21,22,98,34,64,7,3,51,45,122,111,11,3,7,3,78,3,3
53385376,0,,,31,17,14,16,8,8,2,2,0,11,6,5,12,9,3,4,0,4,2,0,2,0,0,0,2,0,2,0,0,0,0,0,0,5,3,2,2,2,0,2,0,2,0,0,0,1,1,0,77,33,44,13,2,11,34,19,15,15,6,9,11,6,5,17,11,6,0,0,0,3,0,3,7,3,4,12,5,7,45,17,28,7,3,16,12,50,47,3,1,1,0,27,1,0
53385377,0,,,5,3,2,2,1,1,0,0,0,3,2,1,0,0,0,0,0,0,0,0,0,0,0,0,0,0,0,0,0,0,0,0,0,1,0,1,1,0,1,0,0,0,0,0,0,0,0,0,11,4,7,1,0,1,8,4,4,2,0,2,0,0,0,0,0,0,0,0,0,0,0,0,5,1,4,3,2,1,4,1,3,1,0,2,3,5,5,0,0,0,0,5,0,0
53385380,0,,,89,42,47,44,26,18,3,2,1,39,11,28,21,17,4,7,0,7,11,4,7,0,0,0,6,2,4,1,1,0,4,1,3,42,20,22,32,16,16,8,3,5,1,0,1,1,1,0,235,111,124,22,7,15,103,52,51,27,3,24,55,33,22,38,24,14,12,3,9,53,27,26,31,13,18,43,21,22,111,47,64,3,2,66,42,130,117,13,12,5,0,85,2,1
53385381,0,,,62,29,33,37,22,15,1,1,0,23,6,17,16,16,0,4,2,2,3,3,0,0,0,0,3,3,0,0,0,0,0,0,0,11,6,5,5,1,4,6,5,1,0,0,0,0,0,0,154,75,79,20,8,12,77,36,41,24,5,19,27,22,5,26,16,10,3,1,2,13,8,5,18,8,10,36,19,17,72,32,40,4,2,41,25,88,82,6,1,5,2,60,3,2
53385382,0,,,149,75,74,78,51,27,3,0,3,63,20,43,27,21,6,9,0,9,10,4,6,1,0,1,7,3,4,0,0,0,2,1,1,43,23,20,26,10,16,11,9,2,3,1,2,3,3,0,315,149,166,28,10,18,141,61,80,60,17,43,71,53,18,64,42,22,20,10,10,46,23,23,38,16,22,65,32,33,135,53,82,16,11,77,51,200,185,15,3,13,1,151,6,3
53385383,0,,,104,52,52,60,38,22,1,0,1,33,7,26,16,15,1,7,0,7,14,11,3,0,0,0,8,7,1,0,0,0,6,4,2,27,11,16,17,7,10,9,3,6,0,0,0,1,1,0,214,103,111,13,6,7,78,30,48,46,13,33,68,48,20,45,28,17,18,9,9,46,25,21,28,14,14,62,29,33,56,20,36,10,7,53,30,136,129,7,5,8,0,103,1,3
53385384,0,,,125,69,56,74,45,29,3,2,1,38,12,26,24,23,1,14,1,13,9,6,3,1,0,1,3,2,1,1,0,1,4,4,0,39,23,16,27,17,10,8,4,4,1,0,1,3,2,1,353,158,195,25,11,14,189,71,118,47,18,29,72,46,26,101,75,26,36,15,21,66,22,44,43,19,24,39,15,24,116,41,75,8,13,71,44,181,168,13,3,6,1,134,1,4
53385385,0,,,32,20,12,18,12,6,1,0,1,11,6,5,5,4,1,0,0,0,1,0,1,0,0,0,1,0,1,0,0,0,0,0,0,9,1,8,6,1,5,3,0,3,0,0,0,0,0,0,74,38,36,8,3,5,35,18,17,9,4,5,17,10,7,14,9,5,5,1,4,12,5,7,6,3,3,8,3,5,39,18,21,2,2,16,14,39,37,2,0,1,0,29,1,0
53385386,0,,,0,0,0,0,0,0,0,0,0,0,0,0,2,2,0,0,0,0,0,0,0,0,0,0,0,0,0,0,0,0,0,0,0,0,0,0,0,0,0,0,0,0,0,0,0,0,0,0,8,4,4,1,0,1,6,4,2,1,0,1,0,0,0,2,1,1,0,0,0,0,0,0,0,0,0,1,1,0,5,2,3,0,0,2,4,2,2,0,0,0,0,0,0,0
53385387,0,,,31,15,16,19,11,8,0,0,0,11,3,8,10,8,2,2,1,1,2,0,2,0,0,0,1,0,1,0,0,0,1,0,1,8,5,3,5,3,2,3,2,1,0,0,0,0,0,0,91,42,49,12,4,8,49,24,25,7,2,5,18,11,7,23,12,11,2,1,1,17,10,7,12,5,7,20,11,9,27,8,19,3,0,25,17,45,43,2,0,4,0,30,1,2
53385390,0,,,151,81,70,97,62,35,5,4,1,42,10,32,28,23,5,10,0,10,5,2,3,1,0,1,4,2,2,0,0,0,0,0,0,76,48,28,34,17,17,37,27,10,0,0,0,5,4,1,334,163,171,41,15,26,141,75,66,54,10,44,76,47,29,64,42,22,30,17,13,56,34,22,30,18,12,97,45,52,138,57,81,7,7,94,58,235,191,44,39,10,3,136,5,5
53385391,0,,,156,86,70,93,70,23,2,1,1,51,9,42,29,24,5,11,1,10,34,19,15,0,0,0,25,15,10,2,1,1,7,3,4,55,30,25,39,23,16,13,5,8,1,0,1,2,2,0,318,160,158,26,6,20,138,74,64,60,17,43,74,52,22,88,62,26,21,15,6,60,29,31,57,30,27,79,39,40,102,34,68,16,9,97,41,214,196,18,4,13,2,152,2,10
53385392,0,,,193,97,96,102,66,36,3,3,0,78,21,57,33,30,3,17,2,15,20,10,10,0,0,0,15,8,7,0,0,0,5,2,3,67,37,30,41,22,19,15,7,8,3,2,1,8,6,2,387,183,204,51,18,33,174,85,89,60,12,48,74,52,22,88,60,28,15,8,7,48,18,30,60,31,29,99,45,54,164,68,96,11,16,99,62,262,243,19,6,15,2,184,8,5
53385393,0,,,121,61,60,69,43,26,3,2,1,41,10,31,31,28,3,21,2,19,9,5,4,0,0,0,5,2,3,1,0,1,3,3,0,31,17,14,17,8,9,7,4,3,1,0,1,6,5,1,269,130,139,19,6,13,128,59,69,53,17,36,54,40,14,78,57,21,9,7,2,31,9,22,19,11,8,46,22,24,126,46,80,12,15,63,37,185,173,12,1,14,2,121,1,4
53385394,0,,,108,56,52,72,40,32,3,1,2,28,11,17,24,20,4,9,1,8,14,5,9,1,0,1,10,3,7,0,0,0,3,2,1,32,16,16,20,8,12,6,3,3,2,1,1,4,4,0,222,108,114,13,4,9,100,55,45,42,13,29,55,32,23,57,43,14,6,1,5,19,7,12,42,22,20,60,31,29,84,25,59,9,10,56,33,156,141,15,3,6,0,107,9,6
53385395,0,,,32,20,12,22,16,6,0,0,0,8,3,5,4,3,1,0,0,0,5,3,2,0,0,0,4,3,1,0,0,0,1,0,1,5,1,4,4,0,4,0,0,0,0,0,0,1,1,0,71,37,34,7,2,5,36,20,16,13,4,9,13,9,4,17,12,5,6,4,2,8,5,3,2,1,1,13,5,8,35,14,21,1,2,14,16,37,36,1,0,0,0,32,2,0
53385397,0,,,28,12,16,14,8,6,0,0,0,12,3,9,2,2,0,1,0,1,0,0,0,0,0,0,0,0,0,0,0,0,0,0,0,2,1,1,1,1,0,0,0,0,0,0,0,1,0,1,58,25,33,8,2,6,28,11,17,9,5,4,10,5,5,15,11,4,0,0,0,0,0,0,0,0,0,3,1,2,42,14,28,2,1,14,9,33,31,2,0,1,0,27,0,0
53385398,1,,53385399,4,2,2,2,1,1,0,0,0,2,1,1,1,1,0,1,0,1,0,0,0,0,0,0,0,0,0,0,0,0,0,0,0,0,0,0,0,0,0,0,0,0,0,0,0,0,0,0,13,5,8,2,0,2,5,4,1,2,0,2,1,0,1,5,3,2,0,0,0,0,0,0,2,1,1,0,0,0,6,1,5,1,0,3,4,6,6,0,0,0,0,4,0,0
53385399,2,53385398,,*,*,*,*,*,*,*,*,*,*,*,*,*,*,*,*,*,*,*,*,*,*,*,*,*,*,*,*,*,*,*,*,*,*,*,*,*,*,*,*,*,*,*,*,*,*,*,*,*,*,*,*,*,*,*,*,*,*,*,*,*,*,*,*,*,*,*,*,*,*,*,*,*,*,*,*,*,*,*,*,*,*,*,*,*,*,*,*,*,*,*,*,*,*
53385402,0,,,6,4,2,3,2,1,0,0,0,2,1,1,2,1,1,0,0,0,0,0,0,0,0,0,0,0,0,0,0,0,0,0,0,2,0,2,2,0,2,0,0,0,0,0,0,0,0,0,17,8,9,7,3,4,7,4,3,3,1,2,0,0,0,7,6,1,0,0,0,0,0,0,2,0,2,2,1,1,8,1,7,1,0,5,5,8,8,0,0,0,0,5,0,1
53385405,2,53385414,,*,*,*,*,*,*,*,*,*,*,*,*,*,*,*,*,*,*,*,*,*,*,*,*,*,*,*,*,*,*,*,*,*,*,*,*,*,*,*,*,*,*,*,*,*,*,*,*,*,*,*,*,*,*,*,*,*,*,*,*,*,*,*,*,*,*,*,*,*,*,*,*,*,*,*,*,*,*,*,*,*,*,*,*,*,*,*,*,*,*,*,*,*,*
53385410,0,,,0,0,0,0,0,0,0,0,0,0,0,0,1,1,0,1,0,1,0,0,0,0,0,0,0,0,0,0,0,0,0,0,0,4,2,2,1,1,0,1,1,0,1,0,1,1,0,1,7,3,4,4,2,2,2,0,2,0,0,0,1,1,0,5,3,2,0,0,0,0,0,0,0,0,0,2,1,1,3,1,2,0,0,1,4,5,2,3,0,0,1,0,2,0
53385412,1,,53385413,31,13,18,21,11,10,0,0,0,9,1,8,5,4,1,1,0,1,3,2,1,0,0,0,1,1,0,1,0,1,1,1,0,2,0,2,1,0,1,0,0,0,1,0,1,0,0,0,76,32,44,21,9,12,38,18,20,14,3,11,3,2,1,34,22,12,3,1,2,2,0,2,0,0,0,2,1,1,40,10,30,1,1,21,15,39,38,1,0,1,0,34,0,0
53385413,2,53385412,,*,*,*,*,*,*,*,*,*,*,*,*,*,*,*,*,*,*,*,*,*,*,*,*,*,*,*,*,*,*,*,*,*,*,*,*,*,*,*,*,*,*,*,*,*,*,*,*,*,*,*,*,*,*,*,*,*,*,*,*,*,*,*,*,*,*,*,*,*,*,*,*,*,*,*,*,*,*,*,*,*,*,*,*,*,*,*,*,*,*,*,*,*,*
53385414,1,,53385405;53385415;53385416;53385425,1,1,0,1,1,0,0,0,0,0,0,0,3,3,0,3,0,3,0,0,0,0,0,0,0,0,0,0,0,0,0,0,0,0,0,0,0,0,0,0,0,0,0,0,0,0,0,0,17,9,8,2,2,0,8,4,4,2,1,1,1,1,0,6,6,0,0,0,0,1,1,0,0,0,0,0,0,0,7,1,6,1,0,3,7,7,7,0,0,0,0,5,0,0
53385415,2,53385414,,*,*,*,*,*,*,*,*,*,*,*,*,*,*,*,*,*,*,*,*,*,*,*,*,*,*,*,*,*,*,*,*,*,*,*,*,*,*,*,*,*,*,*,*,*,*,*,*,*,*,*,*,*,*,*,*,*,*,*,*,*,*,*,*,*,*,*,*,*,*,*,*,*,*,*,*,*,*,*,*,*,*,*,*,*,*,*,*,*,*,*,*,*,*
53385416,2,53385414,,*,*,*,*,*,*,*,*,*,*,*,*,*,*,*,*,*,*,*,*,*,*,*,*,*,*,*,*,*,*,*,*,*,*,*,*,*,*,*,*,*,*,*,*,*,*,*,*,*,*,*,*,*,*,*,*,*,*,*,*,*,*,*,*,*,*,*,*,*,*,*,*,*,*,*,*,*,*,*,*,*,*,*,*,*,*,*,*,*,*,*,*,*,*
53385420,0,,,6,3,3,3,3,0,0,0,0,3,0,3,4,2,2,1,0,1,1,0,1,0,0,0,1,0,1,0,0,0,0,0,0,0,0,0,0,0,0,0,0,0,0,0,0,0,0,0,17,8,9,1,0,1,6,2,4,5,2,3,5,4,1,2,0,2,1,1,0,1,1,0,2,1,1,4,1,3,8,4,4,1,0,6,3,11,11,0,0,0,0,7,0,0
53385421,0,,,1,0,1,0,0,0,0,0,0,0,0,0,0,0,0,0,0,0,1,1,0,0,0,0,0,0,0,0,0,0,1,1,0,0,0,0,0,0,0,0,0,0,0,0,0,0,0,0,18,10,8,2,2,0,5,3,2,0,0,0,5,2,3,0,0,0,0,0,0,2,1,1,2,1,1,4,3,1,5,3,2,0,0,1,10,1,1,0,0,0,0,0,0,0
53385422,1,,53385456;53385466,8,4,4,6,4,2,1,0,1,1,0,1,2,2,0,1,0,1,0,0,0,0,0,0,0,0,0,0,0,0,0,0,0,0,0,0,0,0,0,0,0,0,0,0,0,0,0,0,31,13,18,13,4,9,12,5,7,1,1,0,3,2,1,8,5,3,0,0,0,1,0,1,0,0,0,1,1,0,20,7,13,0,0,6,11,12,12,0,0,0,0,8,0,0
53385424,0,,,3,2,1,2,1,1,0,0,0,1,1,0,0,0,0,0,0,0,1,0,1,0,0,0,0,0,0,0,0,0,1,0,1,0,0,0,0,0,0,0,0,0,0,0,0,0,0,0,15,9,6,5,3,2,3,2,1,0,0,0,0,0,0,3,3,0,0,0,0,0,0,0,3,2,1,0,0,0,4,1,3,0,0,3,8,3,3,0,1,0,0,2,0,0
53385425,2,53385414,,*,*,*,*,*,*,*,*,*,*,*,*,*,*,*,*,*,*,*,*,*,*,*,*,*,*,*,*,*,*,*,*,*,*,*,*,*,*,*,*,*,*,*,*,*,*,*,*,*,*,*,*,*,*,*,*,*,*,*,*,*,*,*,*,*,*,*,*,*,*,*,*,*,*,*,*,*,*,*,*,*,*,*,*,*,*,*,*,*,*,*,*,*,*
53385432,1,,53385465,3,2,1,1,1,0,0,0,0,1,1,0,1,1,0,1,0,1,0,0,0,0,0,0,0,0,0,0,0,0,0,0,0,0,0,0,0,0,0,0,0,0,0,0,0,0,0,0,15,7,8,3,1,2,7,4,3,1,0,1,0,0,0,1,1,0,2,1,1,0,0,0,0,0,0,0,0,0,8,3,5,1,0,3,7,5,5,0,1,0,0,1,0,0
53385442,1,,53385443,0,0,0,0,0,0,0,0,0,0,0,0,0,0,0,0,0,0,0,0,0,0,0,0,0,0,0,0,0,0,0,0,0,0,0,0,0,0,0,0,0,0,0,0,0,0,0,0,10,4,6,4,1,3,4,2,2,0,0,0,0,0,0,0,0,0,0,0,0,2,1,1,0,0,0,2,1,1,4,1,3,0,0,0,6,0,0,0,0,0,0,0,0,0
53385443,2,53385442,,*,*,*,*,*,*,*,*,*,*,*,*,*,*,*,*,*,*,*,*,*,*,*,*,*,*,*,*,*,*,*,*,*,*,*,*,*,*,*,*,*,*,*,*,*,*,*,*,*,*,*,*,*,*,*,*,*,*,*,*,*,*,*,*,*,*,*,*,*,*,*,*,*,*,*,*,*,*,*,*,*,*,*,*,*,*,*,*,*,*,*,*,*,*
53385456,2,53385422,,*,*,*,*,*,*,*,*,*,*,*,*,*,*,*,*,*,*,*,*,*,*,*,*,*,*,*,*,*,*,*,*,*,*,*,*,*,*,*,*,*,*,*,*,*,*,*,*,*,*,*,*,*,*,*,*,*,*,*,*,*,*,*,*,*,*,*,*,*,*,*,*,*,*,*,*,*,*,*,*,*,*,*,*,*,*,*,*,*,*,*,*,*,*
53385465,2,53385432,,*,*,*,*,*,*,*,*,*,*,*,*,*,*,*,*,*,*,*,*,*,*,*,*,*,*,*,*,*,*,*,*,*,*,*,*,*,*,*,*,*,*,*,*,*,*,*,*,*,*,*,*,*,*,*,*,*,*,*,*,*,*,*,*,*,*,*,*,*,*,*,*,*,*,*,*,*,*,*,*,*,*,*,*,*,*,*,*,*,*,*,*,*,*
53385466,2,53385422,,*,*,*,*,*,*,*,*,*,*,*,*,*,*,*,*,*,*,*,*,*,*,*,*,*,*,*,*,*,*,*,*,*,*,*,*,*,*,*,*,*,*,*,*,*,*,*,*,*,*,*,*,*,*,*,*,*,*,*,*,*,*,*,*,*,*,*,*,*,*,*,*,*,*,*,*,*,*,*,*,*,*,*,*,*,*,*,*,*,*,*,*,*,*
53385501,0,,,13,7,6,6,4,2,0,0,0,5,1,4,14,12,2,8,2,6,0,0,0,0,0,0,0,0,0,0,0,0,0,0,0,2,1,1,1,1,0,1,0,1,0,0,0,0,0,0,77,38,39,25,11,14,35,18,17,8,2,6,5,5,0,30,24,6,0,0,0,1,0,1,3,2,1,0,0,0,41,11,30,7,1,13,23,36,35,1,0,0,1,15,0,0
53385503,0,,,1,1,0,1,1,0,0,0,0,0,0,0,4,4,0,2,0,2,0,0,0,0,0,0,0,0,0,0,0,0,0,0,0,0,0,0,0,0,0,0,0,0,0,0,0,0,0,0,14,9,5,0,0,0,6,2,4,1,1,0,7,6,1,2,2,0,0,0,0,3,2,1,3,2,1,2,1,1,4,2,2,0,1,2,3,7,7,0,0,0,0,3,0,0
53385504,0,,,14,8,6,6,5,1,0,0,0,7,2,5,10,8,2,4,1,3,0,0,0,0,0,0,0,0,0,0,0,0,0,0,0,5,2,3,2,1,1,2,1,1,0,0,0,1,0,1,40,24,16,11,7,4,16,11,5,7,3,4,6,3,3,9,5,4,2,1,1,0,0,0,1,0,1,13,8,5,20,12,8,6,3,6,4,30,28,2,0,0,1,14,0,0
53385505,0,,,24,14,10,14,10,4,1,0,1,8,3,5,45,40,5,41,5,36,3,3,0,0,0,0,2,2,0,0,0,0,1,1,0,12,7,5,11,7,4,0,0,0,0,0,0,1,0,1,140,72,68,33,15,18,68,33,35,19,9,10,15,12,3,47,38,9,1,0,1,2,0,2,15,7,8,17,8,9,66,24,42,33,8,11,14,111,110,1,0,2,0,26,2,0
53385506,0,,,116,55,61,69,38,31,1,1,0,40,10,30,53,46,7,30,2,28,6,1,5,0,0,0,3,1,2,1,0,1,2,0,2,44,27,17,27,17,10,10,5,5,3,2,1,4,3,1,289,142,147,60,29,31,118,60,58,46,15,31,48,30,18,92,72,20,3,1,2,27,12,15,15,7,8,41,19,22,144,50,94,31,17,57,32,217,202,15,3,11,4,114,4,2
53385507,0,,,92,52,40,55,37,18,3,3,0,25,7,18,30,27,3,14,2,12,18,7,11,1,0,1,7,2,5,1,0,1,9,5,4,35,22,13,19,12,7,11,7,4,2,1,1,3,2,1,354,167,187,62,33,29,115,60,55,34,11,23,45,30,15,75,51,24,34,12,22,44,16,28,48,14,34,29,15,14,143,67,76,13,9,50,43,151,136,15,12,9,2,89,4,6
53385508,0,,,41,23,18,24,16,8,0,0,0,17,7,10,8,5,3,6,1,5,6,3,3,0,0,0,6,3,3,0,0,0,0,0,0,6,2,4,4,1,3,0,0,0,0,0,0,2,1,1,93,45,48,17,5,12,40,20,20,19,6,13,14,12,2,36,25,11,1,1,0,1,0,1,6,2,4,9,7,2,47,13,34,2,9,15,15,56,55,1,0,2,0,43,0,0
53385511,0,,,3,1,2,3,1,2,0,0,0,0,0,0,1,1,0,0,0,0,0,0,0,0,0,0,0,0,0,0,0,0,0,0,0,0,0,0,0,0,0,0,0,0,0,0,0,0,0,0,11,4,7,1,1,0,8,2,6,1,0,1,1,1,0,3,1,2,0,0,0,1,1,0,0,0,0,1,1,0,6,1,5,0,1,1,5,4,4,0,0,0,0,3,0,0
53385513,0,,,3,2,1,0,0,0,0,0,0,3,2,1,0,0,0,0,0,0,0,0,0,0,0,0,0,0,0,0,0,0,0,0,0,1,0,1,0,0,0,0,0,0,1,0,1,0,0,0,8,4,4,1,1,0,3,0,3,0,0,0,4,3,1,0,0,0,0,0,0,0,0,0,2,1,1,3,1,2,4,2,2,0,0,3,1,4,3,1,0,0,0,4,0,0
53385514,0,,,3,2,1,3,2,1,0,0,0,0,0,0,2,2,0,1,0,1,0,0,0,0,0,0,0,0,0,0,0,0,0,0,0,0,0,0,0,0,0,0,0,0,0,0,0,0,0,0,9,5,4,2,0,2,4,3,1,1,1,0,2,1,1,1,1,0,0,0,0,1,1,0,1,1,0,0,0,0,6,2,4,1,1,2,1,6,6,0,0,0,0,2,1,0
53385515,0,,,2,1,1,2,1,1,0,0,0,0,0,0,2,2,0,1,0,1,0,0,0,0,0,0,0,0,0,0,0,0,0,0,0,2,1,1,1,1,0,1,0,1,0,0,0,0,0,0,9,5,4,1,0,1,4,3,1,3,2,1,1,0,1,2,2,0,0,0,0,3,2,1,0,0,0,4,2,2,2,0,2,1,0,2,2,6,5,1,0,0,0,2,1,0
53385516,0,,,54,33,21,31,23,8,2,0,2,20,9,11,50,46,4,34,4,30,5,2,3,0,0,0,3,2,1,0,0,0,2,0,2,7,6,1,5,4,1,1,1,0,0,0,0,1,1,0,188,96,92,36,17,19,94,47,47,27,9,18,31,23,8,50,36,14,6,4,2,14,6,8,17,10,7,23,9,14,90,39,51,28,15,25,19,141,139,2,2,3,2,55,4,1
53385518,0,,,18,9,9,8,3,5,1,1,0,8,4,4,8,8,0,6,2,4,0,0,0,0,0,0,0,0,0,0,0,0,0,0,0,3,3,0,0,0,0,1,1,0,0,0,0,2,2,0,48,23,25,11,4,7,18,10,8,11,5,6,8,4,4,19,17,2,0,0,0,1,0,1,5,2,3,4,1,3,22,6,16,5,2,8,4,35,32,3,0,0,0,21,2,0
53385519,2,53385529,,*,*,*,*,*,*,*,*,*,*,*,*,*,*,*,*,*,*,*,*,*,*,*,*,*,*,*,*,*,*,*,*,*,*,*,*,*,*,*,*,*,*,*,*,*,*,*,*,*,*,*,*,*,*,*,*,*,*,*,*,*,*,*,*,*,*,*,*,*,*,*,*,*,*,*,*,*,*,*,*,*,*,*,*,*,*,*,*,*,*,*,*,*,*
53385520,2,53385530,,*,*,*,*,*,*,*,*,*,*,*,*,*,*,*,*,*,*,*,*,*,*,*,*,*,*,*,*,*,*,*,*,*,*,*,*,*,*,*,*,*,*,*,*,*,*,*,*,*,*,*,*,*,*,*,*,*,*,*,*,*,*,*,*,*,*,*,*,*,*,*,*,*,*,*,*,*,*,*,*,*,*,*,*,*,*,*,*,*,*,*,*,*,*
53385525,0,,,4,2,2,4,2,2,0,0,0,0,0,0,3,3,0,1,0,1,0,0,0,0,0,0,0,0,0,0,0,0,0,0,0,2,1,1,1,0,1,0,0,0,1,1,0,0,0,0,12,6,6,2,1,1,9,4,5,1,1,0,0,0,0,3,3,0,0,0,0,1,0,1,2,1,1,2,1,1,6,2,4,2,1,2,2,10,8,2,0,0,0,4,1,0
53385526,1,,53385535,44,23,21,29,19,10,1,0,1,12,3,9,30,26,4,19,3,16,3,2,1,0,0,0,2,1,1,0,0,0,1,1,0,21,13,8,8,7,1,5,3,2,4,1,3,4,2,2,138,70,68,27,13,14,57,31,26,24,7,17,20,14,6,54,39,15,0,0,0,10,4,6,7,3,4,27,14,13,53,20,33,18,9,21,18,105,93,12,0,6,0,43,7,1
53385528,2,53385529,,*,*,*,*,*,*,*,*,*,*,*,*,*,*,*,*,*,*,*,*,*,*,*,*,*,*,*,*,*,*,*,*,*,*,*,*,*,*,*,*,*,*,*,*,*,*,*,*,*,*,*,*,*,*,*,*,*,*,*,*,*,*,*,*,*,*,*,*,*,*,*,*,*,*,*,*,*,*,*,*,*,*,*,*,*,*,*,*,*,*,*,*,*,*
53385529,1,,53385519;53385528,38,18,20,25,14,11,1,0,1,10,2,8,10,8,2,4,0,4,0,0,0,0,0,0,0,0,0,0,0,0,0,0,0,9,5,4,4,2,2,4,3,1,0,0,0,1,0,1,92,45,47,25,14,11,30,12,18,14,5,9,21,12,9,28,22,6,1,1,0,2,2,0,1,1,0,14,7,7,55,17,38,5,3,22,16,58,52,6,0,5,1,43,2,3
53385530,1,,53385520;53385560;53385572,16,10,6,10,8,2,0,0,0,6,2,4,5,5,0,3,0,3,2,2,0,0,0,0,2,2,0,0,0,0,0,0,0,3,2,1,1,1,0,1,0,1,1,1,0,0,0,0,43,21,22,11,6,5,25,13,12,5,1,4,2,1,1,15,14,1,0,0,0,3,2,1,1,0,1,4,2,2,25,7,18,2,1,10,5,26,24,2,0,1,1,15,1,0
53385535,2,53385526,,*,*,*,*,*,*,*,*,*,*,*,*,*,*,*,*,*,*,*,*,*,*,*,*,*,*,*,*,*,*,*,*,*,*,*,*,*,*,*,*,*,*,*,*,*,*,*,*,*,*,*,*,*,*,*,*,*,*,*,*,*,*,*,*,*,*,*,*,*,*,*,*,*,*,*,*,*,*,*,*,*,*,*,*,*,*,*,*,*,*,*,*,*,*
53385538,0,,,10,6,4,7,5,2,1,0,1,2,1,1,2,2,0,0,0,0,0,0,0,0,0,0,0,0,0,0,0,0,0,0,0,1,1,0,0,0,0,0,0,0,0,0,0,1,1,0,22,11,11,3,1,2,9,5,4,4,1,3,6,4,2,5,4,1,0,0,0,0,0,0,0,0,0,3,3,0,15,5,10,0,1,5,3,13,12,1,0,2,0,12,0,0
53385539,0,,,9,3,6,6,3,3,0,0,0,3,0,3,4,3,1,3,2,1,1,1,0,0,0,0,0,0,0,0,0,0,1,1,0,4,3,1,3,2,1,1,1,0,0,0,0,0,0,0,30,16,14,1,0,1,12,5,7,6,2,4,9,7,2,10,9,1,0,0,0,4,2,2,0,0,0,6,2,4,13,5,8,2,1,5,5,17,16,1,0,0,0,9,1,0
53385547,0,,,13,10,3,11,8,3,0,0,0,2,2,0,2,2,0,1,0,1,0,0,0,0,0,0,0,0,0,0,0,0,0,0,0,3,2,1,1,0,1,1,1,0,0,0,0,1,1,0,37,19,18,7,2,5,14,7,7,3,1,2,5,5,0,9,6,3,1,1,0,0,0,0,1,0,1,3,2,1,16,7,9,1,0,7,11,16,16,0,0,0,0,15,0,0
53385548,0,,,14,8,6,7,6,1,1,1,0,6,1,5,1,1,0,0,0,0,4,1,3,0,0,0,2,1,1,0,0,0,2,0,2,3,3,0,3,3,0,0,0,0,0,0,0,0,0,0,37,17,20,7,3,4,13,6,7,5,0,5,7,5,2,9,7,2,0,0,0,7,3,4,5,3,2,4,2,2,12,1,11,0,0,12,7,15,15,0,0,0,0,13,0,0
53385549,0,,,9,5,4,4,2,2,0,0,0,4,2,2,2,1,1,2,0,2,2,1,1,0,0,0,1,1,0,0,0,0,1,0,1,7,3,4,5,3,2,2,0,2,0,0,0,0,0,0,30,13,17,10,3,7,10,6,4,4,1,3,4,2,2,12,8,4,0,0,0,2,1,1,1,0,1,6,1,5,15,6,9,0,0,8,8,15,13,2,0,0,0,11,1,1
53385557,0,,,18,10,8,13,8,5,0,0,0,5,2,3,7,7,0,1,1,0,0,0,0,0,0,0,0,0,0,0,0,0,0,0,0,2,1,1,0,0,0,2,1,1,0,0,0,0,0,0,56,30,26,8,5,3,25,14,11,10,3,7,5,3,2,14,12,2,0,0,0,0,0,0,2,2,0,3,1,2,33,13,20,0,1,13,15,28,26,2,0,1,0,22,2,0
53385558,0,,,5,2,3,3,2,1,0,0,0,2,0,2,1,1,0,0,0,0,0,0,0,0,0,0,0,0,0,0,0,0,0,0,0,0,0,0,0,0,0,0,0,0,0,0,0,0,0,0,20,10,10,7,3,4,10,5,5,3,2,1,0,0,0,5,5,0,0,0,0,1,0,1,3,2,1,6,3,3,5,0,5,0,0,3,7,6,6,0,0,0,0,5,0,0
53385559,0,,,42,24,18,24,19,5,0,0,0,17,4,13,5,2,3,1,0,1,38,24,14,0,0,0,2,1,1,0,0,0,36,23,13,8,3,5,3,0,3,4,3,1,1,0,1,0,0,0,86,41,45,25,7,18,40,23,17,12,4,8,7,6,1,26,18,8,8,5,3,7,3,4,11,5,6,20,10,10,58,26,32,3,2,25,16,54,48,6,0,3,1,41,3,2
53385560,2,53385530,,*,*,*,*,*,*,*,*,*,*,*,*,*,*,*,*,*,*,*,*,*,*,*,*,*,*,*,*,*,*,*,*,*,*,*,*,*,*,*,*,*,*,*,*,*,*,*,*,*,*,*,*,*,*,*,*,*,*,*,*,*,*,*,*,*,*,*,*,*,*,*,*,*,*,*,*,*,*,*,*,*,*,*,*,*,*,*,*,*,*,*,*,*,*
53385569,1,,53385578;53385579,22,11,11,11,8,3,1,1,0,8,2,6,2,1,1,0,0,0,0,0,0,0,0,0,0,0,0,0,0,0,0,0,0,6,3,3,4,2,2,0,0,0,0,0,0,2,1,1,45,23,22,8,5,3,24,11,13,5,1,4,5,4,1,14,10,4,0,0,0,0,0,0,1,1,0,7,3,4,26,10,16,0,0,14,11,26,24,2,0,3,0,20,0,0
53385572,2,53385530,,*,*,*,*,*,*,*,*,*,*,*,*,*,*,*,*,*,*,*,*,*,*,*,*,*,*,*,*,*,*,*,*,*,*,*,*,*,*,*,*,*,*,*,*,*,*,*,*,*,*,*,*,*,*,*,*,*,*,*,*,*,*,*,*,*,*,*,*,*,*,*,*,*,*,*,*,*,*,*,*,*,*,*,*,*,*,*,*,*,*,*,*,*,*
53385578,2,53385569,,*,*,*,*,*,*,*,*,*,*,*,*,*,*,*,*,*,*,*,*,*,*,*,*,*,*,*,*,*,*,*,*,*,*,*,*,*,*,*,*,*,*,*,*,*,*,*,*,*,*,*,*,*,*,*,*,*,*,*,*,*,*,*,*,*,*,*,*,*,*,*,*,*,*,*,*,*,*,*,*,*,*,*,*,*,*,*,*,*,*,*,*,*,*
53385579,2,53385569,,*,*,*,*,*,*,*,*,*,*,*,*,*,*,*,*,*,*,*,*,*,*,*,*,*,*,*,*,*,*,*,*,*,*,*,*,*,*,*,*,*,*,*,*,*,*,*,*,*,*,*,*,*,*,*,*,*,*,*,*,*,*,*,*,*,*,*,*,*,*,*,*,*,*,*,*,*,*,*,*,*,*,*,*,*,*,*,*,*,*,*,*,*,*
53385600,1,,53385634,29,16,13,12,8,4,1,1,0,13,4,9,9,7,2,4,1,3,2,1,1,0,0,0,2,1,1,0,0,0,0,0,0,5,2,3,4,2,2,0,0,0,1,0,1,0,0,0,69,30,39,9,1,8,41,22,19,9,2,7,8,4,4,23,17,6,2,0,2,2,1,1,6,3,3,15,6,9,28,6,22,5,1,18,5,44,43,1,0,1,1,30,0,0
53385634,2,53385600,,*,*,*,*,*,*,*,*,*,*,*,*,*,*,*,*,*,*,*,*,*,*,*,*,*,*,*,*,*,*,*,*,*,*,*,*,*,*,*,*,*,*,*,*,*,*,*,*,*,*,*,*,*,*,*,*,*,*,*,*,*,*,*,*,*,*,*,*,*,*,*,*,*,*,*,*,*,*,*,*,*,*,*,*,*,*,*,*,*,*,*,*,*,*
53385654,2,53385670,,*,*,*,*,*,*,*,*,*,*,*,*,*,*,*,*,*,*,*,*,*,*,*,*,*,*,*,*,*,*,*,*,*,*,*,*,*,*,*,*,*,*,*,*,*,*,*,*,*,*,*,*,*,*,*,*,*,*,*,*,*,*,*,*,*,*,*,*,*,*,*,*,*,*,*,*,*,*,*,*,*,*,*,*,*,*,*,*,*,*,*,*,*,*
53385665,2,53385666,,*,*,*,*,*,*,*,*,*,*,*,*,*,*,*,*,*,*,*,*,*,*,*,*,*,*,*,*,*,*,*,*,*,*,*,*,*,*,*,*,*,*,*,*,*,*,*,*,*,*,*,*,*,*,*,*,*,*,*,*,*,*,*,*,*,*,*,*,*,*,*,*,*,*,*,*,*,*,*,*,*,*,*,*,*,*,*,*,*,*,*,*,*,*
53385666,1,,53385665;53385667;53385696,2,2,0,1,1,0,0,0,0,1,1,0,1,1,0,1,0,1,0,0,0,0,0,0,0,0,0,0,0,0,0,0,0,1,0,1,0,0,0,0,0,0,0,0,0,1,0,1,13,8,5,4,2,2,5,3,2,1,0,1,2,2,0,7,6,1,1,0,1,1,1,0,0,0,0,1,1,0,4,0,4,0,0,2,7,4,4,0,2,0,0,2,0,0
53385667,2,53385666,,*,*,*,*,*,*,*,*,*,*,*,*,*,*,*,*,*,*,*,*,*,*,*,*,*,*,*,*,*,*,*,*,*,*,*,*,*,*,*,*,*,*,*,*,*,*,*,*,*,*,*,*,*,*,*,*,*,*,*,*,*,*,*,*,*,*,*,*,*,*,*,*,*,*,*,*,*,*,*,*,*,*,*,*,*,*,*,*,*,*,*,*,*,*
53385670,1,,53385654,35,20,15,19,11,8,1,1,0,11,5,6,2,1,1,0,0,0,0,0,0,0,0,0,0,0,0,0,0,0,0,0,0,4,3,1,1,0,1,2,2,0,0,0,0,1,1,0,66,34,32,19,8,11,33,20,13,7,2,5,7,4,3,21,13,8,1,1,0,0,0,0,0,0,0,6,4,2,42,19,23,1,1,21,8,40,37,3,0,3,2,29,2,1
53385680,0,,,6,4,2,1,0,1,1,1,0,3,2,1,0,0,0,0,0,0,0,0,0,0,0,0,0,0,0,0,0,0,0,0,0,1,0,1,1,0,1,0,0,0,0,0,0,0,0,0,16,6,10,7,2,5,4,2,2,4,1,3,1,1,0,5,2,3,0,0,0,1,1,0,0,0,0,2,1,1,9,2,7,0,0,6,5,7,6,1,2,0,0,5,0,0
53385696,2,53385666,,*,*,*,*,*,*,*,*,*,*,*,*,*,*,*,*,*,*,*,*,*,*,*,*,*,*,*,*,*,*,*,*,*,*,*,*,*,*,*,*,*,*,*,*,*,*,*,*,*,*,*,*,*,*,*,*,*,*,*,*,*,*,*,*,*,*,*,*,*,*,*,*,*,*,*,*,*,*,*,*,*,*,*,*,*,*,*,*,*,*,*,*,*,*
53385705,0,,,38,22,16,17,14,3,1,0,1,14,5,9,6,3,3,0,0,0,2,0,2,0,0,0,1,0,1,0,0,0,1,0,1,9,4,5,8,4,4,0,0,0,0,0,0,1,0,1,68,35,33,21,10,11,19,10,9,13,7,6,15,8,7,21,14,7,1,0,1,13,7,6,2,1,1,12,6,6,30,11,19,1,1,24,15,44,44,0,8,0,0,32,1,0
53385706,0,,,56,30,26,33,22,11,1,0,1,18,4,14,6,4,2,2,0,2,10,7,3,0,0,0,9,6,3,0,0,0,1,1,0,14,7,7,13,6,7,1,1,0,0,0,0,0,0,0,98,50,48,24,9,15,34,17,17,4,1,3,35,23,12,24,18,6,7,5,2,20,13,7,21,10,11,12,7,5,38,11,27,2,2,42,12,66,64,2,9,1,0,46,1,0
53385707,0,,,4,2,2,4,2,2,0,0,0,0,0,0,0,0,0,0,0,0,0,0,0,0,0,0,0,0,0,0,0,0,0,0,0,1,1,0,0,0,0,1,1,0,0,0,0,0,0,0,9,5,4,3,2,1,5,2,3,0,0,0,1,1,0,1,1,0,0,0,0,4,2,2,0,0,0,0,0,0,5,3,2,0,0,4,2,5,4,1,0,0,0,4,0,0
53385714,0,,,44,27,17,28,18,10,0,0,0,14,8,6,9,6,3,3,0,3,1,1,0,0,0,0,0,0,0,0,0,0,1,1,0,9,3,6,7,1,6,1,1,0,0,0,0,1,1,0,104,53,51,53,25,28,34,19,15,13,6,7,4,3,1,37,27,10,5,5,0,4,3,1,0,0,0,6,3,3,62,19,43,2,4,24,23,59,56,3,2,0,0,40,1,4
53385715,0,,,50,25,25,32,18,14,1,0,1,12,3,9,16,10,6,7,2,5,6,4,2,0,0,0,4,2,2,0,0,0,2,2,0,24,12,12,19,11,8,5,1,4,0,0,0,0,0,0,124,57,67,36,15,21,38,17,21,13,5,8,36,20,16,28,16,12,16,8,8,26,11,15,13,8,5,13,4,9,58,26,32,0,2,46,26,80,73,7,16,2,2,26,0,1
53385717,0,,,28,15,13,10,6,4,0,0,0,14,5,9,7,4,3,0,0,0,3,1,2,0,0,0,1,1,0,0,0,0,2,0,2,2,1,1,2,1,1,0,0,0,0,0,0,0,0,0,62,32,30,20,12,8,22,9,13,10,4,6,10,7,3,30,20,10,3,1,2,7,5,2,5,1,4,2,1,1,20,6,14,3,1,19,10,35,35,0,4,0,0,26,1,0
53385718,0,,,11,8,3,4,3,1,0,0,0,5,3,2,3,1,2,0,0,0,0,0,0,0,0,0,0,0,0,0,0,0,0,0,0,2,2,0,0,0,0,2,2,0,0,0,0,0,0,0,24,12,12,14,7,7,6,3,3,0,0,0,4,2,2,10,5,5,1,0,1,4,3,1,1,1,0,6,4,2,4,1,3,0,1,7,4,16,14,2,0,0,0,10,0,0
53385729,2,53385739,,*,*,*,*,*,*,*,*,*,*,*,*,*,*,*,*,*,*,*,*,*,*,*,*,*,*,*,*,*,*,*,*,*,*,*,*,*,*,*,*,*,*,*,*,*,*,*,*,*,*,*,*,*,*,*,*,*,*,*,*,*,*,*,*,*,*,*,*,*,*,*,*,*,*,*,*,*,*,*,*,*,*,*,*,*,*,*,*,*,*,*,*,*,*
53385738,1,,53385746,11,6,5,7,4,3,0,0,0,4,2,2,7,5,2,1,0,1,0,0,0,0,0,0,0,0,0,0,0,0,0,0,0,0,0,0,0,0,0,0,0,0,0,0,0,0,0,0,41,21,20,22,12,10,16,7,9,1,0,1,2,2,0,10,7,3,0,0,0,7,4,3,3,1,2,2,1,1,19,8,11,0,0,12,10,20,20,0,2,0,1,7,0,1
53385739,1,,53385729,4,3,1,3,2,1,1,1,0,0,0,0,2,0,2,1,1,0,1,1,0,0,0,0,0,0,0,0,0,0,1,1,0,0,0,0,0,0,0,0,0,0,0,0,0,0,0,0,18,10,8,2,2,0,13,7,6,1,0,1,2,1,1,7,5,2,0,0,0,3,2,1,0,0,0,0,0,0,9,4,5,0,0,5,6,7,7,0,2,0,0,2,0,0
53385743,0,,,90,51,39,52,36,16,2,1,1,30,9,21,12,9,3,8,3,5,8,5,3,0,0,0,7,4,3,0,0,0,1,1,0,22,14,8,18,12,6,2,1,1,0,0,0,2,1,1,232,116,116,80,33,47,82,48,34,31,11,20,33,20,13,57,47,10,16,9,7,47,20,27,12,7,5,13,7,6,117,45,72,6,3,70,64,115,111,4,38,1,0,54,1,1
53385744,0,,,25,12,13,14,7,7,0,0,0,5,1,4,1,1,0,1,0,1,3,0,3,0,0,0,3,0,3,0,0,0,0,0,0,5,3,2,5,3,2,0,0,0,0,0,0,0,0,0,52,23,29,19,7,12,17,10,7,9,2,7,6,4,2,20,11,9,5,2,3,3,1,2,0,0,0,6,2,4,26,10,16,2,0,14,9,27,27,0,8,0,0,13,1,0
53385745,0,,,21,14,7,10,8,2,0,0,0,9,5,4,0,0,0,0,0,0,0,0,0,0,0,0,0,0,0,0,0,0,0,0,0,4,1,3,1,0,1,3,1,2,0,0,0,0,0,0,39,20,19,18,7,11,15,9,6,4,2,2,1,1,0,18,13,5,1,0,1,0,0,0,0,0,0,4,2,2,20,6,14,1,0,10,8,24,21,3,0,0,1,22,0,0
53385746,2,53385738,,*,*,*,*,*,*,*,*,*,*,*,*,*,*,*,*,*,*,*,*,*,*,*,*,*,*,*,*,*,*,*,*,*,*,*,*,*,*,*,*,*,*,*,*,*,*,*,*,*,*,*,*,*,*,*,*,*,*,*,*,*,*,*,*,*,*,*,*,*,*,*,*,*,*,*,*,*,*,*,*,*,*,*,*,*,*,*,*,*,*,*,*,*,*
53385752,2,53385753,,*,*,*,*,*,*,*,*,*,*,*,*,*,*,*,*,*,*,*,*,*,*,*,*,*,*,*,*,*,*,*,*,*,*,*,*,*,*,*,*,*,*,*,*,*,*,*,*,*,*,*,*,*,*,*,*,*,*,*,*,*,*,*,*,*,*,*,*,*,*,*,*,*,*,*,*,*,*,*,*,*,*,*,*,*,*,*,*,*,*,*,*,*,*
53385753,1,,53385752,61,38,23,42,29,13,0,0,0,16,8,8,9,9,0,5,2,3,4,1,3,0,0,0,4,1,3,0,0,0,0,0,0,3,1,2,2,1,1,1,0,1,0,0,0,0,0,0,108,62,46,28,16,12,34,19,15,19,6,13,27,21,6,22,17,5,17,11,6,17,8,9,8,6,2,11,5,6,40,17,23,2,1,52,13,76,75,1,10,1,0,47,0,0
53385757,2,53385759,,*,*,*,*,*,*,*,*,*,*,*,*,*,*,*,*,*,*,*,*,*,*,*,*,*,*,*,*,*,*,*,*,*,*,*,*,*,*,*,*,*,*,*,*,*,*,*,*,*,*,*,*,*,*,*,*,*,*,*,*,*,*,*,*,*,*,*,*,*,*,*,*,*,*,*,*,*,*,*,*,*,*,*,*,*,*,*,*,*,*,*,*,*,*
53385759,1,,53385757;53385769,8,6,2,5,4,1,0,0,0,3,2,1,2,1,1,0,0,0,0,0,0,0,0,0,0,0,0,0,0,0,0,0,0,3,3,0,2,2,0,1,1,0,0,0,0,0,0,0,28,13,15,13,5,8,5,2,3,3,1,2,3,3,0,7,6,1,0,0,0,1,1,0,10,5,5,0,0,0,9,2,7,0,1,5,7,10,10,0,0,0,0,8,0,0
53385769,2,53385759,,*,*,*,*,*,*,*,*,*,*,*,*,*,*,*,*,*,*,*,*,*,*,*,*,*,*,*,*,*,*,*,*,*,*,*,*,*,*,*,*,*,*,*,*,*,*,*,*,*,*,*,*,*,*,*,*,*,*,*,*,*,*,*,*,*,*,*,*,*,*,*,*,*,*,*,*,*,*,*,*,*,*,*,*,*,*,*,*,*,*,*,*,*,*
53386000,0,,,523,275,248,316,208,108,18,12,6,170,40,130,53,43,10,18,3,15,63,31,32,0,0,0,38,18,20,0,0,0,25,13,12,174,85,89,123,62,61,44,19,25,2,1,1,4,2,2,997,480,517,93,48,45,431,202,229,160,53,107,152,104,48,201,122,79,93,42,51,165,77,88,152,70,82,188,93,95,428,187,241,14,16,290,81,664,609,55,16,19,13,519,3,23
53386001,0,,,454,247,207,277,185,92,4,1,3,148,38,110,73,55,18,28,5,23,49,24,25,2,0,2,34,15,19,0,0,0,13,9,4,126,61,65,88,37,51,31,19,12,3,2,1,4,3,1,832,407,425,84,35,49,389,188,201,143,52,91,125,87,38,187,112,75,20,10,10,92,49,43,108,48,60,158,83,75,442,190,252,11,24,246,70,601,561,40,7,14,7,450,1,23
53386002,0,,,207,112,95,113,76,37,3,3,0,80,23,57,34,29,5,7,2,5,17,7,10,0,0,0,10,4,6,1,0,1,6,3,3,49,23,26,34,17,17,11,4,7,0,0,0,4,2,2,382,192,190,38,14,24,196,101,95,67,24,43,55,37,18,128,88,40,10,3,7,22,9,13,20,11,9,54,26,28,214,85,129,8,13,101,28,269,253,16,4,8,1,208,0,5
53386003,1,,53386013,301,167,134,190,127,63,3,2,1,92,24,68,37,31,6,11,4,7,41,20,21,0,0,0,33,14,19,0,0,0,8,6,2,103,53,50,78,35,43,21,15,6,1,1,0,3,2,1,525,257,268,52,19,33,280,139,141,94,30,64,77,57,20,119,84,35,17,9,8,74,32,42,103,47,56,98,40,58,258,118,140,7,11,170,51,379,352,27,10,5,5,304,4,11
53386004,0,,,441,228,213,252,151,101,9,5,4,140,44,96,84,65,19,45,11,34,36,20,16,1,1,0,21,11,10,0,0,0,14,8,6,112,59,53,70,38,32,35,17,18,1,0,1,6,4,2,981,466,515,131,55,76,469,216,253,156,48,108,177,127,50,273,178,95,33,17,16,105,48,57,61,27,34,126,55,71,522,216,306,3,9,293,132,626,584,42,37,8,12,406,7,25
53386005,0,,,59,30,29,33,23,10,3,2,1,21,3,18,11,10,1,8,3,5,10,5,5,0,0,0,5,2,3,0,0,0,5,3,2,16,8,8,10,5,5,3,1,2,1,0,1,2,2,0,152,73,79,25,8,17,65,34,31,24,8,16,25,17,8,34,23,11,2,1,1,18,11,7,9,4,5,32,15,17,83,32,51,4,4,33,26,87,82,5,2,1,2,59,0,0
53386007,0,,,13,7,6,7,5,2,0,0,0,6,2,4,7,6,1,3,0,3,2,0,2,0,0,0,2,0,2,0,0,0,0,0,0,8,3,5,8,3,5,0,0,0,0,0,0,0,0,0,40,20,20,11,4,7,19,12,7,5,2,3,4,2,2,10,8,2,3,2,1,10,5,5,4,1,3,1,0,1,22,7,15,1,3,6,12,24,24,0,0,0,0,15,0,2
53386008,2,53386018,,*,*,*,*,*,*,*,*,*,*,*,*,*,*,*,*,*,*,*,*,*,*,*,*,*,*,*,*,*,*,*,*,*,*,*,*,*,*,*,*,*,*,*,*,*,*,*,*,*,*,*,*,*,*,*,*,*,*,*,*,*,*,*,*,*,*,*,*,*,*,*,*,*,*,*,*,*,*,*,*,*,*,*,*,*,*,*,*,*,*,*,*,*,*
53386009,2,53386018,,*,*,*,*,*,*,*,*,*,*,*,*,*,*,*,*,*,*,*,*,*,*,*,*,*,*,*,*,*,*,*,*,*,*,*,*,*,*,*,*,*,*,*,*,*,*,*,*,*,*,*,*,*,*,*,*,*,*,*,*,*,*,*,*,*,*,*,*,*,*,*,*,*,*,*,*,*,*,*,*,*,*,*,*,*,*,*,*,*,*,*,*,*,*
53386010,0,,,234,130,104,149,98,51,7,3,4,67,18,49,33,27,6,21,6,15,17,9,8,0,0,0,11,4,7,0,0,0,6,5,1,62,33,29,45,26,19,14,6,8,1,0,1,2,1,1,582,259,323,72,34,38,205,102,103,63,22,41,44,35,9,112,68,44,39,15,24,127,48,79,76,30,46,69,31,38,238,109,129,4,14,116,34,326,302,24,9,5,7,242,3,13
53386011,0,,,107,59,48,66,42,24,5,2,3,29,10,19,20,14,6,7,2,5,7,6,1,0,0,0,5,4,1,0,0,0,2,2,0,31,19,12,21,10,11,8,7,1,1,1,0,1,1,0,209,103,106,26,14,12,98,45,53,37,13,24,29,22,7,44,28,16,9,5,4,22,12,10,22,13,9,55,30,25,95,40,55,6,4,59,21,147,135,12,2,4,1,109,0,7
53386012,0,,,108,56,52,59,35,24,2,0,2,39,13,26,21,19,2,10,4,6,3,3,0,0,0,0,3,3,0,0,0,0,0,0,0,27,12,15,18,9,9,5,2,3,2,0,2,2,1,1,230,110,120,27,10,17,117,57,60,34,9,25,33,23,10,67,44,23,0,0,0,17,9,8,22,11,11,30,17,13,124,44,80,8,10,51,28,146,139,7,0,2,1,107,1,4
53386013,2,53386003,,*,*,*,*,*,*,*,*,*,*,*,*,*,*,*,*,*,*,*,*,*,*,*,*,*,*,*,*,*,*,*,*,*,*,*,*,*,*,*,*,*,*,*,*,*,*,*,*,*,*,*,*,*,*,*,*,*,*,*,*,*,*,*,*,*,*,*,*,*,*,*,*,*,*,*,*,*,*,*,*,*,*,*,*,*,*,*,*,*,*,*,*,*,*
53386015,0,,,25,15,10,12,9,3,1,1,0,8,3,5,9,7,2,4,1,3,0,0,0,0,0,0,0,0,0,0,0,0,0,0,0,5,1,4,3,0,3,2,1,1,0,0,0,0,0,0,96,45,51,16,6,10,34,18,16,12,7,5,7,4,3,20,14,6,0,0,0,1,1,0,2,1,1,24,11,13,54,19,35,3,3,15,20,42,39,3,2,1,1,23,0,2
53386016,0,,,5,2,3,3,2,1,0,0,0,2,0,2,1,1,0,1,0,1,0,0,0,0,0,0,0,0,0,0,0,0,0,0,0,0,0,0,0,0,0,0,0,0,0,0,0,0,0,0,12,6,6,5,2,3,4,2,2,1,1,0,0,0,0,4,3,1,0,0,0,2,1,1,0,0,0,3,1,2,3,1,2,0,0,4,1,7,7,0,0,0,0,5,0,0
53386017,0,,,13,7,6,8,4,4,0,0,0,3,1,2,6,3,3,1,0,1,5,1,4,0,0,0,0,0,0,0,0,0,5,1,4,8,2,6,2,1,1,3,1,2,2,0,2,1,0,1,40,22,18,4,2,2,13,5,8,4,2,2,11,8,3,19,11,8,1,0,1,4,2,2,7,2,5,5,2,3,17,8,9,3,1,7,7,28,23,5,0,4,1,12,0,0
53386018,1,,53386008;53386009,21,12,9,6,5,1,0,0,0,13,5,8,9,5,4,2,0,2,7,5,2,0,0,0,5,4,1,0,0,0,2,1,1,8,1,7,8,1,7,0,0,0,0,0,0,0,0,0,53,29,24,2,1,1,18,10,8,11,4,7,15,11,4,13,9,4,8,3,5,15,7,8,2,1,1,16,10,6,14,5,9,6,4,9,10,33,33,0,1,0,0,16,1,1
53386020,0,,,141,68,73,78,52,26,7,5,2,51,7,44,13,10,3,2,1,1,18,9,9,0,0,0,13,5,8,0,0,0,5,4,1,52,23,29,41,19,22,11,4,7,0,0,0,0,0,0,216,105,111,19,10,9,102,45,57,37,15,22,30,20,10,55,32,23,5,2,3,30,13,17,36,18,18,71,31,40,89,41,48,2,7,68,12,171,158,13,4,3,0,137,2,7
53386021,0,,,86,51,35,44,34,10,2,1,1,34,12,22,21,15,6,7,0,7,2,1,1,0,0,0,2,1,1,0,0,0,0,0,0,26,13,13,15,7,8,9,5,4,1,1,0,1,0,1,178,91,87,31,11,20,85,47,38,17,6,11,21,15,6,67,46,21,2,1,1,9,7,2,14,7,7,32,16,16,82,28,54,5,9,39,17,125,115,10,1,4,2,80,2,6
53386022,0,,,52,31,21,34,25,9,0,0,0,17,5,12,13,10,3,8,1,7,6,4,2,0,0,0,4,2,2,0,0,0,2,2,0,21,15,6,16,11,5,4,3,1,0,0,0,1,1,0,106,55,51,14,7,7,46,20,26,20,9,11,12,10,2,50,42,8,6,4,2,3,2,1,2,2,0,22,9,13,50,15,35,5,3,25,8,81,74,7,2,0,1,59,0,5
53386026,0,,,18,10,8,8,5,3,0,0,0,10,5,5,5,4,1,2,0,2,2,1,1,0,0,0,1,0,1,0,0,0,1,1,0,4,2,2,3,2,1,1,0,1,0,0,0,0,0,0,45,24,21,6,2,4,21,11,10,2,1,1,8,5,3,17,14,3,2,1,1,10,5,5,1,1,0,3,2,1,16,2,14,2,2,10,8,26,25,1,0,0,0,21,0,0
53386027,1,,53386028;53386038,7,5,2,3,2,1,0,0,0,4,3,1,4,2,2,2,0,2,5,5,0,0,0,0,3,3,0,0,0,0,2,2,0,10,4,6,9,4,5,1,0,1,0,0,0,0,0,0,26,11,15,5,1,4,10,5,5,2,0,2,8,5,3,3,1,2,0,0,0,13,9,4,9,4,5,9,5,4,7,1,6,3,0,7,7,14,13,1,2,0,0,4,1,1
53386028,2,53386027,,*,*,*,*,*,*,*,*,*,*,*,*,*,*,*,*,*,*,*,*,*,*,*,*,*,*,*,*,*,*,*,*,*,*,*,*,*,*,*,*,*,*,*,*,*,*,*,*,*,*,*,*,*,*,*,*,*,*,*,*,*,*,*,*,*,*,*,*,*,*,*,*,*,*,*,*,*,*,*,*,*,*,*,*,*,*,*,*,*,*,*,*,*,*
53386030,0,,,78,37,41,49,28,21,4,1,3,17,3,14,10,9,1,2,0,2,15,7,8,0,0,0,9,4,5,0,0,0,6,3,3,32,16,16,25,12,13,4,3,1,0,0,0,3,1,2,134,64,70,19,9,10,60,29,31,22,9,13,21,12,9,32,20,12,1,0,1,27,13,14,22,12,10,31,13,18,67,29,38,1,3,39,15,95,91,4,6,2,0,67,2,4
53386031,0,,,274,144,130,173,111,62,3,2,1,88,23,65,41,33,8,21,2,19,18,7,11,0,0,0,12,4,8,0,0,0,6,3,3,92,47,45,63,35,28,25,10,15,0,0,0,4,2,2,541,257,284,76,31,45,234,114,120,86,31,55,66,41,25,177,124,53,6,4,2,45,22,23,63,27,36,106,48,58,252,86,166,16,13,134,55,389,354,35,4,13,2,287,2,14
53386032,0,,,21,12,9,14,10,4,0,0,0,6,1,5,9,6,3,7,1,6,2,1,1,0,0,0,2,1,1,0,0,0,0,0,0,9,7,2,6,4,2,3,3,0,0,0,0,0,0,0,58,30,28,3,1,2,21,12,9,11,4,7,6,4,2,26,17,9,0,0,0,0,0,0,3,2,1,12,9,3,28,10,18,2,3,10,8,47,42,5,0,0,0,19,0,6
53386036,0,,,39,23,16,26,15,11,0,0,0,11,6,5,7,6,1,1,0,1,7,3,4,0,0,0,4,3,1,0,0,0,3,0,3,7,2,5,4,1,3,2,1,1,0,0,0,1,0,1,77,41,36,10,5,5,28,16,12,16,7,9,10,7,3,32,22,10,2,1,1,10,4,6,5,1,4,6,2,4,36,16,20,0,4,18,8,51,48,3,0,1,0,39,1,0
53386037,0,,,23,15,8,14,10,4,0,0,0,9,5,4,7,6,1,3,0,3,1,1,0,0,0,0,1,1,0,0,0,0,0,0,0,3,1,2,1,0,1,2,1,1,0,0,0,0,0,0,58,30,28,7,1,6,35,20,15,4,1,3,7,5,2,25,19,6,0,0,0,3,1,2,4,3,1,0,0,0,30,9,21,2,4,8,12,35,33,2,0,0,0,25,0,0
53386038,2,53386027,,*,*,*,*,*,*,*,*,*,*,*,*,*,*,*,*,*,*,*,*,*,*,*,*,*,*,*,*,*,*,*,*,*,*,*,*,*,*,*,*,*,*,*,*,*,*,*,*,*,*,*,*,*,*,*,*,*,*,*,*,*,*,*,*,*,*,*,*,*,*,*,*,*,*,*,*,*,*,*,*,*,*,*,*,*,*,*,*,*,*,*,*,*,*
53386039,1,,53386049,0,0,0,0,0,0,0,0,0,0,0,0,3,3,0,0,0,0,0,0,0,0,0,0,0,0,0,0,0,0,0,0,0,0,0,0,0,0,0,0,0,0,0,0,0,0,0,0,10,5,5,0,0,0,8,4,4,1,1,0,0,0,0,0,0,0,0,0,0,5,3,2,0,0,0,0,0,0,5,2,3,1,0,2,4,3,3,0,0,0,0,0,0,0
53386040,0,,,113,57,56,77,46,31,1,1,0,31,8,23,19,16,3,6,0,6,7,5,2,0,0,0,4,3,1,0,0,0,3,2,1,28,12,16,15,6,9,8,4,4,1,0,1,4,2,2,214,102,112,28,12,16,103,48,55,36,10,26,33,25,8,82,59,23,3,2,1,21,12,9,16,6,10,29,11,18,97,29,68,5,7,54,22,152,139,13,0,2,1,105,2,7
53386041,0,,,87,46,41,49,31,18,0,0,0,34,12,22,8,7,1,4,0,4,13,8,5,0,0,0,8,5,3,0,0,0,5,3,2,20,12,8,12,6,6,6,4,2,0,0,0,2,2,0,151,74,77,23,9,14,70,39,31,22,6,16,23,15,8,75,54,21,9,3,6,7,2,5,7,4,3,28,15,13,58,16,42,4,3,36,14,108,101,7,2,4,0,72,1,6
53386042,0,,,102,56,46,59,42,17,2,1,1,40,12,28,24,18,6,10,2,8,6,4,2,0,0,0,4,4,0,0,0,0,2,0,2,21,7,14,15,6,9,4,1,3,0,0,0,2,0,2,209,106,103,28,10,18,105,59,46,34,14,20,20,14,6,84,60,24,3,1,2,3,2,1,17,8,9,26,12,14,103,34,69,6,13,43,19,144,137,7,1,2,0,108,1,2
53386047,0,,,17,8,9,6,4,2,0,0,0,11,4,7,10,8,2,4,1,3,1,0,1,0,0,0,1,0,1,0,0,0,0,0,0,7,1,6,3,0,3,4,1,3,0,0,0,0,0,0,57,27,30,12,4,8,29,16,13,10,2,8,4,4,0,23,14,9,0,0,0,1,1,0,3,0,3,12,4,8,26,9,17,5,2,11,11,37,31,6,0,0,4,20,0,2
53386049,2,53386039,,*,*,*,*,*,*,*,*,*,*,*,*,*,*,*,*,*,*,*,*,*,*,*,*,*,*,*,*,*,*,*,*,*,*,*,*,*,*,*,*,*,*,*,*,*,*,*,*,*,*,*,*,*,*,*,*,*,*,*,*,*,*,*,*,*,*,*,*,*,*,*,*,*,*,*,*,*,*,*,*,*,*,*,*,*,*,*,*,*,*,*,*,*,*
53386050,0,,,84,48,36,54,35,19,5,2,3,24,10,14,11,8,3,6,1,5,2,2,0,0,0,0,2,2,0,0,0,0,0,0,0,22,10,12,16,7,9,2,2,0,3,1,2,1,0,1,176,94,82,23,11,12,70,37,33,32,10,22,29,23,6,63,45,18,1,0,1,20,12,8,8,2,6,25,10,15,80,35,45,2,5,44,25,109,103,6,8,3,0,75,0,0
53386057,0,,,20,13,7,10,8,2,1,1,0,9,4,5,1,1,0,0,0,0,1,1,0,0,0,0,0,0,0,0,0,0,1,1,0,2,1,1,2,1,1,0,0,0,0,0,0,0,0,0,34,17,17,7,3,4,17,10,7,6,0,6,4,4,0,13,12,1,0,0,0,1,0,1,6,3,3,1,0,1,16,4,12,0,0,11,4,21,21,0,0,0,1,18,0,0
53386059,2,53386078,,*,*,*,*,*,*,*,*,*,*,*,*,*,*,*,*,*,*,*,*,*,*,*,*,*,*,*,*,*,*,*,*,*,*,*,*,*,*,*,*,*,*,*,*,*,*,*,*,*,*,*,*,*,*,*,*,*,*,*,*,*,*,*,*,*,*,*,*,*,*,*,*,*,*,*,*,*,*,*,*,*,*,*,*,*,*,*,*,*,*,*,*,*,*
53386060,0,,,100,55,45,70,44,26,2,1,1,24,6,18,15,13,2,6,0,6,10,6,4,1,0,1,7,4,3,0,0,0,2,2,0,28,17,11,21,13,8,6,3,3,0,0,0,1,1,0,179,88,91,31,11,20,97,54,43,29,9,20,22,14,8,85,65,20,5,4,1,9,5,4,20,9,11,23,8,15,74,20,54,2,12,41,17,130,122,8,0,5,2,102,2,3
53386066,0,,,16,9,7,6,5,1,1,0,1,6,1,5,9,7,2,3,1,2,2,0,2,0,0,0,1,0,1,0,0,0,1,0,1,1,0,1,1,0,1,0,0,0,0,0,0,0,0,0,52,26,26,15,6,9,19,9,10,5,2,3,7,6,1,20,13,7,1,0,1,2,1,1,4,3,1,5,2,3,23,7,16,6,1,11,10,28,28,0,0,0,0,16,0,1
53386067,0,,,35,22,13,21,14,7,0,0,0,12,6,6,9,7,2,3,0,3,2,1,1,0,0,0,2,1,1,0,0,0,0,0,0,5,3,2,5,3,2,0,0,0,0,0,0,0,0,0,96,52,44,21,15,6,49,24,25,12,4,8,8,6,2,29,25,4,0,0,0,13,8,5,6,2,4,4,2,2,51,19,32,2,1,23,16,47,47,0,0,0,1,31,1,0
53386069,2,53386078,,*,*,*,*,*,*,*,*,*,*,*,*,*,*,*,*,*,*,*,*,*,*,*,*,*,*,*,*,*,*,*,*,*,*,*,*,*,*,*,*,*,*,*,*,*,*,*,*,*,*,*,*,*,*,*,*,*,*,*,*,*,*,*,*,*,*,*,*,*,*,*,*,*,*,*,*,*,*,*,*,*,*,*,*,*,*,*,*,*,*,*,*,*,*
53386070,0,,,114,68,46,71,52,19,2,1,1,36,11,25,20,15,5,4,0,4,5,2,3,0,0,0,3,2,1,0,0,0,2,0,2,24,12,12,21,11,10,3,1,2,0,0,0,0,0,0,227,108,119,46,18,28,117,57,60,27,8,19,33,24,9,62,45,17,0,0,0,8,3,5,33,19,14,24,7,17,129,48,81,2,8,53,29,144,139,5,2,6,0,114,0,0
53386077,1,,53386088,72,35,37,40,20,20,2,1,1,25,9,16,9,7,2,2,0,2,2,1,1,0,0,0,1,1,0,0,0,0,1,0,1,9,5,4,6,4,2,3,1,2,0,0,0,0,0,0,152,66,86,27,14,13,72,29,43,19,7,12,20,12,8,55,40,15,1,0,1,3,1,2,9,5,4,5,1,4,90,25,65,1,1,40,24,87,83,4,0,0,2,75,2,2
53386078,1,,53386059;53386069,33,17,16,20,12,8,0,0,0,13,5,8,5,5,0,2,0,2,1,0,1,0,0,0,1,0,1,0,0,0,0,0,0,2,0,2,1,0,1,1,0,1,0,0,0,0,0,0,69,34,35,14,5,9,39,23,16,8,1,7,6,4,2,27,19,8,2,1,1,5,2,3,0,0,0,7,2,5,31,10,21,2,0,15,7,43,42,1,0,0,0,35,0,0
53386080,0,,,46,24,22,30,18,12,0,0,0,15,5,10,7,7,0,4,0,4,5,4,1,0,0,0,3,2,1,0,0,0,2,2,0,9,6,3,8,5,3,1,1,0,0,0,0,0,0,0,91,44,47,8,4,4,51,26,25,12,1,11,19,13,6,36,27,9,0,0,0,8,5,3,7,6,1,7,2,5,47,14,33,5,1,22,10,59,57,2,1,1,0,39,0,1
53386087,0,,,18,8,10,10,5,5,0,0,0,8,3,5,4,3,1,1,0,1,4,2,2,0,0,0,1,1,0,1,0,1,2,1,1,4,2,2,3,1,2,1,1,0,0,0,0,0,0,0,60,24,36,12,3,9,28,10,18,6,2,4,9,6,3,15,9,6,6,4,2,8,4,4,6,2,4,4,2,2,29,7,22,2,1,11,16,27,25,2,0,0,1,20,0,0
53386088,2,53386077,,*,*,*,*,*,*,*,*,*,*,*,*,*,*,*,*,*,*,*,*,*,*,*,*,*,*,*,*,*,*,*,*,*,*,*,*,*,*,*,*,*,*,*,*,*,*,*,*,*,*,*,*,*,*,*,*,*,*,*,*,*,*,*,*,*,*,*,*,*,*,*,*,*,*,*,*,*,*,*,*,*,*,*,*,*,*,*,*,*,*,*,*,*,*
53386097,0,,,12,5,7,6,3,3,0,0,0,5,1,4,1,1,0,0,0,0,0,0,0,0,0,0,0,0,0,0,0,0,0,0,0,5,3,2,5,3,2,0,0,0,0,0,0,0,0,0,18,9,9,2,1,1,10,6,4,3,1,2,3,1,2,6,4,2,1,0,1,0,0,0,6,3,3,3,2,1,7,3,4,0,0,8,2,13,13,0,2,0,0,9,0,0
53386140,1,,53386150;53386170;53386180,3,0,3,0,0,0,0,0,0,3,0,3,5,4,1,4,1,3,2,1,1,0,0,0,1,1,0,0,0,0,1,0,1,1,1,0,1,1,0,0,0,0,0,0,0,0,0,0,23,12,11,4,3,1,8,4,4,4,1,3,7,4,3,3,2,1,1,1,0,1,0,1,4,2,2,9,6,3,8,3,5,0,0,6,7,12,12,0,0,0,0,3,0,0
53386150,2,53386140,,*,*,*,*,*,*,*,*,*,*,*,*,*,*,*,*,*,*,*,*,*,*,*,*,*,*,*,*,*,*,*,*,*,*,*,*,*,*,*,*,*,*,*,*,*,*,*,*,*,*,*,*,*,*,*,*,*,*,*,*,*,*,*,*,*,*,*,*,*,*,*,*,*,*,*,*,*,*,*,*,*,*,*,*,*,*,*,*,*,*,*,*,*,*
53386157,2,53386168,,*,*,*,*,*,*,*,*,*,*,*,*,*,*,*,*,*,*,*,*,*,*,*,*,*,*,*,*,*,*,*,*,*,*,*,*,*,*,*,*,*,*,*,*,*,*,*,*,*,*,*,*,*,*,*,*,*,*,*,*,*,*,*,*,*,*,*,*,*,*,*,*,*,*,*,*,*,*,*,*,*,*,*,*,*,*,*,*,*,*,*,*,*,*
53386159,0,,,8,2,6,4,2,2,0,0,0,4,0,4,1,1,0,0,0,0,0,0,0,0,0,0,0,0,0,0,0,0,0,0,0,0,0,0,0,0,0,0,0,0,0,0,0,0,0,0,16,6,10,1,0,1,11,5,6,0,0,0,1,0,1,3,2,1,2,1,1,0,0,0,0,0,0,0,0,0,11,3,8,0,0,4,2,9,9,0,1,0,0,7,0,0
53386167,0,,,9,3,6,4,2,2,0,0,0,5,1,4,2,2,0,0,0,0,1,1,0,0,0,0,1,1,0,0,0,0,0,0,0,3,3,0,3,3,0,0,0,0,0,0,0,0,0,0,15,6,9,3,1,2,11,4,7,1,1,0,0,0,0,6,4,2,0,0,0,0,0,0,2,2,0,3,2,1,8,2,6,0,2,3,1,11,11,0,0,0,0,9,0,0
53386168,1,,53386157,11,6,5,7,5,2,1,0,1,3,1,2,0,0,0,0,0,0,0,0,0,0,0,0,0,0,0,0,0,0,0,0,0,1,0,1,0,0,0,1,0,1,0,0,0,0,0,0,31,14,17,10,4,6,14,7,7,2,1,1,3,2,1,9,6,3,1,1,0,1,1,0,0,0,0,0,0,0,21,6,15,0,0,7,9,11,11,0,0,0,0,11,0,0
53386169,0,,,64,36,28,40,26,14,2,2,0,17,4,13,15,12,3,5,0,5,3,2,1,0,0,0,2,2,0,0,0,0,1,0,1,12,8,4,10,6,4,2,2,0,0,0,0,0,0,0,123,63,60,19,9,10,60,28,32,19,13,6,11,10,1,38,30,8,2,0,2,12,8,4,4,1,3,18,11,7,64,23,41,4,6,28,12,91,87,4,2,4,0,64,0,0
53386170,2,53386140,,*,*,*,*,*,*,*,*,*,*,*,*,*,*,*,*,*,*,*,*,*,*,*,*,*,*,*,*,*,*,*,*,*,*,*,*,*,*,*,*,*,*,*,*,*,*,*,*,*,*,*,*,*,*,*,*,*,*,*,*,*,*,*,*,*,*,*,*,*,*,*,*,*,*,*,*,*,*,*,*,*,*,*,*,*,*,*,*,*,*,*,*,*,*
53386176,2,53386177,,*,*,*,*,*,*,*,*,*,*,*,*,*,*,*,*,*,*,*,*,*,*,*,*,*,*,*,*,*,*,*,*,*,*,*,*,*,*,*,*,*,*,*,*,*,*,*,*,*,*,*,*,*,*,*,*,*,*,*,*,*,*,*,*,*,*,*,*,*,*,*,*,*,*,*,*,*,*,*,*,*,*,*,*,*,*,*,*,*,*,*,*,*,*
53386177,1,,53386176,46,29,17,27,19,8,1,0,1,13,5,8,6,4,2,1,0,1,5,1,4,0,0,0,3,1,2,0,0,0,2,0,2,11,6,5,9,4,5,1,1,0,1,1,0,0,0,0,98,54,44,13,8,5,49,23,26,15,8,7,21,15,6,25,18,7,1,1,0,19,11,8,12,6,6,10,5,5,47,20,27,3,0,30,13,54,53,1,1,0,0,43,0,2
53386178,0,,,123,63,60,67,43,24,0,0,0,50,15,35,12,9,3,6,2,4,9,6,3,0,0,0,5,3,2,0,0,0,4,3,1,12,8,4,5,4,1,5,4,1,2,0,2,0,0,0,224,107,117,31,11,20,126,62,64,30,7,23,31,23,8,69,50,19,4,3,1,10,5,5,22,8,14,12,5,7,128,50,78,3,10,51,23,148,141,7,1,5,0,128,0,1
53386179,0,,,56,31,25,31,19,12,3,2,1,19,7,12,14,14,0,3,1,2,15,7,8,0,0,0,5,2,3,0,0,0,10,5,5,15,6,9,8,3,5,4,1,3,1,0,1,2,2,0,187,98,89,56,27,29,93,49,44,12,3,9,21,16,5,38,27,11,3,2,1,10,4,6,10,5,5,34,16,18,122,57,65,1,4,39,11,83,75,8,4,4,0,57,0,0
53386180,2,53386140,,*,*,*,*,*,*,*,*,*,*,*,*,*,*,*,*,*,*,*,*,*,*,*,*,*,*,*,*,*,*,*,*,*,*,*,*,*,*,*,*,*,*,*,*,*,*,*,*,*,*,*,*,*,*,*,*,*,*,*,*,*,*,*,*,*,*,*,*,*,*,*,*,*,*,*,*,*,*,*,*,*,*,*,*,*,*,*,*,*,*,*,*,*,*
53386186,1,,53386194,13,8,5,8,5,3,1,1,0,3,1,2,1,1,0,1,0,1,0,0,0,0,0,0,0,0,0,0,0,0,0,0,0,7,3,4,6,3,3,1,0,1,0,0,0,0,0,0,21,12,9,4,2,2,6,3,3,5,3,2,6,4,2,3,2,1,0,0,0,2,1,1,12,7,5,3,2,1,8,3,5,0,1,6,2,17,15,2,1,1,0,10,0,0
53386187,0,,,132,65,67,66,34,32,0,0,0,47,16,31,26,19,7,8,1,7,7,3,4,0,0,0,4,2,2,0,0,0,3,1,2,37,19,18,20,10,10,15,9,6,0,0,0,2,0,2,275,134,141,47,19,28,142,68,74,42,19,23,44,28,16,90,61,29,15,7,8,12,6,6,17,6,11,53,28,25,132,48,84,7,7,72,42,182,167,15,11,18,1,129,0,5
53386188,0,,,170,92,78,99,68,31,0,0,0,53,11,42,17,11,6,4,0,4,20,12,8,0,0,0,12,7,5,0,0,0,8,5,3,82,47,35,51,26,25,20,14,6,2,1,1,9,6,3,300,144,156,39,19,20,129,57,72,62,18,44,61,45,16,62,38,24,6,4,2,42,22,20,49,22,27,90,40,50,148,73,75,2,6,100,37,228,193,35,16,29,3,158,0,8
53386189,0,,,444,241,203,261,175,86,8,6,2,146,37,109,35,25,10,6,0,6,51,22,29,0,0,0,28,13,15,1,0,1,22,9,13,120,59,61,84,43,41,27,13,14,4,0,4,5,3,2,794,389,405,128,64,64,375,172,203,132,44,88,142,100,42,124,77,47,29,13,16,102,45,57,131,58,73,170,82,88,399,189,210,12,14,256,105,528,489,39,27,44,7,409,1,7
53386194,2,53386186,,*,*,*,*,*,*,*,*,*,*,*,*,*,*,*,*,*,*,*,*,*,*,*,*,*,*,*,*,*,*,*,*,*,*,*,*,*,*,*,*,*,*,*,*,*,*,*,*,*,*,*,*,*,*,*,*,*,*,*,*,*,*,*,*,*,*,*,*,*,*,*,*,*,*,*,*,*,*,*,*,*,*,*,*,*,*,*,*,*,*,*,*,*,*
53386196,0,,,20,10,10,13,7,6,0,0,0,5,2,3,5,4,1,1,0,1,2,1,1,0,0,0,2,1,1,0,0,0,0,0,0,5,4,1,4,3,1,1,1,0,0,0,0,0,0,0,33,15,18,3,0,3,18,9,9,6,3,3,5,3,2,15,11,4,0,0,0,0,0,0,6,3,3,7,3,4,12,3,9,2,1,10,2,27,26,1,0,1,0,22,0,0
53386197,0,,,152,85,67,103,67,36,1,0,1,39,13,26,17,14,3,8,2,6,14,6,8,0,0,0,6,4,2,0,0,0,8,2,6,42,23,19,26,16,10,8,3,5,3,2,1,5,2,3,284,143,141,27,7,20,130,75,55,62,16,46,55,40,15,105,79,26,4,3,1,31,15,16,28,15,13,37,17,20,133,42,91,5,9,82,26,197,179,18,7,18,1,148,2,5
53386198,0,,,505,271,234,305,200,105,12,8,4,160,41,119,55,44,11,10,0,10,41,17,24,3,0,3,29,13,16,0,0,0,9,4,5,154,74,80,108,63,45,35,9,26,6,0,6,5,2,3,1066,482,584,182,61,121,453,207,246,150,47,103,201,133,68,187,106,81,71,31,40,144,68,76,140,64,76,146,60,86,534,233,301,11,16,300,144,618,571,47,42,56,0,449,1,15
53386199,0,,,538,276,262,332,190,142,12,7,5,143,37,106,57,41,16,24,5,19,55,25,30,2,0,2,28,12,16,1,1,0,24,12,12,153,64,89,99,42,57,33,13,20,5,0,5,16,9,7,1004,462,542,137,60,77,416,181,235,165,54,111,223,146,77,221,131,90,60,28,32,157,70,87,121,51,70,187,93,94,408,159,249,7,17,355,130,677,625,52,95,43,3,434,2,9
53386203,0,,,13,5,8,2,1,1,1,0,1,5,0,5,5,4,1,3,1,2,1,1,0,0,0,0,1,1,0,0,0,0,0,0,0,4,2,2,3,1,2,1,1,0,0,0,0,0,0,0,31,15,16,4,2,2,7,3,4,7,2,5,8,5,3,5,2,3,2,1,1,12,6,6,2,1,1,2,1,1,13,7,6,3,2,7,4,22,21,1,0,1,0,11,0,0
53386204,0,,,61,34,27,31,21,10,4,3,1,19,5,14,19,16,3,6,1,5,2,1,1,0,0,0,1,1,0,0,0,0,1,0,1,13,8,5,6,4,2,2,1,1,1,0,1,4,3,1,149,71,78,23,6,17,75,41,34,22,8,14,18,13,5,48,37,11,0,0,0,8,5,3,14,6,8,24,11,13,69,20,49,11,4,35,25,92,86,6,3,3,2,57,1,0
53386205,0,,,63,28,35,35,21,14,1,1,0,25,4,21,14,10,4,8,1,7,3,3,0,0,0,0,3,3,0,0,0,0,0,0,0,24,14,10,17,10,7,5,3,2,1,1,0,1,0,1,126,61,65,10,7,3,59,29,30,26,8,18,25,14,11,23,16,7,0,0,0,10,6,4,20,12,8,42,18,24,58,26,32,10,6,26,15,94,86,8,1,10,1,67,1,3
53386206,0,,,24,13,11,11,8,3,1,0,1,11,4,7,3,3,0,1,0,1,0,0,0,0,0,0,0,0,0,0,0,0,0,0,0,6,5,1,4,3,1,1,1,0,1,1,0,0,0,0,48,27,21,5,2,3,18,9,9,9,5,4,7,6,1,9,8,1,0,0,0,1,0,1,10,5,5,9,5,4,25,14,11,2,2,11,6,31,28,3,0,4,1,22,0,1
53386207,0,,,93,42,51,49,28,21,0,0,0,39,9,30,27,22,5,14,3,11,18,11,7,0,0,0,10,5,5,0,0,0,8,6,2,52,27,25,37,20,17,10,6,4,2,0,2,3,1,2,212,101,111,22,13,9,84,37,47,36,13,23,57,31,26,60,41,19,8,4,4,42,17,25,61,33,28,35,16,19,76,28,48,7,8,55,28,147,136,11,2,8,2,99,2,5
53386208,0,,,33,17,16,17,12,5,1,1,0,13,3,10,7,6,1,2,0,2,4,3,1,0,0,0,3,2,1,0,0,0,1,1,0,7,3,4,4,2,2,2,1,1,0,0,0,1,0,1,90,43,47,10,4,6,36,12,24,19,10,9,25,17,8,16,13,3,2,1,1,3,1,2,13,7,6,16,8,8,51,19,32,1,4,18,23,46,42,4,2,3,0,27,0,0
53386209,0,,,173,96,77,83,54,29,6,3,3,71,29,42,26,17,9,11,1,10,13,7,6,1,0,1,6,3,3,1,0,1,5,4,1,35,16,19,26,13,13,7,3,4,0,0,0,2,0,2,341,160,181,48,17,31,155,77,78,61,16,45,73,47,26,70,50,20,19,10,9,44,24,20,34,16,18,41,19,22,181,64,117,7,13,107,47,220,211,9,21,12,0,146,2,3
53386213,0,,,13,9,4,4,3,1,0,0,0,9,6,3,4,4,0,1,0,1,1,0,1,0,0,0,1,0,1,0,0,0,0,0,0,8,4,4,3,1,2,2,1,1,0,0,0,3,2,1,41,20,21,9,4,5,17,6,11,2,1,1,5,4,1,12,9,3,1,0,1,4,2,2,4,1,3,5,2,3,24,10,14,5,2,5,12,22,18,4,1,3,1,14,1,1
53386214,0,,,27,13,14,15,11,4,1,1,0,11,1,10,4,4,0,1,0,1,1,1,0,0,0,0,0,0,0,0,0,0,1,1,0,2,0,2,1,0,1,1,0,1,0,0,0,0,0,0,54,26,28,5,1,4,22,9,13,8,4,4,11,7,4,14,10,4,3,2,1,3,1,2,4,2,2,10,6,4,23,6,17,1,0,17,4,36,35,1,2,0,0,27,1,1
53386215,0,,,22,11,11,7,7,0,2,1,1,12,2,10,14,10,4,5,0,5,3,2,1,0,0,0,1,0,1,0,0,0,2,2,0,10,6,4,9,5,4,1,1,0,0,0,0,0,0,0,79,37,42,11,2,9,36,19,17,6,3,3,20,10,10,21,18,3,3,0,3,15,8,7,3,1,2,9,3,6,41,15,26,5,4,16,11,46,44,2,2,1,0,26,1,1
53386216,0,,,63,33,30,33,23,10,1,0,1,23,5,18,16,13,3,5,0,5,10,2,8,0,0,0,5,1,4,0,0,0,5,1,4,18,9,9,13,7,6,3,0,3,0,0,0,2,2,0,155,77,78,17,8,9,63,26,37,28,11,17,34,25,9,39,25,14,7,4,3,17,6,11,23,11,12,30,14,16,67,28,39,8,6,35,28,89,86,3,3,3,0,60,0,0
53386217,1,,53386218,46,25,21,25,16,9,1,0,1,16,6,10,15,13,2,9,1,8,5,1,4,0,0,0,2,0,2,1,0,1,2,1,1,12,8,4,4,3,1,6,3,3,1,1,0,1,1,0,135,66,69,13,5,8,56,32,24,28,9,19,27,16,11,38,28,10,5,1,4,6,2,4,8,6,2,18,10,8,77,28,49,7,7,26,25,79,71,8,4,8,1,48,3,5
53386218,2,53386217,,*,*,*,*,*,*,*,*,*,*,*,*,*,*,*,*,*,*,*,*,*,*,*,*,*,*,*,*,*,*,*,*,*,*,*,*,*,*,*,*,*,*,*,*,*,*,*,*,*,*,*,*,*,*,*,*,*,*,*,*,*,*,*,*,*,*,*,*,*,*,*,*,*,*,*,*,*,*,*,*,*,*,*,*,*,*,*,*,*,*,*,*,*,*
53386219,0,,,74,43,31,51,32,19,1,1,0,22,10,12,11,10,1,6,0,6,4,2,2,1,0,1,2,1,1,0,0,0,1,1,0,17,9,8,8,3,5,6,4,2,1,0,1,2,2,0,148,75,73,20,5,15,56,33,23,30,11,19,38,24,14,40,26,14,3,2,1,25,16,9,20,9,11,21,14,7,60,19,41,10,1,44,24,101,92,9,3,7,0,75,2,1
53386223,0,,,24,12,12,12,7,5,1,1,0,9,3,6,5,5,0,1,0,1,1,1,0,0,0,0,0,0,0,0,0,0,1,1,0,12,9,3,9,6,3,3,3,0,0,0,0,0,0,0,64,31,33,5,1,4,30,16,14,9,3,6,11,6,5,13,8,5,2,1,1,7,3,4,0,0,0,15,12,3,40,17,23,0,0,17,14,33,30,3,3,1,1,21,0,1
53386224,0,,,129,66,63,70,45,25,5,2,3,49,15,34,28,21,7,7,3,4,6,2,4,0,0,0,6,2,4,0,0,0,0,0,0,52,29,23,31,17,14,16,8,8,1,1,0,4,3,1,282,134,148,39,18,21,106,48,58,56,19,37,70,43,27,72,48,24,5,4,1,32,13,19,30,17,13,50,23,27,151,60,91,5,9,80,45,185,166,19,4,20,1,131,1,7
53386225,0,,,154,83,71,77,56,21,6,5,1,59,13,46,32,24,8,12,2,10,15,6,9,1,0,1,8,4,4,0,0,0,6,2,4,38,21,17,23,11,12,10,5,5,3,3,0,2,2,0,320,151,169,28,9,19,126,64,62,67,23,44,81,46,35,79,51,28,20,11,9,25,13,12,40,17,23,68,32,36,141,54,87,17,13,83,48,211,198,13,13,17,1,141,2,5
53386226,0,,,106,62,44,66,46,20,2,1,1,35,13,22,21,17,4,9,1,8,12,7,5,0,0,0,6,2,4,1,1,0,5,4,1,26,15,11,16,9,7,7,3,4,2,2,0,1,1,0,229,114,115,23,10,13,104,58,46,37,10,27,39,23,16,40,31,9,29,14,15,34,16,18,40,21,19,39,18,21,85,36,49,8,6,69,45,146,137,9,9,13,0,100,0,3
53386227,0,,,89,48,41,46,34,12,1,0,1,37,10,27,16,11,5,3,0,3,12,7,5,1,0,1,9,5,4,1,1,0,1,1,0,25,16,9,18,11,7,5,3,2,0,0,0,2,2,0,239,116,123,14,5,9,91,44,47,40,7,33,73,49,24,37,22,15,23,12,11,32,17,15,36,18,18,75,36,39,73,34,39,5,4,58,57,112,108,4,1,5,0,91,2,4
53386228,0,,,76,43,33,41,28,13,2,1,1,29,12,17,13,9,4,3,0,3,4,3,1,0,0,0,1,1,0,0,0,0,3,2,1,14,6,8,11,5,6,2,0,2,1,1,0,0,0,0,159,80,79,15,5,10,63,35,28,27,5,22,49,33,16,26,18,8,2,1,1,12,5,7,29,14,15,50,21,29,58,30,28,3,6,38,30,96,93,3,2,3,1,73,1,1
53386229,0,,,75,39,36,42,25,17,0,0,0,27,10,17,23,19,4,7,1,6,7,3,4,0,0,0,5,3,2,0,0,0,2,0,2,24,12,12,19,10,9,3,0,3,1,1,0,1,1,0,159,76,83,23,9,14,76,38,38,25,8,17,35,21,14,33,22,11,6,3,3,15,7,8,23,9,14,22,12,10,91,38,53,6,5,42,17,112,106,6,1,7,1,86,0,1
53386232,0,,,14,6,8,6,3,3,0,0,0,7,2,5,8,7,1,4,0,4,0,0,0,0,0,0,0,0,0,0,0,0,0,0,0,5,3,2,3,1,2,2,2,0,0,0,0,0,0,0,54,25,29,8,3,5,25,12,13,8,2,6,13,8,5,15,11,4,2,1,1,0,0,0,10,4,6,8,3,5,24,9,15,4,1,11,13,28,26,2,0,1,1,13,1,0
53386233,0,,,30,19,11,16,14,2,2,0,2,8,1,7,7,4,3,2,0,2,7,3,4,0,0,0,5,3,2,0,0,0,2,0,2,9,5,4,7,4,3,0,0,0,0,0,0,2,1,1,77,41,36,8,4,4,33,23,10,16,3,13,18,10,8,21,16,5,0,0,0,13,7,6,11,3,8,7,3,4,41,20,21,3,2,21,11,42,39,3,1,4,0,30,1,0
53386234,0,,,195,108,87,98,70,28,6,2,4,72,23,49,32,26,6,9,0,9,26,13,13,0,0,0,16,9,7,0,0,0,10,4,6,180,158,22,40,20,20,137,135,2,2,2,0,1,1,0,421,214,207,62,28,34,162,80,82,72,21,51,94,67,27,83,50,33,59,43,16,187,149,38,56,28,28,73,38,35,169,77,92,5,11,122,82,376,237,139,155,16,2,169,3,4
53386235,0,,,352,174,178,187,112,75,7,3,4,129,38,91,69,50,19,28,3,25,26,14,12,0,0,0,18,9,9,0,0,0,8,5,3,145,48,97,68,31,37,61,6,55,3,3,0,13,8,5,757,348,409,94,33,61,333,160,173,135,32,103,157,105,52,188,109,79,56,31,25,101,30,71,90,43,47,122,56,66,370,141,229,9,11,240,139,525,450,75,75,51,4,295,2,7
53386236,0,,,31,15,16,25,13,12,1,0,1,5,2,3,6,4,2,1,0,1,0,0,0,0,0,0,0,0,0,0,0,0,0,0,0,5,3,2,4,2,2,1,1,0,0,0,0,0,0,0,64,32,32,0,0,0,13,4,9,13,6,7,26,15,11,0,0,0,9,7,2,26,11,15,19,12,7,11,4,7,4,1,3,12,1,19,13,45,44,1,1,1,0,29,0,6
53386237,0,,,85,48,37,48,33,15,1,0,1,28,8,20,23,15,8,6,2,4,3,2,1,0,0,0,2,1,1,0,0,0,1,1,0,20,14,6,9,7,2,9,5,4,1,1,0,1,1,0,213,113,100,18,9,9,75,39,36,34,5,29,68,50,18,20,12,8,27,10,17,28,19,9,40,23,17,58,34,24,62,30,32,9,3,69,53,123,114,9,0,8,1,84,0,2
53386238,0,,,61,36,25,28,21,7,2,1,1,23,8,15,19,14,5,5,1,4,7,3,4,0,0,0,2,1,1,0,0,0,5,2,3,13,8,5,9,4,5,2,2,0,1,1,0,1,1,0,161,84,77,16,8,8,50,28,22,30,13,17,51,28,23,11,8,3,8,4,4,27,14,13,35,21,14,43,21,22,57,27,30,6,3,44,32,86,85,1,1,1,1,56,0,0
53386239,0,,,96,49,47,49,31,18,2,2,0,38,11,27,30,23,7,12,4,8,12,7,5,1,1,0,5,3,2,2,1,1,4,2,2,27,13,14,19,11,8,6,2,4,0,0,0,2,0,2,288,134,154,22,7,15,110,52,58,47,15,32,78,47,31,35,22,13,10,6,4,23,11,12,71,34,37,87,40,47,101,41,60,12,4,65,64,146,138,8,4,12,1,90,1,0
53386241,0,,,88,47,41,41,29,12,2,0,2,37,12,25,20,15,5,2,0,2,6,1,5,0,0,0,4,1,3,0,0,0,2,0,2,3,2,1,0,0,0,1,0,1,1,1,0,1,1,0,180,86,94,33,10,23,97,51,46,22,6,16,26,18,8,54,39,15,4,2,2,12,3,9,5,2,3,7,4,3,105,38,67,8,8,43,24,113,110,3,6,2,0,78,1,1
53386242,0,,,9,4,5,3,2,1,0,0,0,5,1,4,4,3,1,0,0,0,1,0,1,0,0,0,0,0,0,0,0,0,1,0,1,2,0,2,1,0,1,0,0,0,0,0,0,1,0,1,26,12,14,2,2,0,17,7,10,3,1,2,4,2,2,4,2,2,0,0,0,2,1,1,0,0,0,5,1,4,18,8,10,0,1,7,2,16,15,1,0,1,0,12,0,0
53386243,0,,,63,32,31,28,20,8,2,0,2,23,4,19,17,12,5,3,0,3,6,3,3,1,0,1,3,1,2,0,0,0,2,2,0,29,20,9,20,15,5,7,4,3,1,0,1,1,1,0,144,69,75,17,7,10,67,34,33,19,6,13,34,20,14,31,26,5,5,4,1,19,10,9,26,13,13,35,16,19,63,23,40,4,4,39,30,94,83,11,2,10,3,65,0,3
53386244,0,,,70,23,47,40,16,24,2,1,1,25,4,21,14,10,4,4,1,3,7,5,2,0,0,0,1,1,0,1,0,1,5,4,1,9,4,5,2,1,1,3,1,2,1,0,1,3,2,1,127,50,77,9,4,5,57,24,33,23,3,20,34,17,17,21,13,8,18,6,12,18,6,12,12,5,7,20,9,11,54,20,34,2,3,46,19,93,88,5,2,8,1,66,2,1
53386245,0,,,102,61,41,43,31,12,2,2,0,46,21,25,14,8,6,11,1,10,6,4,2,0,0,0,6,4,2,0,0,0,0,0,0,28,17,11,20,12,8,5,2,3,1,1,0,2,2,0,220,111,109,34,16,18,94,47,47,37,11,26,39,26,13,25,15,10,21,16,5,24,11,13,37,22,15,40,19,21,107,49,58,2,8,63,50,133,127,6,7,9,1,83,1,2
53386246,0,,,41,21,20,20,15,5,1,0,1,13,2,11,17,11,6,9,2,7,4,2,2,0,0,0,2,1,1,0,0,0,2,1,1,11,5,6,4,2,2,4,2,2,1,0,1,2,1,1,135,67,68,17,13,4,44,20,24,24,4,20,44,28,16,8,3,5,6,3,3,29,15,14,27,12,15,40,21,19,40,20,20,0,1,37,34,71,67,4,3,10,2,38,0,2
53386247,0,,,133,60,73,63,33,30,0,0,0,57,18,39,33,25,8,10,1,9,9,3,6,2,0,2,4,1,3,0,0,0,3,2,1,46,24,22,33,16,17,9,6,3,2,0,2,2,2,0,536,204,332,55,28,27,184,80,104,48,10,38,92,54,38,33,23,10,65,23,42,184,54,130,77,28,49,98,48,50,134,55,79,7,7,93,108,192,179,13,7,18,0,127,1,5
53386248,0,,,57,32,25,22,13,9,0,0,0,26,11,15,16,12,4,8,2,6,6,4,2,0,0,0,4,3,1,0,0,0,2,1,1,20,10,10,14,7,7,3,2,1,0,0,0,3,1,2,181,92,89,22,14,8,50,21,29,29,6,23,63,42,21,17,10,7,8,3,5,49,24,25,30,14,16,53,32,21,50,23,27,3,6,35,45,85,82,3,4,9,0,53,0,1
53386249,0,,,66,31,35,35,19,16,2,1,1,23,6,17,13,11,2,6,2,4,6,3,3,1,1,0,1,1,0,0,0,0,4,1,3,19,16,3,12,10,2,5,4,1,0,0,0,2,2,0,183,89,94,11,5,6,57,26,31,45,12,33,56,41,15,9,4,5,12,6,6,18,9,9,40,24,16,73,40,33,56,25,31,3,5,40,45,92,85,7,0,11,2,59,2,4
53386250,0,,,33,17,16,20,9,11,2,2,0,9,4,5,7,7,0,4,0,4,0,0,0,0,0,0,0,0,0,0,0,0,0,0,0,2,1,1,1,1,0,0,0,0,0,0,0,1,0,1,83,44,39,7,5,2,57,30,27,12,4,8,5,4,1,32,27,5,2,1,1,4,1,3,2,1,1,11,6,5,34,9,25,3,3,18,14,45,44,1,0,1,0,33,0,2
53386251,0,,,129,66,63,72,43,29,3,1,2,45,16,29,13,12,1,1,0,1,6,2,4,0,0,0,5,2,3,0,0,0,1,0,1,34,15,19,21,8,13,10,5,5,1,1,0,2,1,1,247,116,131,45,21,24,122,56,66,34,9,25,42,29,13,57,35,22,10,7,3,12,7,5,24,10,14,70,27,43,111,46,65,4,5,69,48,158,145,13,2,14,0,114,0,1
53386252,0,,,137,76,61,76,52,24,6,1,5,45,16,29,31,24,7,11,0,11,12,7,5,1,1,0,8,6,2,0,0,0,3,0,3,41,21,20,30,13,17,9,7,2,1,1,0,1,0,1,323,158,165,43,21,22,170,77,93,51,22,29,50,33,17,76,50,26,10,6,4,23,12,11,52,27,25,76,37,39,138,54,84,8,10,80,56,195,181,14,4,16,0,140,0,2
53386253,0,,,80,42,38,44,28,16,1,1,0,29,8,21,34,26,8,14,3,11,15,5,10,2,1,1,6,2,4,0,0,0,7,2,5,21,11,10,16,10,6,5,1,4,0,0,0,0,0,0,223,104,119,27,12,15,102,47,55,36,11,25,54,33,21,65,39,26,8,2,6,30,17,13,22,12,10,45,19,26,89,31,58,10,8,55,33,133,128,5,1,8,0,82,1,1
53386254,0,,,31,12,19,20,11,9,0,0,0,11,1,10,6,5,1,3,1,2,4,1,3,0,0,0,4,1,3,0,0,0,0,0,0,49,42,7,47,42,5,1,0,1,1,0,1,0,0,0,57,28,29,7,5,2,19,7,12,7,2,5,23,13,10,3,2,1,15,5,10,56,51,5,12,4,8,10,2,8,14,7,7,1,0,27,5,47,40,7,10,2,0,17,0,6
53386255,0,,,26,13,13,17,9,8,0,0,0,6,1,5,3,3,0,3,0,3,1,1,0,0,0,0,0,0,0,0,0,0,1,1,0,9,5,4,7,4,3,2,1,1,0,0,0,0,0,0,52,24,28,2,0,2,16,7,9,13,5,8,15,9,6,8,6,2,4,2,2,13,7,6,3,2,1,17,6,11,17,7,10,1,0,21,13,35,32,3,2,4,0,20,0,2
53386256,0,,,102,50,52,45,26,19,4,3,1,33,9,24,44,28,16,13,1,12,8,5,3,0,0,0,4,3,1,2,1,1,2,1,1,33,18,15,20,7,13,10,8,2,0,0,0,3,3,0,307,136,171,13,7,6,114,51,63,49,8,41,94,53,41,24,16,8,9,3,6,58,25,33,75,33,42,108,50,58,74,32,42,3,5,91,65,174,161,13,10,13,0,85,1,5
53386257,0,,,52,29,23,29,21,8,1,0,1,13,1,12,19,17,2,8,0,8,5,3,2,0,0,0,2,1,1,2,1,1,1,1,0,13,6,7,7,4,3,5,1,4,0,0,0,1,1,0,180,90,90,16,10,6,70,28,42,19,7,12,60,38,22,17,14,3,11,5,6,18,7,11,14,7,7,69,35,34,69,31,38,5,2,38,50,85,79,6,3,8,0,44,0,2
53386258,0,,,111,62,49,44,33,11,3,1,2,54,18,36,26,17,9,7,0,7,5,3,2,0,0,0,3,2,1,0,0,0,2,1,1,14,7,7,9,5,4,2,1,1,1,0,1,2,1,1,320,159,161,34,14,20,146,71,75,45,12,33,83,55,28,54,38,16,10,3,7,29,14,15,36,19,17,94,48,46,116,47,69,8,7,68,66,149,144,5,3,6,2,104,0,2
53386259,0,,,14,5,9,4,2,2,0,0,0,7,0,7,15,9,6,3,1,2,3,2,1,0,0,0,2,1,1,0,0,0,1,1,0,5,2,3,5,2,3,0,0,0,0,0,0,0,0,0,63,27,36,0,0,0,18,5,13,13,3,10,25,15,10,1,1,0,17,7,10,23,11,12,7,2,5,8,4,4,15,6,9,3,1,19,18,32,32,0,1,1,0,17,0,0
53386260,1,,53386270,65,39,26,39,25,14,1,1,0,23,11,12,12,10,2,2,0,2,11,4,7,0,0,0,7,3,4,0,0,0,4,1,3,9,5,4,7,4,3,2,1,1,0,0,0,0,0,0,140,71,69,18,11,7,80,39,41,21,11,10,15,8,7,44,25,19,0,0,0,17,11,6,18,9,9,18,9,9,62,26,36,4,1,45,15,84,82,2,10,3,0,63,0,0
53386261,0,,,93,50,43,48,31,17,2,2,0,35,10,25,20,13,7,8,1,7,6,2,4,0,0,0,1,1,0,0,0,0,5,1,4,21,11,10,13,7,6,6,4,2,1,0,1,1,0,1,198,93,105,28,13,15,88,36,52,28,10,18,40,29,11,44,30,14,8,3,5,27,11,16,25,12,13,37,20,17,83,30,53,5,8,49,31,128,121,7,3,13,1,84,1,1
53386262,0,,,130,64,66,69,46,23,2,1,1,48,11,37,34,25,9,11,2,9,14,10,4,0,0,0,9,6,3,0,0,0,5,4,1,37,14,23,28,13,15,8,1,7,0,0,0,1,0,1,406,168,238,39,18,21,150,63,87,35,6,29,78,51,27,81,54,27,17,5,12,103,32,71,42,15,27,63,29,34,151,57,94,5,5,91,50,193,181,12,4,16,0,122,2,2
53386263,0,,,6,4,2,5,3,2,0,0,0,1,1,0,1,1,0,1,0,1,2,1,1,0,0,0,1,0,1,0,0,0,1,1,0,2,2,0,0,0,0,2,2,0,0,0,0,0,0,0,11,6,5,0,0,0,8,5,3,1,0,1,2,1,1,10,8,2,0,0,0,0,0,0,2,1,1,0,0,0,3,0,3,1,0,2,1,10,8,2,0,2,0,6,0,2
53386264,0,,,63,29,34,39,23,16,1,0,1,21,5,16,17,13,4,5,0,5,6,4,2,1,1,0,3,2,1,0,0,0,2,1,1,17,12,5,6,3,3,10,8,2,0,0,0,1,1,0,168,79,89,20,8,12,95,43,52,26,12,14,23,14,9,44,32,12,5,3,2,12,7,5,16,8,8,41,23,18,70,20,50,5,6,33,38,97,85,12,0,14,0,69,2,3
53386265,0,,,51,24,27,26,15,11,0,0,0,17,3,14,17,12,5,6,1,5,4,1,3,0,0,0,2,0,2,0,0,0,2,1,1,23,10,13,16,7,9,3,2,1,1,1,0,3,0,3,155,72,83,13,8,5,66,30,36,26,9,17,39,18,21,30,19,11,2,1,1,21,9,12,22,7,15,46,21,25,61,26,35,4,3,41,41,84,75,9,5,10,0,47,2,5
53386266,0,,,27,15,12,14,8,6,0,0,0,12,6,6,3,2,1,2,1,1,5,4,1,0,0,0,4,3,1,0,0,0,1,1,0,4,2,2,3,2,1,1,0,1,0,0,0,0,0,0,68,33,35,2,1,1,13,5,8,15,4,11,29,18,11,6,4,2,12,5,7,11,6,5,13,7,6,19,9,10,16,8,8,1,0,21,16,33,32,1,1,1,0,21,1,0
53386267,0,,,19,13,6,11,8,3,0,0,0,5,2,3,8,5,3,4,0,4,2,2,0,0,0,0,0,0,0,0,0,0,2,2,0,7,2,5,4,1,3,3,1,2,0,0,0,0,0,0,76,36,40,4,1,3,26,14,12,9,1,8,29,17,12,4,2,2,8,4,4,10,4,6,14,6,8,19,11,8,30,13,17,0,0,21,20,35,32,3,0,3,0,25,0,0
53386268,0,,,38,22,16,15,11,4,0,0,0,16,6,10,7,5,2,0,0,0,6,4,2,0,0,0,4,3,1,0,0,0,2,1,1,5,3,2,4,3,1,0,0,0,0,0,0,1,0,1,151,74,77,8,2,6,53,26,27,25,2,23,60,42,18,3,3,0,5,1,4,45,23,22,32,18,14,65,31,34,11,4,7,4,0,30,60,46,45,1,4,2,0,31,1,0
53386269,0,,,15,6,9,2,2,0,1,0,1,10,3,7,3,3,0,1,0,1,0,0,0,0,0,0,0,0,0,0,0,0,0,0,0,0,0,0,0,0,0,0,0,0,0,0,0,0,0,0,60,34,26,2,1,1,12,5,7,8,2,6,35,24,11,2,1,1,4,2,2,8,4,4,16,9,7,23,14,9,7,4,3,0,1,12,26,19,19,0,0,2,1,12,0,1
53386270,2,53386260,,*,*,*,*,*,*,*,*,*,*,*,*,*,*,*,*,*,*,*,*,*,*,*,*,*,*,*,*,*,*,*,*,*,*,*,*,*,*,*,*,*,*,*,*,*,*,*,*,*,*,*,*,*,*,*,*,*,*,*,*,*,*,*,*,*,*,*,*,*,*,*,*,*,*,*,*,*,*,*,*,*,*,*,*,*,*,*,*,*,*,*,*,*,*
53386271,0,,,4,3,1,3,2,1,0,0,0,0,0,0,0,0,0,0,0,0,5,5,0,0,0,0,1,1,0,1,1,0,3,3,0,1,0,1,1,0,1,0,0,0,0,0,0,0,0,0,18,9,9,2,2,0,9,3,6,3,2,1,4,2,2,5,4,1,5,2,3,0,0,0,1,0,1,8,5,3,5,3,2,0,0,4,4,4,4,0,0,1,0,3,0,0
53386272,0,,,32,14,18,19,12,7,0,0,0,9,0,9,9,8,1,4,1,3,5,2,3,0,0,0,3,1,2,0,0,0,2,1,1,12,6,6,7,5,2,4,1,3,1,0,1,0,0,0,69,33,36,7,1,6,27,15,12,18,6,12,16,10,6,13,7,6,5,2,3,13,5,8,9,5,4,19,10,9,26,11,15,1,5,17,11,50,45,5,0,4,0,33,1,1
53386274,0,,,32,16,16,17,10,7,0,0,0,15,6,9,8,8,0,3,0,3,0,0,0,0,0,0,0,0,0,0,0,0,0,0,0,7,4,3,5,3,2,1,0,1,0,0,0,1,1,0,85,41,44,12,3,9,34,16,18,11,2,9,23,19,4,22,12,10,6,4,2,5,3,2,9,5,4,15,9,6,35,12,23,2,4,18,15,46,44,2,0,3,2,31,0,1
53386275,0,,,18,8,10,9,6,3,0,0,0,7,1,6,3,2,1,1,0,1,0,0,0,0,0,0,0,0,0,0,0,0,0,0,0,2,0,2,0,0,0,1,0,1,0,0,0,1,0,1,32,15,17,5,3,2,13,8,5,3,0,3,11,4,7,1,1,0,4,0,4,4,3,1,2,0,2,7,3,4,16,8,8,0,0,16,5,24,22,2,0,2,1,15,0,0
53386278,0,,,6,1,5,3,1,2,0,0,0,3,0,3,2,2,0,0,0,0,0,0,0,0,0,0,0,0,0,0,0,0,0,0,0,0,0,0,0,0,0,0,0,0,0,0,0,0,0,0,17,8,9,0,0,0,6,2,4,4,1,3,5,4,1,0,0,0,0,0,0,7,4,3,2,1,1,7,3,4,1,0,1,1,1,2,6,8,8,0,0,1,0,5,1,0
53386279,0,,,0,0,0,0,0,0,0,0,0,0,0,0,1,1,0,0,0,0,0,0,0,0,0,0,0,0,0,0,0,0,0,0,0,0,0,0,0,0,0,0,0,0,0,0,0,0,0,0,16,7,9,1,1,0,3,1,2,7,1,6,4,3,1,0,0,0,0,0,0,5,2,3,1,0,1,8,4,4,2,1,1,0,0,1,9,1,1,0,0,0,0,0,0,0
53386281,0,,,53,28,25,35,22,13,1,1,0,16,4,12,12,10,2,4,0,4,4,2,2,0,0,0,2,1,1,0,0,0,2,1,1,23,13,10,16,7,9,6,6,0,1,0,1,0,0,0,119,53,66,16,3,13,68,35,33,22,6,16,12,9,3,51,33,18,8,4,4,8,2,6,12,4,8,7,5,2,60,20,40,3,5,24,17,78,71,7,0,3,0,61,0,2
53386282,0,,,59,29,30,31,19,12,0,0,0,26,8,18,30,27,3,21,2,19,8,6,2,1,1,0,3,2,1,0,0,0,4,3,1,12,3,9,7,2,5,5,1,4,0,0,0,0,0,0,219,111,108,8,4,4,95,38,57,30,8,22,77,56,21,16,8,8,8,3,5,35,18,17,40,21,19,66,34,32,73,35,38,5,1,53,56,115,111,4,0,5,2,57,1,0
53386290,0,,,133,72,61,82,53,29,3,2,1,38,11,27,40,35,5,29,3,26,14,7,7,0,0,0,7,3,4,0,0,0,7,4,3,45,23,22,34,16,18,9,7,2,0,0,0,2,0,2,302,150,152,34,14,20,171,83,88,55,23,32,42,30,12,107,76,31,11,4,7,21,7,14,31,16,15,47,23,24,144,54,90,18,19,59,25,216,206,10,6,7,0,134,1,4
53386291,0,,,145,69,76,78,47,31,3,1,2,52,12,40,42,38,4,22,3,19,15,9,6,0,0,0,9,6,3,0,0,0,6,3,3,48,23,25,34,16,18,8,3,5,3,2,1,3,2,1,312,156,156,38,19,19,173,88,85,45,13,32,51,33,18,110,71,39,14,9,5,25,12,13,32,12,20,57,32,25,137,52,85,17,19,72,34,227,210,17,6,16,0,146,0,2
53386292,0,,,12,6,6,8,4,4,0,0,0,3,2,1,2,2,0,0,0,0,1,1,0,0,0,0,0,0,0,0,0,0,1,1,0,5,0,5,4,0,4,1,0,1,0,0,0,0,0,0,23,10,13,3,2,1,9,4,5,6,1,5,4,3,1,1,1,0,5,2,3,2,1,1,8,2,6,4,1,3,9,4,5,0,1,6,5,15,14,1,0,1,0,12,0,0
53386300,0,,,126,62,64,73,48,25,5,3,2,45,8,37,17,16,1,7,0,7,12,7,5,0,0,0,9,5,4,0,0,0,3,2,1,31,15,16,19,12,7,9,3,6,1,0,1,2,0,2,261,123,138,32,13,19,105,48,57,54,12,42,65,46,19,58,38,20,16,10,6,25,12,13,34,17,17,39,21,18,132,47,85,9,9,63,34,163,150,13,3,14,2,122,1,1
53386301,0,,,195,98,97,116,75,41,1,0,1,68,14,54,29,24,5,14,3,11,15,7,8,0,0,0,11,5,6,0,0,0,4,2,2,47,26,21,24,13,11,16,12,4,3,0,3,4,1,3,407,194,213,38,14,24,167,80,87,79,22,57,98,63,35,78,53,25,11,7,4,49,20,29,46,23,23,87,46,41,198,78,120,11,13,101,68,259,238,21,6,17,3,185,3,7
53386302,0,,,171,85,86,85,51,34,8,6,2,71,22,49,41,33,8,11,3,8,30,14,16,1,0,1,21,9,12,0,0,0,8,5,3,73,44,29,45,26,19,22,13,9,3,2,1,3,3,0,359,166,193,40,15,25,161,79,82,72,18,54,70,47,23,88,64,24,21,8,13,57,24,33,68,37,31,78,38,40,150,53,97,17,15,96,48,253,224,29,9,11,4,183,5,7
53386303,0,,,96,49,47,53,33,20,3,2,1,30,6,24,32,22,10,13,1,12,16,8,8,1,0,1,11,7,4,1,0,1,3,1,2,35,20,15,20,12,8,13,7,6,0,0,0,2,1,1,247,116,131,25,10,15,113,52,61,48,17,31,48,32,16,66,44,22,18,9,9,35,16,19,19,11,8,54,26,28,106,38,68,14,7,65,45,156,142,14,6,5,0,104,6,0
53386304,0,,,147,78,69,79,55,24,2,2,0,57,15,42,32,30,2,12,2,10,21,7,14,1,0,1,15,4,11,1,1,0,4,2,2,37,18,19,23,10,13,10,7,3,2,0,2,2,1,1,300,151,149,54,28,26,117,50,67,55,22,33,65,47,18,82,58,24,25,8,17,21,11,10,42,23,19,49,20,29,139,56,83,5,12,81,33,204,191,13,17,7,0,126,9,9
53386305,0,,,14,6,8,7,4,3,0,0,0,7,2,5,5,4,1,3,1,2,3,3,0,0,0,0,3,3,0,0,0,0,0,0,0,2,1,1,2,1,1,0,0,0,0,0,0,0,0,0,48,22,26,6,3,3,21,9,12,12,3,9,9,7,2,3,2,1,3,2,1,5,3,2,8,4,4,19,9,10,15,6,9,3,0,10,11,23,23,0,0,0,0,14,2,0
53386307,0,,,9,4,5,4,2,2,0,0,0,3,0,3,6,5,1,2,0,2,2,0,2,2,0,2,0,0,0,0,0,0,0,0,0,0,0,0,0,0,0,0,0,0,0,0,0,0,0,0,31,14,17,2,0,2,20,10,10,4,1,3,5,3,2,6,5,1,0,0,0,4,1,3,6,2,4,6,4,2,11,2,9,2,2,7,6,17,17,0,0,1,0,10,0,0
53386308,0,,,17,11,6,6,5,1,0,0,0,10,5,5,8,8,0,3,0,3,0,0,0,0,0,0,0,0,0,0,0,0,0,0,0,5,4,1,3,2,1,2,2,0,0,0,0,0,0,0,50,27,23,8,3,5,34,19,15,3,1,2,3,2,1,18,13,5,1,1,0,0,0,0,2,2,0,8,5,3,26,10,16,2,2,12,12,30,28,2,0,0,0,19,2,0
53386309,0,,,11,8,3,5,4,1,0,0,0,5,3,2,6,6,0,4,1,3,0,0,0,0,0,0,0,0,0,0,0,0,0,0,0,0,0,0,0,0,0,0,0,0,0,0,0,0,0,0,39,20,19,14,6,8,18,10,8,3,2,1,2,2,0,3,2,1,1,0,1,3,3,0,2,2,0,3,2,1,27,11,16,1,3,8,12,21,21,0,0,0,0,17,0,0
53386310,0,,,85,41,44,44,28,16,5,3,2,32,7,25,19,17,2,7,2,5,9,5,4,0,0,0,1,1,0,0,0,0,8,4,4,16,11,5,7,5,2,6,3,3,0,0,0,3,3,0,177,87,90,24,11,13,83,40,43,27,8,19,36,24,12,39,28,11,5,3,2,17,10,7,23,14,9,33,19,14,85,29,56,8,4,49,20,120,111,9,3,11,1,79,1,0
53386311,0,,,81,40,41,44,28,16,2,1,1,26,5,21,27,22,5,13,1,12,7,3,4,0,0,0,4,2,2,0,0,0,3,1,2,22,12,10,16,10,6,3,1,2,3,1,2,0,0,0,210,97,113,30,12,18,91,36,55,30,10,20,54,38,16,31,21,10,10,6,4,29,12,17,27,13,14,36,19,17,106,41,65,7,9,50,33,127,121,6,2,4,0,83,1,2
53386312,0,,,56,35,21,33,26,7,4,2,2,17,6,11,25,22,3,12,1,11,7,3,4,1,0,1,6,3,3,0,0,0,0,0,0,25,16,9,16,8,8,6,6,0,2,1,1,1,1,0,174,87,87,12,4,8,87,45,42,31,12,19,31,21,10,44,32,12,4,3,1,13,8,5,30,17,13,48,19,29,67,27,40,9,5,36,33,101,93,8,1,4,0,56,5,3
53386313,0,,,176,94,82,108,71,37,5,2,3,53,13,40,28,23,5,14,3,11,9,6,3,0,0,0,7,4,3,0,0,0,2,2,0,56,25,31,26,11,15,17,8,9,3,0,3,10,6,4,336,170,166,22,6,16,143,78,65,58,19,39,80,49,31,86,63,23,4,3,1,42,19,23,44,21,23,76,36,40,134,51,83,11,13,89,50,246,220,26,3,17,5,178,6,8
53386314,0,,,51,27,24,21,15,6,0,0,0,20,6,14,19,17,2,9,0,9,10,4,6,2,1,1,6,3,3,0,0,0,2,0,2,9,3,6,7,2,5,2,1,1,0,0,0,0,0,0,165,76,89,6,2,4,73,30,43,25,10,15,37,25,12,12,7,5,8,3,5,43,16,27,37,20,17,29,14,15,43,22,21,6,3,37,48,81,79,2,0,1,0,50,0,0
53386315,0,,,34,14,20,21,10,11,3,1,2,10,3,7,11,8,3,3,3,0,0,0,0,0,0,0,0,0,0,0,0,0,0,0,0,6,5,1,2,2,0,1,0,1,0,0,0,3,3,0,94,41,53,13,5,8,49,23,26,13,2,11,17,11,6,31,20,11,3,2,1,0,0,0,0,0,0,12,6,6,54,18,36,4,7,14,27,50,48,2,1,2,0,33,0,0
53386316,0,,,15,9,6,9,7,2,0,0,0,6,2,4,1,1,0,1,0,1,1,1,0,0,0,0,1,1,0,0,0,0,0,0,0,1,1,0,1,1,0,0,0,0,0,0,0,0,0,0,43,22,21,5,2,3,22,10,12,3,1,2,10,7,3,11,9,2,0,0,0,0,0,0,3,1,2,7,4,3,24,10,14,1,1,10,12,17,17,0,0,0,0,15,0,0
53386319,0,,,7,4,3,2,1,1,0,0,0,4,2,2,5,4,1,1,0,1,0,0,0,0,0,0,0,0,0,0,0,0,0,0,0,0,0,0,0,0,0,0,0,0,0,0,0,0,0,0,30,14,16,6,1,5,11,6,5,8,3,5,5,4,1,5,4,1,0,0,0,2,1,1,1,0,1,3,1,2,19,8,11,5,1,4,10,13,13,0,0,0,1,5,0,0
53386320,0,,,107,53,54,63,32,31,4,4,0,34,11,23,28,23,5,8,1,7,8,6,2,0,0,0,7,5,2,0,0,0,1,1,0,29,13,16,14,5,9,6,2,4,2,1,1,7,5,2,248,121,127,46,19,27,103,57,46,50,14,36,35,25,10,81,59,22,5,3,2,14,5,9,21,10,11,46,19,27,116,43,73,16,8,56,39,153,143,10,6,9,1,101,3,1
53386321,0,,,195,98,97,107,69,38,5,2,3,74,20,54,47,38,9,19,0,19,14,7,7,0,0,0,7,2,5,0,0,0,7,5,2,95,46,49,75,38,37,14,7,7,1,0,1,5,1,4,433,202,231,51,15,36,190,100,90,70,21,49,90,52,38,101,67,34,16,8,8,51,23,28,65,31,34,100,47,53,209,79,130,21,12,108,70,284,261,23,10,12,1,190,7,5
53386322,0,,,44,26,18,18,14,4,1,0,1,22,10,12,4,3,1,0,0,0,4,1,3,1,0,1,3,1,2,0,0,0,0,0,0,10,7,3,7,5,2,2,2,0,0,0,0,1,0,1,91,49,42,3,2,1,45,22,23,12,4,8,20,13,7,10,6,4,4,2,2,11,5,6,11,7,4,35,22,13,34,15,19,0,3,25,28,50,48,2,3,3,1,41,0,1
53386323,0,,,58,29,29,27,18,9,0,0,0,25,6,19,15,12,3,8,1,7,15,8,7,1,0,1,8,6,2,0,0,0,6,2,4,35,15,20,27,13,14,6,1,5,0,0,0,2,1,1,126,62,64,10,5,5,57,26,31,27,11,16,26,17,9,27,16,11,3,1,2,45,23,22,26,11,15,49,25,24,26,9,17,9,4,40,17,88,81,7,3,3,0,66,1,1
53386325,1,,53386326,56,28,28,33,21,12,4,2,2,16,2,14,26,21,5,5,2,3,3,1,2,0,0,0,1,0,1,2,1,1,0,0,0,13,2,11,10,0,10,1,0,1,1,1,0,1,1,0,137,66,71,24,5,19,67,36,31,20,7,13,26,18,8,25,16,9,1,1,0,7,3,4,22,9,13,19,6,13,79,34,45,11,5,37,15,90,87,3,2,4,1,56,1,1
53386326,2,53386325,,*,*,*,*,*,*,*,*,*,*,*,*,*,*,*,*,*,*,*,*,*,*,*,*,*,*,*,*,*,*,*,*,*,*,*,*,*,*,*,*,*,*,*,*,*,*,*,*,*,*,*,*,*,*,*,*,*,*,*,*,*,*,*,*,*,*,*,*,*,*,*,*,*,*,*,*,*,*,*,*,*,*,*,*,*,*,*,*,*,*,*,*,*,*
53386330,0,,,153,76,77,79,49,30,5,3,2,51,14,37,48,38,10,19,2,17,9,2,7,1,0,1,6,2,4,0,0,0,2,0,2,40,20,20,32,18,14,4,2,2,0,0,0,4,0,4,358,162,196,41,10,31,128,68,60,77,22,55,87,52,35,70,48,22,12,6,6,61,27,34,36,18,18,53,25,28,175,60,115,16,12,89,58,228,220,8,10,7,0,141,3,4
53386331,0,,,224,114,110,119,82,37,4,1,3,86,19,67,48,38,10,19,2,17,51,35,16,3,1,2,26,20,6,0,0,0,22,14,8,67,33,34,49,25,24,13,8,5,1,0,1,4,0,4,490,231,259,40,19,21,210,96,114,92,24,68,111,73,38,111,76,35,28,14,14,133,72,61,46,25,21,86,31,55,204,81,123,24,15,126,78,310,294,16,15,13,3,227,4,5
53386332,0,,,75,35,40,39,21,18,2,2,0,23,6,17,20,13,7,5,0,5,7,4,3,0,0,0,7,4,3,0,0,0,0,0,0,30,17,13,24,13,11,4,3,1,2,1,1,0,0,0,163,77,86,21,8,13,60,27,33,30,6,24,41,30,11,43,31,12,5,3,2,19,8,11,23,11,12,36,16,20,74,29,45,6,6,43,23,109,101,8,1,5,1,64,1,4
53386333,0,,,87,44,43,46,27,19,0,0,0,32,10,22,27,24,3,12,1,11,10,7,3,0,0,0,7,5,2,1,1,0,2,1,1,32,20,12,22,14,8,6,4,2,0,0,0,4,2,2,207,95,112,36,15,21,84,39,45,45,12,33,41,29,12,56,41,15,1,0,1,24,12,12,15,8,7,46,22,24,107,39,68,9,10,47,27,140,126,14,0,8,1,93,5,1
53386334,2,53386335,,*,*,*,*,*,*,*,*,*,*,*,*,*,*,*,*,*,*,*,*,*,*,*,*,*,*,*,*,*,*,*,*,*,*,*,*,*,*,*,*,*,*,*,*,*,*,*,*,*,*,*,*,*,*,*,*,*,*,*,*,*,*,*,*,*,*,*,*,*,*,*,*,*,*,*,*,*,*,*,*,*,*,*,*,*,*,*,*,*,*,*,*,*,*
53386335,1,,53386334,9,7,2,8,7,1,0,0,0,1,0,1,4,3,1,1,0,1,1,0,1,0,0,0,0,0,0,0,0,0,1,0,1,1,1,0,1,1,0,0,0,0,0,0,0,0,0,0,29,19,10,2,1,1,19,12,7,3,2,1,2,2,0,9,8,1,2,1,1,1,1,0,4,2,2,0,0,0,15,8,7,1,2,6,6,14,14,0,0,0,0,9,0,0
53386340,0,,,70,34,36,35,23,12,1,0,1,29,7,22,20,16,4,3,0,3,7,3,4,0,0,0,4,3,1,0,0,0,3,0,3,13,5,8,10,4,6,2,1,1,0,0,0,1,0,1,180,90,90,23,11,12,75,35,40,37,12,25,37,28,9,32,21,11,6,2,4,25,11,14,20,10,10,38,21,17,79,33,46,5,5,48,38,98,93,5,2,2,0,74,1,0
53386341,0,,,22,10,12,6,5,1,1,1,0,11,2,9,5,4,1,2,0,2,2,1,1,0,0,0,2,1,1,0,0,0,0,0,0,2,1,1,2,1,1,0,0,0,0,0,0,0,0,0,48,21,27,2,1,1,18,9,9,11,3,8,14,6,8,1,1,0,6,3,3,5,2,3,10,5,5,9,2,7,21,10,11,2,1,15,8,29,29,0,0,2,1,19,0,1
53386342,0,,,95,48,47,47,31,16,0,0,0,43,12,31,48,34,14,21,5,16,11,5,6,0,0,0,7,3,4,1,1,0,3,1,2,38,19,19,20,7,13,13,10,3,1,0,1,4,2,2,269,129,140,25,12,13,85,44,41,56,13,43,81,51,30,40,23,17,11,4,7,40,20,20,58,27,31,65,35,30,104,44,60,6,7,72,48,178,166,12,4,7,3,98,3,1
53386343,0,,,109,59,50,52,35,17,1,0,1,49,18,31,15,12,3,8,0,8,6,3,3,0,0,0,4,2,2,1,1,0,1,0,1,26,18,8,10,6,4,8,7,1,1,0,1,7,5,2,224,106,118,38,17,21,100,43,57,39,11,28,42,32,10,65,49,16,6,3,3,33,12,21,14,8,6,56,27,29,82,28,54,12,13,46,33,149,134,15,7,11,0,110,2,2
53386344,0,,,51,28,23,20,13,7,2,2,0,22,7,15,11,9,2,3,1,2,1,1,0,0,0,0,1,1,0,0,0,0,0,0,0,13,6,7,4,3,1,5,1,4,1,1,0,3,1,2,101,51,50,28,12,16,40,20,20,17,5,12,14,13,1,31,25,6,0,0,0,7,4,3,8,3,5,11,6,5,58,20,38,3,4,26,16,73,66,7,5,6,1,48,2,0
53386346,0,,,14,9,5,8,6,2,0,0,0,6,3,3,4,4,0,0,0,0,0,0,0,0,0,0,0,0,0,0,0,0,0,0,0,0,0,0,0,0,0,0,0,0,0,0,0,0,0,0,39,23,16,15,5,10,23,17,6,1,1,0,0,0,0,12,11,1,0,0,0,1,1,0,0,0,0,4,2,2,22,9,13,4,0,6,9,18,18,0,0,0,0,15,0,0
53386350,0,,,29,17,12,12,8,4,0,0,0,11,4,7,7,5,2,4,1,3,1,0,1,0,0,0,0,0,0,0,0,0,1,0,1,9,5,4,3,1,2,4,3,1,0,0,0,2,1,1,73,38,35,2,1,1,23,14,9,16,1,15,30,21,9,2,1,1,4,2,2,14,9,5,4,1,3,44,23,21,15,7,8,6,2,19,14,46,40,6,2,4,0,29,0,0
53386351,0,,,38,15,23,11,4,7,1,1,0,22,6,16,13,11,2,6,1,5,2,2,0,0,0,0,1,1,0,0,0,0,1,1,0,10,3,7,5,1,4,2,0,2,0,0,0,3,2,1,92,41,51,3,2,1,37,15,22,14,1,13,35,20,15,9,6,3,1,0,1,18,6,12,18,6,12,26,12,14,32,16,16,8,2,30,12,62,57,5,9,4,0,32,1,0
53386352,0,,,87,48,39,37,25,12,6,5,1,31,8,23,27,20,7,14,1,13,6,2,4,0,0,0,5,1,4,0,0,0,1,1,0,33,16,17,23,13,10,7,2,5,2,0,2,1,1,0,274,134,140,11,5,6,102,41,61,41,10,31,100,67,33,11,7,4,14,5,9,43,20,23,51,26,25,115,55,60,79,39,40,6,3,71,67,140,130,10,2,10,2,86,3,2
53386353,0,,,82,36,46,32,21,11,1,1,0,36,7,29,22,17,5,4,0,4,11,5,6,0,0,0,6,4,2,0,0,0,5,1,4,19,10,9,12,7,5,3,2,1,1,0,1,3,1,2,217,101,116,15,8,7,68,31,37,45,10,35,71,43,28,19,10,9,6,3,3,37,18,19,50,22,28,85,39,46,50,24,26,3,9,59,54,115,109,6,1,7,3,80,1,0
53386354,0,,,12,5,7,2,2,0,1,1,0,9,2,7,2,2,0,1,0,1,0,0,0,0,0,0,0,0,0,0,0,0,0,0,0,0,0,0,0,0,0,0,0,0,0,0,0,0,0,0,28,13,15,1,1,0,9,4,5,5,0,5,12,7,5,0,0,0,0,0,0,7,2,5,8,4,4,4,1,3,9,6,3,1,1,8,8,15,15,0,0,0,0,15,0,0
53386355,0,,,8,5,3,3,2,1,0,0,0,3,1,2,4,4,0,4,0,4,5,1,4,0,0,0,3,0,3,0,0,0,2,1,1,8,3,5,4,2,2,2,1,1,1,0,1,1,0,1,33,16,17,8,4,4,16,8,8,2,0,2,5,3,2,10,4,6,5,2,3,2,1,1,8,3,5,2,1,1,19,9,10,1,3,5,8,21,16,5,0,1,0,6,0,0
53386356,0,,,4,2,2,2,1,1,0,0,0,1,0,1,1,1,0,0,0,0,1,0,1,0,0,0,1,0,1,0,0,0,0,0,0,0,0,0,0,0,0,0,0,0,0,0,0,0,0,0,14,6,8,6,2,4,3,1,2,2,1,1,3,2,1,2,1,1,0,0,0,1,1,0,2,1,1,0,0,0,10,3,7,1,0,2,5,5,5,0,0,0,0,4,0,0
53386360,0,,,16,8,8,6,3,3,0,0,0,6,2,4,3,3,0,2,0,2,2,1,1,0,0,0,2,1,1,0,0,0,0,0,0,2,1,1,0,0,0,2,1,1,0,0,0,0,0,0,39,18,21,0,0,0,16,6,10,6,0,6,16,12,4,2,1,1,4,2,2,6,2,4,10,5,5,11,5,6,10,5,5,5,0,9,9,21,21,0,2,0,0,14,0,0
53386361,0,,,10,4,6,3,1,2,0,0,0,4,2,2,2,1,1,0,0,0,0,0,0,0,0,0,0,0,0,0,0,0,0,0,0,0,0,0,0,0,0,0,0,0,0,0,0,0,0,0,41,19,22,2,1,1,12,4,8,9,1,8,18,13,5,0,0,0,0,0,0,2,1,1,1,1,0,20,10,10,18,7,11,2,0,6,12,12,12,0,0,1,0,12,0,0
53386362,0,,,70,38,32,33,22,11,1,0,1,29,10,19,28,17,11,12,2,10,9,6,3,0,0,0,5,5,0,0,0,0,4,1,3,35,16,19,23,13,10,7,1,6,1,0,1,4,2,2,217,108,109,7,4,3,67,33,34,37,7,30,73,44,29,19,8,11,32,15,17,40,22,18,57,32,25,64,31,33,49,22,27,4,2,61,59,118,113,5,11,3,5,55,1,5
53386363,0,,,75,41,34,36,21,15,1,0,1,30,13,17,34,26,8,19,2,17,13,9,4,0,0,0,8,5,3,1,1,0,4,3,1,29,15,14,22,13,9,5,2,3,0,0,0,2,0,2,245,118,127,16,5,11,106,45,61,24,7,17,94,58,36,7,3,4,17,8,9,52,27,25,70,35,35,78,40,38,63,29,34,5,4,64,44,133,128,5,6,6,3,59,2,5
53386364,0,,,15,9,6,10,7,3,0,0,0,3,0,3,5,5,0,7,1,6,2,2,0,0,0,0,2,2,0,0,0,0,0,0,0,7,4,3,5,3,2,1,1,0,1,0,1,0,0,0,46,22,24,1,1,0,19,10,9,7,3,4,10,6,4,7,5,2,4,0,4,6,4,2,5,3,2,14,7,7,19,9,10,3,0,11,10,30,27,3,2,2,0,14,2,2
53386365,0,,,19,7,12,5,2,3,0,0,0,8,1,7,9,8,1,8,3,5,0,0,0,0,0,0,0,0,0,0,0,0,0,0,0,8,5,3,7,4,3,1,1,0,0,0,0,0,0,0,67,33,34,5,2,3,22,13,9,24,10,14,12,5,7,12,9,3,0,0,0,12,5,7,4,2,2,19,11,8,28,11,17,5,1,16,14,38,36,2,0,2,0,15,1,0
53386366,0,,,56,30,26,23,14,9,2,2,0,22,9,13,11,9,2,7,0,7,0,0,0,0,0,0,0,0,0,0,0,0,0,0,0,15,5,10,9,3,6,4,2,2,2,0,2,0,0,0,109,53,56,22,8,14,70,37,33,11,3,8,3,3,0,37,27,10,1,1,0,8,2,6,3,1,2,24,11,13,51,16,35,8,5,25,16,81,74,7,6,4,1,49,2,1
53386367,0,,,18,10,8,9,6,3,0,0,0,7,3,4,4,4,0,2,0,2,0,0,0,0,0,0,0,0,0,0,0,0,0,0,0,7,3,4,5,3,2,1,0,1,0,0,0,1,0,1,41,21,20,10,5,5,17,8,9,8,3,5,6,5,1,11,11,0,0,0,0,0,0,0,7,4,3,5,2,3,25,7,18,4,1,10,4,26,24,2,0,1,0,18,2,0
53386368,0,,,5,3,2,1,1,0,0,0,0,2,1,1,2,1,1,2,0,2,0,0,0,0,0,0,0,0,0,0,0,0,0,0,0,3,3,0,3,3,0,0,0,0,0,0,0,0,0,0,13,6,7,0,0,0,4,1,3,4,2,2,5,3,2,1,1,0,0,0,0,1,1,0,6,4,2,3,1,2,5,2,3,0,0,6,1,9,9,0,1,0,0,4,0,0
53386370,0,,,16,9,7,9,6,3,0,0,0,7,3,4,7,5,2,2,1,1,0,0,0,0,0,0,0,0,0,0,0,0,0,0,0,3,1,2,1,1,0,2,0,2,0,0,0,0,0,0,47,25,22,2,1,1,15,7,8,7,1,6,20,14,6,0,0,0,2,1,1,9,4,5,22,12,10,10,5,5,7,4,3,0,0,16,9,27,25,2,0,5,1,15,0,0
53386371,1,,53386381,4,2,2,1,0,1,0,0,0,0,0,0,7,4,3,5,2,3,2,1,1,0,0,0,2,1,1,0,0,0,0,0,0,1,0,1,1,0,1,0,0,0,0,0,0,0,0,0,24,11,13,2,2,0,7,2,5,3,1,2,10,5,5,2,2,0,4,2,2,5,2,3,2,0,2,3,1,2,11,5,6,1,0,7,5,16,16,0,3,0,0,3,0,0
53386372,0,,,19,13,6,8,5,3,1,1,0,8,5,3,17,13,4,5,0,5,0,0,0,0,0,0,0,0,0,0,0,0,0,0,0,10,5,5,8,4,4,1,1,0,0,0,0,1,0,1,86,40,46,11,2,9,26,12,14,12,5,7,26,16,10,10,5,5,7,3,4,12,5,7,14,7,7,20,8,12,33,17,16,2,2,24,22,43,41,2,1,3,0,12,1,1
53386373,0,,,35,22,13,18,15,3,0,0,0,14,5,9,15,9,6,5,0,5,4,1,3,0,0,0,3,0,3,0,0,0,1,1,0,10,4,6,7,2,5,3,2,1,0,0,0,0,0,0,122,59,63,9,7,2,35,15,20,19,2,17,52,32,20,5,2,3,6,4,2,29,15,14,29,15,14,38,17,21,29,11,18,2,3,31,33,61,57,4,1,2,4,37,2,6
53386374,0,,,40,16,24,15,7,8,0,0,0,20,6,14,23,17,6,11,3,8,2,2,0,0,0,0,0,0,0,0,0,0,2,2,0,5,4,1,4,3,1,0,0,0,1,1,0,0,0,0,133,67,66,10,5,5,51,22,29,19,5,14,33,22,11,7,7,0,10,6,4,20,10,10,20,10,10,32,17,15,51,23,28,4,2,39,32,76,74,2,5,1,0,37,2,0
53386375,0,,,45,26,19,20,15,5,1,1,0,23,9,14,23,18,5,10,2,8,4,1,3,0,0,0,3,1,2,0,0,0,1,0,1,18,11,7,13,6,7,4,4,0,0,0,0,1,1,0,119,61,58,10,5,5,52,26,26,21,7,14,30,20,10,20,10,10,8,3,5,20,12,8,13,6,7,29,17,12,51,25,26,3,4,41,11,84,80,4,1,4,1,43,1,0
53386381,2,53386371,,*,*,*,*,*,*,*,*,*,*,*,*,*,*,*,*,*,*,*,*,*,*,*,*,*,*,*,*,*,*,*,*,*,*,*,*,*,*,*,*,*,*,*,*,*,*,*,*,*,*,*,*,*,*,*,*,*,*,*,*,*,*,*,*,*,*,*,*,*,*,*,*,*,*,*,*,*,*,*,*,*,*,*,*,*,*,*,*,*,*,*,*,*,*
53386382,0,,,39,26,13,16,10,6,1,1,0,10,6,4,21,18,3,11,1,10,8,6,2,0,0,0,3,2,1,1,0,1,4,4,0,16,10,6,15,9,6,1,1,0,0,0,0,0,0,0,186,94,92,10,4,6,54,28,26,24,5,19,83,49,34,16,10,6,12,6,6,37,22,15,31,17,14,53,25,28,61,30,31,3,4,43,55,72,71,1,1,3,0,31,0,1
53386383,0,,,10,6,4,7,4,3,0,0,0,2,1,1,9,7,2,1,0,1,1,1,0,0,0,0,1,1,0,0,0,0,0,0,0,1,1,0,1,1,0,0,0,0,0,0,0,0,0,0,58,27,31,2,0,2,15,7,8,9,1,8,32,19,13,1,1,0,7,4,3,6,3,3,17,9,8,12,5,7,17,7,10,0,0,15,17,20,20,0,2,2,0,8,0,0
53386384,0,,,16,8,8,8,6,2,0,0,0,7,2,5,10,10,0,4,0,4,8,5,3,0,0,0,4,3,1,0,0,0,4,2,2,13,8,5,11,7,4,2,1,1,0,0,0,0,0,0,68,33,35,8,2,6,21,12,9,7,4,3,14,8,6,11,6,5,1,1,0,9,5,4,16,5,11,28,16,12,24,13,11,1,1,19,19,32,30,2,0,3,0,17,0,0
53386385,0,,,66,40,26,32,22,10,1,0,1,20,8,12,26,18,8,11,2,9,9,8,1,0,0,0,5,4,1,0,0,0,4,4,0,10,5,5,6,3,3,4,2,2,0,0,0,0,0,0,163,79,84,11,3,8,65,33,32,29,10,19,47,28,19,13,11,2,4,2,2,35,15,20,37,18,19,39,19,20,54,27,27,5,6,46,29,107,103,4,8,2,0,53,0,3
53386392,0,,,16,9,7,7,5,2,0,0,0,6,3,3,3,3,0,0,0,0,2,1,1,0,0,0,2,1,1,0,0,0,0,0,0,3,1,2,3,1,2,0,0,0,0,0,0,0,0,0,40,21,19,3,2,1,9,4,5,6,2,4,19,11,8,1,0,1,3,1,2,13,8,5,7,2,5,12,7,5,9,5,4,2,0,15,9,22,22,0,1,0,1,13,0,0
53386393,0,,,7,3,4,2,0,2,0,0,0,1,0,1,3,1,2,0,0,0,0,0,0,0,0,0,0,0,0,0,0,0,0,0,0,3,0,3,0,0,0,0,0,0,1,0,1,2,0,2,18,6,12,1,0,1,3,1,2,0,0,0,11,5,6,0,0,0,1,0,1,15,3,12,2,1,1,1,1,0,2,1,1,1,0,6,2,16,16,0,1,0,0,5,0,0
53386394,0,,,39,21,18,15,9,6,1,1,0,17,7,10,14,13,1,10,0,10,4,2,2,0,0,0,2,1,1,0,0,0,2,1,1,9,6,3,4,2,2,5,4,1,0,0,0,0,0,0,103,48,55,6,2,4,52,24,28,21,5,16,16,14,2,12,8,4,4,2,2,15,7,8,20,9,11,19,11,8,46,19,27,3,3,29,13,69,64,5,0,3,3,33,2,0
53386395,0,,,62,35,27,28,19,9,2,1,1,20,7,13,24,21,3,17,1,16,3,1,2,0,0,0,2,1,1,0,0,0,1,0,1,17,9,8,10,5,5,5,2,3,2,2,0,0,0,0,163,83,80,24,10,14,59,31,28,28,9,19,39,24,15,22,17,5,13,8,5,25,15,10,21,7,14,17,9,8,85,37,48,4,3,58,24,111,105,6,7,6,0,40,2,1
53386396,0,,,81,58,23,44,33,11,8,7,1,27,16,11,35,34,1,30,4,26,8,4,4,0,0,0,4,2,2,0,0,0,4,2,2,22,11,11,14,6,8,7,4,3,0,0,0,1,1,0,184,108,76,43,19,24,77,54,23,29,10,19,16,11,5,68,47,21,17,13,4,25,21,4,13,5,8,17,7,10,73,29,44,26,16,15,5,158,149,9,3,4,0,49,1,2
53386397,0,,,1,1,0,0,0,0,0,0,0,1,1,0,2,2,0,4,1,3,3,1,2,0,0,0,2,1,1,0,0,0,1,0,1,4,2,2,4,2,2,0,0,0,0,0,0,0,0,0,9,4,5,1,0,1,4,3,1,0,0,0,2,0,2,3,2,1,1,1,0,2,1,1,2,0,2,1,0,1,2,1,1,1,0,2,1,7,7,0,0,0,0,0,0,0
53386420,0,,,6,2,4,6,2,4,0,0,0,0,0,0,1,1,0,1,0,1,0,0,0,0,0,0,0,0,0,0,0,0,0,0,0,1,0,1,0,0,0,1,0,1,0,0,0,0,0,0,15,7,8,3,3,0,8,3,5,2,0,2,2,1,1,3,1,2,0,0,0,1,1,0,1,0,1,0,0,0,11,5,6,0,0,5,4,9,8,1,0,0,1,6,0,0
53386421,0,,,5,1,4,3,1,2,0,0,0,2,0,2,1,1,0,1,0,1,0,0,0,0,0,0,0,0,0,0,0,0,0,0,0,0,0,0,0,0,0,0,0,0,0,0,0,0,0,0,20,6,14,10,1,9,7,3,4,1,1,0,2,1,1,5,2,3,0,0,0,0,0,0,0,0,0,3,1,2,12,3,9,0,1,2,9,7,7,0,0,0,0,5,0,0
53386431,0,,,8,6,2,5,4,1,0,0,0,3,2,1,3,3,0,2,0,2,3,0,3,0,0,0,2,0,2,0,0,0,1,0,1,1,1,0,1,1,0,0,0,0,0,0,0,0,0,0,28,17,11,10,5,5,14,10,4,0,0,0,4,2,2,8,6,2,5,2,3,0,0,0,3,2,1,2,1,1,14,7,7,0,1,9,10,13,13,0,1,0,0,6,0,1
53386432,0,,,11,5,6,6,2,4,0,0,0,4,2,2,5,4,1,3,2,1,0,0,0,0,0,0,0,0,0,0,0,0,0,0,0,2,1,1,2,1,1,0,0,0,0,0,0,0,0,0,81,28,53,14,7,7,62,21,41,2,0,2,0,0,0,10,7,3,16,6,10,28,7,21,7,3,4,3,2,1,19,4,15,0,0,11,6,19,19,0,0,0,0,10,0,0
53386433,2,53386443,,*,*,*,*,*,*,*,*,*,*,*,*,*,*,*,*,*,*,*,*,*,*,*,*,*,*,*,*,*,*,*,*,*,*,*,*,*,*,*,*,*,*,*,*,*,*,*,*,*,*,*,*,*,*,*,*,*,*,*,*,*,*,*,*,*,*,*,*,*,*,*,*,*,*,*,*,*,*,*,*,*,*,*,*,*,*,*,*,*,*,*,*,*,*
53386440,0,,,8,3,5,7,3,4,0,0,0,1,0,1,3,3,0,2,0,2,0,0,0,0,0,0,0,0,0,0,0,0,0,0,0,0,0,0,0,0,0,0,0,0,0,0,0,0,0,0,40,14,26,21,5,16,11,7,4,6,1,5,2,1,1,3,2,1,1,1,0,3,0,3,0,0,0,5,3,2,28,8,20,2,0,8,16,13,13,0,0,0,0,10,0,0
53386443,1,,53386433,4,2,2,3,2,1,0,0,0,1,0,1,2,1,1,4,1,3,0,0,0,0,0,0,0,0,0,0,0,0,0,0,0,1,1,0,0,0,0,1,1,0,0,0,0,0,0,0,13,6,7,1,1,0,8,2,6,1,0,1,3,3,0,5,4,1,0,0,0,1,1,0,0,0,0,1,0,1,7,2,5,0,0,3,2,11,10,1,0,0,1,2,0,0
53386450,2,53386451,,*,*,*,*,*,*,*,*,*,*,*,*,*,*,*,*,*,*,*,*,*,*,*,*,*,*,*,*,*,*,*,*,*,*,*,*,*,*,*,*,*,*,*,*,*,*,*,*,*,*,*,*,*,*,*,*,*,*,*,*,*,*,*,*,*,*,*,*,*,*,*,*,*,*,*,*,*,*,*,*,*,*,*,*,*,*,*,*,*,*,*,*,*,*
53386451,1,,53386450,5,4,1,4,4,0,0,0,0,1,0,1,0,0,0,0,0,0,0,0,0,0,0,0,0,0,0,0,0,0,0,0,0,0,0,0,0,0,0,0,0,0,0,0,0,0,0,0,21,12,9,10,4,6,10,7,3,1,1,0,0,0,0,6,4,2,0,0,0,1,1,0,0,0,0,2,1,1,12,6,6,0,0,4,11,5,5,0,0,0,0,5,0,0
53386462,0,,,7,5,2,4,3,1,0,0,0,3,2,1,1,1,0,0,0,0,0,0,0,0,0,0,0,0,0,0,0,0,0,0,0,0,0,0,0,0,0,0,0,0,0,0,0,0,0,0,28,12,16,10,2,8,15,7,8,3,3,0,0,0,0,5,5,0,0,0,0,1,1,0,1,0,1,4,2,2,17,4,13,1,0,5,14,8,8,0,0,0,0,7,0,0
53386473,0,,,12,7,5,6,4,2,0,0,0,6,3,3,10,9,1,4,0,4,3,1,2,1,0,1,2,1,1,0,0,0,0,0,0,3,2,1,2,1,1,1,1,0,0,0,0,0,0,0,47,25,22,17,10,7,13,6,7,7,2,5,10,7,3,16,12,4,1,1,0,1,0,1,2,1,1,8,5,3,25,9,16,7,0,9,9,27,26,1,0,0,0,13,1,0
53386591,2,53387521,,*,*,*,*,*,*,*,*,*,*,*,*,*,*,*,*,*,*,*,*,*,*,*,*,*,*,*,*,*,*,*,*,*,*,*,*,*,*,*,*,*,*,*,*,*,*,*,*,*,*,*,*,*,*,*,*,*,*,*,*,*,*,*,*,*,*,*,*,*,*,*,*,*,*,*,*,*,*,*,*,*,*,*,*,*,*,*,*,*,*,*,*,*,*
53386606,2,53386610,,*,*,*,*,*,*,*,*,*,*,*,*,*,*,*,*,*,*,*,*,*,*,*,*,*,*,*,*,*,*,*,*,*,*,*,*,*,*,*,*,*,*,*,*,*,*,*,*,*,*,*,*,*,*,*,*,*,*,*,*,*,*,*,*,*,*,*,*,*,*,*,*,*,*,*,*,*,*,*,*,*,*,*,*,*,*,*,*,*,*,*,*,*,*
53386607,2,53386610,,*,*,*,*,*,*,*,*,*,*,*,*,*,*,*,*,*,*,*,*,*,*,*,*,*,*,*,*,*,*,*,*,*,*,*,*,*,*,*,*,*,*,*,*,*,*,*,*,*,*,*,*,*,*,*,*,*,*,*,*,*,*,*,*,*,*,*,*,*,*,*,*,*,*,*,*,*,*,*,*,*,*,*,*,*,*,*,*,*,*,*,*,*,*
53386610,1,,53386606;53386607;53386620,18,12,6,12,10,2,1,0,1,5,2,3,5,5,0,2,0,2,1,0,1,0,0,0,0,0,0,1,0,1,0,0,0,0,0,0,0,0,0,0,0,0,0,0,0,0,0,0,39,21,18,12,7,5,18,8,10,5,3,2,3,2,1,9,5,4,1,1,0,1,1,0,3,1,2,4,2,2,22,11,11,1,1,11,7,25,25,0,2,0,0,18,0,0
53386620,2,53386610,,*,*,*,*,*,*,*,*,*,*,*,*,*,*,*,*,*,*,*,*,*,*,*,*,*,*,*,*,*,*,*,*,*,*,*,*,*,*,*,*,*,*,*,*,*,*,*,*,*,*,*,*,*,*,*,*,*,*,*,*,*,*,*,*,*,*,*,*,*,*,*,*,*,*,*,*,*,*,*,*,*,*,*,*,*,*,*,*,*,*,*,*,*,*
53386703,2,53386798,,*,*,*,*,*,*,*,*,*,*,*,*,*,*,*,*,*,*,*,*,*,*,*,*,*,*,*,*,*,*,*,*,*,*,*,*,*,*,*,*,*,*,*,*,*,*,*,*,*,*,*,*,*,*,*,*,*,*,*,*,*,*,*,*,*,*,*,*,*,*,*,*,*,*,*,*,*,*,*,*,*,*,*,*,*,*,*,*,*,*,*,*,*,*
53386786,2,53386798,,*,*,*,*,*,*,*,*,*,*,*,*,*,*,*,*,*,*,*,*,*,*,*,*,*,*,*,*,*,*,*,*,*,*,*,*,*,*,*,*,*,*,*,*,*,*,*,*,*,*,*,*,*,*,*,*,*,*,*,*,*,*,*,*,*,*,*,*,*,*,*,*,*,*,*,*,*,*,*,*,*,*,*,*,*,*,*,*,*,*,*,*,*,*
53386798,1,,53386703;53386786,5,3,2,2,2,0,0,0,0,3,1,2,0,0,0,0,0,0,0,0,0,0,0,0,0,0,0,0,0,0,0,0,0,0,0,0,0,0,0,0,0,0,0,0,0,0,0,0,10,5,5,1,1,0,5,2,3,1,0,1,3,2,1,0,0,0,0,0,0,4,2,2,0,0,0,1,0,1,5,3,2,0,0,3,2,5,5,0,2,0,0,2,1,0
53387000,0,,,157,81,76,104,61,43,0,0,0,45,13,32,29,25,4,17,3,14,12,6,6,1,1,0,7,2,5,0,0,0,4,3,1,52,27,25,32,18,14,10,6,4,5,2,3,5,1,4,338,166,172,37,17,20,198,100,98,55,18,37,47,31,16,117,77,40,4,1,3,36,17,19,17,8,9,54,27,27,173,69,104,9,9,75,51,226,204,22,11,13,1,157,0,5
53387007,0,,,30,17,13,18,13,5,0,0,0,9,1,8,7,6,1,1,0,1,1,0,1,0,0,0,1,0,1,0,0,0,0,0,0,7,6,1,4,3,1,3,3,0,0,0,0,0,0,0,67,35,32,17,9,8,26,15,11,7,2,5,11,6,5,20,14,6,6,3,3,4,1,3,8,5,3,5,4,1,32,14,18,1,2,19,10,44,41,3,0,0,0,31,0,2
53387010,1,,53387020;53387030,100,53,47,66,45,21,0,0,0,30,5,25,23,20,3,9,1,8,16,9,7,0,0,0,10,5,5,0,0,0,6,4,2,35,17,18,22,10,12,13,7,6,0,0,0,0,0,0,195,92,103,25,6,19,110,59,51,33,7,26,27,20,7,75,47,28,4,2,2,21,10,11,26,13,13,47,23,24,73,23,50,2,6,53,36,146,132,14,6,13,0,101,0,2
53387017,0,,,17,10,7,7,6,1,1,1,0,7,2,5,5,4,1,2,0,2,2,2,0,0,0,0,2,2,0,0,0,0,0,0,0,5,4,1,4,3,1,1,1,0,0,0,0,0,0,0,47,21,26,17,5,12,16,9,7,8,3,5,4,3,1,16,12,4,0,0,0,3,2,1,7,5,2,6,2,4,22,6,16,2,0,12,13,26,24,2,0,1,2,20,1,1
53387018,0,,,13,7,6,9,4,5,0,0,0,2,1,1,6,5,1,3,0,3,0,0,0,0,0,0,0,0,0,0,0,0,0,0,0,4,2,2,4,2,2,0,0,0,0,0,0,0,0,0,35,17,18,10,3,7,17,10,7,0,0,0,0,0,0,15,9,6,0,0,0,0,0,0,2,1,1,5,3,2,17,6,11,2,1,6,7,23,23,0,0,0,0,14,0,1
53387019,0,,,12,8,4,7,5,2,0,0,0,4,2,2,4,2,2,2,2,0,0,0,0,0,0,0,0,0,0,0,0,0,0,0,0,1,1,0,0,0,0,0,0,0,1,1,0,0,0,0,28,16,12,8,4,4,11,7,4,1,0,1,2,2,0,9,8,1,0,0,0,0,0,0,0,0,0,1,0,1,19,9,10,1,1,8,4,19,18,1,0,0,0,15,0,0
53387020,2,53387010,,*,*,*,*,*,*,*,*,*,*,*,*,*,*,*,*,*,*,*,*,*,*,*,*,*,*,*,*,*,*,*,*,*,*,*,*,*,*,*,*,*,*,*,*,*,*,*,*,*,*,*,*,*,*,*,*,*,*,*,*,*,*,*,*,*,*,*,*,*,*,*,*,*,*,*,*,*,*,*,*,*,*,*,*,*,*,*,*,*,*,*,*,*,*
53387027,0,,,4,2,2,1,0,1,0,0,0,3,2,1,1,1,0,1,0,1,0,0,0,0,0,0,0,0,0,0,0,0,0,0,0,0,0,0,0,0,0,0,0,0,0,0,0,0,0,0,13,6,7,4,2,2,5,2,3,1,0,1,3,2,1,4,3,1,0,0,0,2,1,1,0,0,0,4,1,3,3,1,2,0,1,3,3,6,6,0,0,0,0,5,0,0
53387028,0,,,8,4,4,4,2,2,0,0,0,4,2,2,2,1,1,0,0,0,1,1,0,0,0,0,0,0,0,0,0,0,1,1,0,0,0,0,0,0,0,0,0,0,0,0,0,0,0,0,21,12,9,6,4,2,7,4,3,2,0,2,3,2,1,8,5,3,0,0,0,2,1,1,0,0,0,0,0,0,12,7,5,0,0,4,6,10,10,0,0,0,0,8,0,0
53387030,2,53387010,,*,*,*,*,*,*,*,*,*,*,*,*,*,*,*,*,*,*,*,*,*,*,*,*,*,*,*,*,*,*,*,*,*,*,*,*,*,*,*,*,*,*,*,*,*,*,*,*,*,*,*,*,*,*,*,*,*,*,*,*,*,*,*,*,*,*,*,*,*,*,*,*,*,*,*,*,*,*,*,*,*,*,*,*,*,*,*,*,*,*,*,*,*,*
53387038,0,,,31,18,13,20,11,9,4,4,0,6,2,4,11,10,1,2,0,2,4,0,4,0,0,0,2,0,2,0,0,0,2,0,2,4,2,2,4,2,2,0,0,0,0,0,0,0,0,0,116,58,58,31,17,14,43,17,26,12,4,8,11,9,2,42,29,13,0,0,0,9,4,5,6,3,3,14,8,6,53,16,37,2,1,27,28,48,47,1,0,0,1,33,0,0
53387048,2,53387059,,*,*,*,*,*,*,*,*,*,*,*,*,*,*,*,*,*,*,*,*,*,*,*,*,*,*,*,*,*,*,*,*,*,*,*,*,*,*,*,*,*,*,*,*,*,*,*,*,*,*,*,*,*,*,*,*,*,*,*,*,*,*,*,*,*,*,*,*,*,*,*,*,*,*,*,*,*,*,*,*,*,*,*,*,*,*,*,*,*,*,*,*,*,*
53387050,0,,,119,59,60,80,43,37,3,2,1,27,7,20,21,17,4,3,1,2,10,5,5,1,1,0,4,2,2,0,0,0,5,2,3,38,13,25,26,9,17,10,3,7,2,1,1,0,0,0,263,110,153,49,20,29,126,48,78,35,11,24,49,29,20,46,25,21,16,5,11,54,17,37,39,15,24,49,21,28,107,45,62,3,2,69,20,157,145,12,3,9,0,121,1,4
53387051,2,53387060,,*,*,*,*,*,*,*,*,*,*,*,*,*,*,*,*,*,*,*,*,*,*,*,*,*,*,*,*,*,*,*,*,*,*,*,*,*,*,*,*,*,*,*,*,*,*,*,*,*,*,*,*,*,*,*,*,*,*,*,*,*,*,*,*,*,*,*,*,*,*,*,*,*,*,*,*,*,*,*,*,*,*,*,*,*,*,*,*,*,*,*,*,*,*
53387059,1,,53387048,7,5,2,2,1,1,1,1,0,2,2,0,2,2,0,1,0,1,0,0,0,0,0,0,0,0,0,0,0,0,0,0,0,0,0,0,0,0,0,0,0,0,0,0,0,0,0,0,14,8,6,1,1,0,7,3,4,2,1,1,4,3,1,4,4,0,0,0,0,1,0,1,2,1,1,0,0,0,7,3,4,1,1,3,1,10,10,0,0,0,0,7,0,0
53387060,1,,53387051,437,231,206,251,158,93,10,5,5,136,35,101,35,27,8,9,4,5,34,17,17,2,1,1,14,7,7,0,0,0,18,9,9,110,59,51,73,36,37,24,15,9,7,4,3,6,4,2,815,405,410,138,59,79,407,203,204,114,37,77,91,71,20,118,82,36,21,8,13,70,35,35,87,35,52,181,85,96,481,235,246,4,7,252,126,519,483,36,29,29,2,422,2,15
53387061,0,,,7,3,4,3,2,1,0,0,0,4,1,3,0,0,0,0,0,0,0,0,0,0,0,0,0,0,0,0,0,0,0,0,0,1,0,1,1,0,1,0,0,0,0,0,0,0,0,0,20,10,10,1,1,0,11,6,5,1,0,1,2,1,1,5,3,2,2,1,1,3,1,2,0,0,0,2,1,1,9,4,5,0,0,5,6,7,7,0,0,0,0,7,0,0
53387070,0,,,505,286,219,310,209,101,16,6,10,144,43,101,58,42,16,15,0,15,51,28,23,2,2,0,27,13,14,0,0,0,22,13,9,166,77,89,90,49,41,34,21,13,38,4,34,4,3,1,1023,500,523,137,60,77,500,244,256,156,57,99,146,99,47,239,163,76,40,14,26,119,52,67,121,52,69,190,94,96,528,228,300,4,8,314,143,651,579,72,66,38,1,462,2,16
53387071,0,,,64,32,32,42,27,15,0,0,0,19,3,16,20,16,4,6,0,6,8,4,4,2,1,1,4,1,3,0,0,0,2,2,0,17,8,9,8,3,5,5,3,2,1,0,1,3,2,1,143,66,77,16,6,10,71,36,35,20,1,19,25,18,7,60,38,22,2,1,1,12,6,6,9,3,6,28,11,17,57,19,38,4,5,40,20,97,90,7,0,5,0,71,1,0
53387072,0,,,7,4,3,5,4,1,0,0,0,2,0,2,1,1,0,1,0,1,0,0,0,0,0,0,0,0,0,0,0,0,0,0,0,0,0,0,0,0,0,0,0,0,0,0,0,0,0,0,19,6,13,5,0,5,10,4,6,3,1,2,1,1,0,4,1,3,0,0,0,1,0,1,0,0,0,0,0,0,14,5,9,1,0,5,2,9,9,0,0,0,0,7,1,0
53387075,0,,,9,5,4,5,5,0,0,0,0,4,0,4,15,13,2,12,1,11,0,0,0,0,0,0,0,0,0,0,0,0,0,0,0,2,0,2,2,0,2,0,0,0,0,0,0,0,0,0,46,23,23,15,7,8,25,13,12,3,2,1,1,1,0,19,15,4,1,1,0,0,0,0,0,0,0,3,1,2,25,6,19,11,4,3,2,37,37,0,2,0,0,9,0,0
53387080,0,,,185,96,89,124,74,50,5,2,3,49,15,34,22,15,7,2,0,2,8,5,3,0,0,0,7,4,3,0,0,0,1,1,0,56,39,17,35,26,9,13,8,5,5,3,2,3,2,1,392,187,205,46,19,27,174,82,92,64,21,43,67,50,17,83,65,18,18,10,8,46,19,27,44,23,21,62,30,32,201,82,119,1,1,118,59,241,217,24,14,17,3,170,1,5
53387081,2,53387082,,*,*,*,*,*,*,*,*,*,*,*,*,*,*,*,*,*,*,*,*,*,*,*,*,*,*,*,*,*,*,*,*,*,*,*,*,*,*,*,*,*,*,*,*,*,*,*,*,*,*,*,*,*,*,*,*,*,*,*,*,*,*,*,*,*,*,*,*,*,*,*,*,*,*,*,*,*,*,*,*,*,*,*,*,*,*,*,*,*,*,*,*,*,*
53387082,1,,53387081,9,5,4,4,3,1,1,0,1,4,2,2,1,0,1,0,0,0,2,2,0,0,0,0,0,0,0,0,0,0,2,2,0,0,0,0,0,0,0,0,0,0,0,0,0,0,0,0,20,9,11,4,1,3,7,3,4,4,2,2,3,2,1,7,6,1,0,0,0,2,0,2,0,0,0,2,0,2,11,5,6,1,0,5,5,10,10,0,0,0,0,8,0,0
53387089,0,,,4,2,2,2,1,1,0,0,0,1,0,1,0,0,0,0,0,0,0,0,0,0,0,0,0,0,0,0,0,0,0,0,0,0,0,0,0,0,0,0,0,0,0,0,0,0,0,0,21,13,8,5,4,1,2,1,1,2,0,2,8,5,3,0,0,0,0,0,0,4,2,2,3,3,0,10,5,5,0,0,0,0,0,3,11,4,4,0,0,1,0,2,0,0
53387090,0,,,98,55,43,67,42,25,1,0,1,21,6,15,9,7,2,3,0,3,8,6,2,0,0,0,5,3,2,0,0,0,3,3,0,22,12,10,15,10,5,3,1,2,3,0,3,1,1,0,188,91,97,26,11,15,92,46,46,33,9,24,26,20,6,77,56,21,3,2,1,7,3,4,19,9,10,20,9,11,92,30,62,3,4,49,14,119,111,8,2,4,0,94,0,1
53387091,0,,,5,4,1,3,3,0,1,1,0,1,0,1,2,2,0,0,0,0,1,0,1,0,0,0,1,0,1,0,0,0,0,0,0,5,4,1,3,2,1,2,2,0,0,0,0,0,0,0,17,9,8,2,1,1,11,6,5,2,2,0,2,0,2,9,7,2,0,0,0,0,0,0,3,2,1,5,3,2,6,1,5,0,0,5,2,10,7,3,0,3,0,9,0,1
53387092,0,,,20,12,8,8,5,3,0,0,0,8,3,5,7,6,1,1,0,1,0,0,0,0,0,0,0,0,0,0,0,0,0,0,0,4,1,3,3,1,2,1,0,1,0,0,0,0,0,0,66,32,34,14,5,9,34,18,16,4,2,2,9,5,4,18,12,6,0,0,0,7,4,3,2,0,2,8,4,4,35,13,22,4,0,15,15,29,28,1,3,1,0,19,0,0
53387093,1,,53387094,25,14,11,14,8,6,2,2,0,8,3,5,4,4,0,2,0,2,1,0,1,0,0,0,1,0,1,0,0,0,0,0,0,5,3,2,1,0,1,2,2,0,0,0,0,2,1,1,46,26,20,5,3,2,23,13,10,9,3,6,2,2,0,16,12,4,0,0,0,0,0,0,0,0,0,15,7,8,21,10,11,1,1,11,5,35,32,3,0,1,0,21,1,1
53387094,2,53387093,,*,*,*,*,*,*,*,*,*,*,*,*,*,*,*,*,*,*,*,*,*,*,*,*,*,*,*,*,*,*,*,*,*,*,*,*,*,*,*,*,*,*,*,*,*,*,*,*,*,*,*,*,*,*,*,*,*,*,*,*,*,*,*,*,*,*,*,*,*,*,*,*,*,*,*,*,*,*,*,*,*,*,*,*,*,*,*,*,*,*,*,*,*,*
53387099,0,,,198,107,91,118,79,39,4,1,3,56,12,44,21,18,3,1,0,1,19,11,8,0,0,0,10,5,5,0,0,0,9,6,3,32,9,23,20,6,14,8,1,7,2,1,1,2,1,1,356,171,185,53,20,33,151,64,87,50,11,39,67,56,11,88,56,32,17,9,8,52,28,24,26,11,15,56,19,37,168,68,100,3,3,116,47,234,222,12,11,3,0,178,4,9
53387106,0,,,105,57,48,63,43,20,0,0,0,36,11,25,19,17,2,5,2,3,6,3,3,0,0,0,4,2,2,0,0,0,2,1,1,32,17,15,23,12,11,4,2,2,0,0,0,5,3,2,228,116,112,34,14,20,119,66,53,40,10,30,30,23,7,77,57,20,3,2,1,14,6,8,16,7,9,40,17,23,112,44,68,4,6,65,24,138,129,9,2,10,0,106,0,3
53387107,0,,,68,41,27,39,30,9,2,2,0,18,1,17,8,7,1,4,2,2,8,5,3,0,0,0,6,3,3,0,0,0,2,2,0,9,4,5,6,4,2,1,0,1,1,0,1,1,0,1,126,70,56,22,11,11,66,38,28,14,5,9,21,14,7,24,18,6,3,3,0,10,7,3,21,11,10,19,9,10,66,31,35,3,1,43,11,86,83,3,9,3,0,60,0,0
53387108,0,,,492,261,231,318,201,117,7,4,3,137,33,104,25,17,8,11,1,10,49,27,22,0,0,0,31,15,16,0,0,0,18,12,6,175,98,77,112,65,47,54,30,24,5,0,5,4,3,1,754,367,387,70,30,40,295,131,164,137,52,85,208,128,80,124,79,45,79,39,40,174,86,88,127,65,62,203,99,104,237,103,134,14,8,300,110,593,530,63,38,54,1,429,3,19
53387109,0,,,373,203,170,237,156,81,4,3,1,114,29,85,45,35,10,16,3,13,41,19,22,0,0,0,20,10,10,0,0,0,21,9,12,87,43,44,58,30,28,22,11,11,1,0,1,6,2,4,667,334,333,63,33,30,302,149,153,133,44,89,157,103,54,101,53,48,66,36,30,158,85,73,62,29,33,108,53,55,296,138,158,18,16,257,77,466,435,31,59,30,1,325,0,14
53387115,2,53387116,,*,*,*,*,*,*,*,*,*,*,*,*,*,*,*,*,*,*,*,*,*,*,*,*,*,*,*,*,*,*,*,*,*,*,*,*,*,*,*,*,*,*,*,*,*,*,*,*,*,*,*,*,*,*,*,*,*,*,*,*,*,*,*,*,*,*,*,*,*,*,*,*,*,*,*,*,*,*,*,*,*,*,*,*,*,*,*,*,*,*,*,*,*,*
53387116,1,,53387115,157,87,70,110,71,39,0,0,0,37,8,29,31,26,5,18,2,16,17,8,9,0,0,0,12,4,8,0,0,0,5,4,1,46,21,25,31,11,20,10,6,4,3,2,1,2,2,0,325,163,162,37,16,21,178,94,84,49,15,34,59,37,22,112,79,33,11,6,5,22,12,10,35,16,19,57,30,27,151,49,102,16,11,90,40,223,206,17,10,16,1,154,0,3
53387117,2,53387118,,*,*,*,*,*,*,*,*,*,*,*,*,*,*,*,*,*,*,*,*,*,*,*,*,*,*,*,*,*,*,*,*,*,*,*,*,*,*,*,*,*,*,*,*,*,*,*,*,*,*,*,*,*,*,*,*,*,*,*,*,*,*,*,*,*,*,*,*,*,*,*,*,*,*,*,*,*,*,*,*,*,*,*,*,*,*,*,*,*,*,*,*,*,*
53387118,1,,53387117,225,122,103,155,98,57,1,1,0,54,9,45,26,23,3,15,4,11,42,22,20,0,0,0,25,16,9,0,0,0,17,6,11,66,34,32,44,23,21,20,10,10,1,1,0,1,0,1,365,180,185,45,22,23,140,72,68,76,24,52,92,55,37,70,43,27,24,13,11,81,39,42,38,20,18,96,47,49,146,64,82,8,7,130,24,294,267,27,21,28,1,210,0,11
53387119,0,,,58,36,22,36,28,8,2,2,0,14,1,13,12,10,2,10,3,7,2,1,1,0,0,0,2,1,1,0,0,0,0,0,0,18,13,5,14,11,3,4,2,2,0,0,0,0,0,0,112,58,54,19,6,13,50,25,25,22,10,12,21,17,4,28,19,9,3,3,0,6,5,1,20,11,9,15,9,6,60,25,35,8,5,27,8,84,80,4,6,4,0,48,1,1
53387125,0,,,89,55,34,53,39,14,1,1,0,32,12,20,14,9,5,6,0,6,9,7,2,1,0,1,7,7,0,0,0,0,1,0,1,24,15,9,12,8,4,4,3,1,1,1,0,7,3,4,199,101,98,43,18,25,98,53,45,24,8,16,25,18,7,37,28,9,9,7,2,21,14,7,20,10,10,31,15,16,114,49,65,5,5,52,29,119,109,10,2,9,2,81,0,2
53387126,0,,,70,35,35,41,24,17,1,1,0,25,7,18,9,7,2,4,0,4,10,4,6,1,0,1,6,3,3,0,0,0,3,1,2,11,5,6,6,4,2,4,1,3,1,0,1,0,0,0,124,56,68,9,4,5,86,38,48,11,5,6,13,7,6,17,7,10,12,5,7,18,10,8,14,7,7,39,17,22,45,19,26,4,1,38,14,88,83,5,5,6,0,65,0,2
53387127,0,,,65,31,34,41,23,18,1,0,1,20,6,14,13,8,5,6,1,5,6,5,1,0,0,0,4,3,1,0,0,0,2,2,0,14,10,4,6,4,2,6,4,2,0,0,0,2,2,0,126,55,71,17,9,8,68,26,42,22,6,16,15,11,4,33,21,12,3,0,3,12,9,3,17,9,8,25,11,14,56,20,36,1,5,38,10,91,84,7,3,7,0,66,1,0
53387128,0,,,156,83,73,90,50,40,8,6,2,46,19,27,22,16,6,7,1,6,14,8,6,2,1,1,9,4,5,0,0,0,3,3,0,35,14,21,23,11,12,8,1,7,1,0,1,3,2,1,324,143,181,69,22,47,141,65,76,57,22,35,53,32,21,32,17,15,35,20,15,81,30,51,60,22,38,74,35,39,88,39,49,6,6,102,51,198,185,13,6,9,1,147,1,10
53387129,0,,,48,26,22,29,17,12,0,0,0,17,7,10,9,9,0,10,3,7,8,1,7,0,0,0,5,0,5,0,0,0,3,1,2,18,8,10,15,7,8,3,1,2,0,0,0,0,0,0,79,46,33,4,2,2,36,21,15,17,7,10,18,13,5,16,10,6,7,4,3,17,8,9,13,7,6,30,16,14,20,8,12,11,1,26,6,71,68,3,1,3,1,42,0,1
53387134,0,,,73,45,28,45,31,14,4,2,2,20,8,12,7,5,2,2,0,2,2,1,1,0,0,0,1,0,1,0,0,0,1,1,0,11,5,6,6,3,3,4,1,3,1,1,0,0,0,0,143,71,72,32,13,19,69,36,33,23,6,17,17,14,3,28,21,7,1,0,1,9,5,4,13,7,6,14,8,6,91,36,55,2,0,39,17,89,83,6,2,6,1,64,0,0
53387135,0,,,313,165,148,203,137,66,10,7,3,86,11,75,28,22,6,10,3,7,36,19,17,0,0,0,24,15,9,0,0,0,12,4,8,98,58,40,69,40,29,16,10,6,3,1,2,10,7,3,574,277,297,72,24,48,273,132,141,109,42,67,88,61,27,123,91,32,46,23,23,73,38,35,72,36,36,118,52,66,271,112,159,5,16,171,74,384,355,29,6,30,5,297,2,2
53387136,0,,,54,30,24,33,25,8,0,0,0,21,5,16,8,6,2,5,1,4,6,1,5,2,0,2,4,1,3,0,0,0,0,0,0,18,11,7,14,9,5,1,1,0,0,0,0,3,1,2,98,56,42,10,3,7,47,26,21,17,9,8,17,12,5,13,7,6,4,3,1,29,20,9,13,6,7,27,15,12,31,12,19,3,1,42,9,77,72,5,17,0,1,38,0,2
53387137,0,,,51,23,28,30,19,11,0,0,0,20,3,17,7,6,1,4,1,3,3,2,1,0,0,0,3,2,1,0,0,0,0,0,0,14,5,9,8,4,4,5,1,4,0,0,0,1,0,1,77,38,39,8,2,6,36,18,18,11,5,6,16,9,7,17,9,8,1,0,1,29,16,13,6,2,4,22,10,12,11,3,8,4,4,30,8,71,66,5,8,4,0,38,0,9
53387138,0,,,2,1,1,2,1,1,0,0,0,0,0,0,3,2,1,1,0,1,1,0,1,0,0,0,1,0,1,0,0,0,0,0,0,1,1,0,1,1,0,0,0,0,0,0,0,0,0,0,8,4,4,3,1,2,4,2,2,1,1,0,0,0,0,2,1,1,0,0,0,0,0,0,3,2,1,0,0,0,5,2,3,2,0,1,1,6,6,0,0,0,0,3,0,0
53387139,0,,,53,28,25,24,14,10,1,1,0,11,2,9,17,14,3,7,2,5,3,1,2,0,0,0,2,0,2,0,0,0,1,1,0,11,6,5,8,5,3,2,0,2,0,0,0,1,1,0,107,53,54,17,5,12,52,27,25,13,5,8,22,14,8,37,27,10,7,4,3,5,3,2,5,3,2,15,6,9,52,17,35,4,5,26,8,81,77,4,4,4,0,47,0,0
53387144,0,,,193,98,95,107,74,33,8,4,4,66,13,53,24,23,1,11,2,9,12,4,8,0,0,0,9,4,5,0,0,0,3,0,3,62,36,26,40,24,16,15,8,7,1,1,0,6,3,3,423,201,222,100,43,57,211,101,110,48,19,29,43,29,14,86,56,30,18,9,9,31,17,14,31,13,18,74,39,35,256,107,149,4,6,122,56,268,247,21,6,18,1,188,0,6
53387145,0,,,63,32,31,27,17,10,0,0,0,34,13,21,5,4,1,1,1,0,56,33,23,0,0,0,4,3,1,0,0,0,52,30,22,10,4,6,9,4,5,1,0,1,0,0,0,0,0,0,259,133,126,96,44,52,123,64,59,16,6,10,23,18,5,15,9,6,19,15,4,53,29,24,50,30,20,55,30,25,133,57,76,2,3,35,21,71,70,1,10,2,1,52,1,0
53387146,0,,,64,40,24,42,28,14,3,2,1,16,8,8,9,6,3,5,3,2,0,0,0,0,0,0,0,0,0,0,0,0,0,0,0,18,11,7,9,5,4,6,4,2,1,0,1,2,2,0,115,63,52,9,2,7,60,33,27,25,12,13,16,14,2,44,31,13,2,1,1,0,0,0,2,1,1,30,18,12,55,23,32,3,3,33,9,87,78,9,3,8,0,70,0,2
53387147,0,,,108,54,54,65,37,28,2,2,0,36,10,26,17,14,3,11,3,8,8,5,3,0,0,0,5,3,2,0,0,0,3,2,1,28,11,17,17,7,10,8,4,4,2,0,2,1,0,1,195,98,97,27,15,12,101,50,51,30,8,22,32,23,9,39,24,15,3,2,1,17,8,9,15,8,7,33,14,19,123,58,65,5,8,57,19,149,136,13,5,10,1,115,0,5
53387148,0,,,167,80,87,94,56,38,5,3,2,54,12,42,67,61,6,69,17,52,30,21,9,4,3,1,16,11,5,0,0,0,10,7,3,67,30,37,54,25,29,11,5,6,0,0,0,2,0,2,433,198,235,86,29,57,208,92,116,75,29,46,60,46,14,178,124,54,23,8,15,72,30,42,45,17,28,50,17,33,160,52,108,50,27,59,24,322,303,19,14,11,0,160,1,3
53387149,0,,,179,91,88,103,66,37,3,2,1,60,13,47,72,64,8,71,17,54,18,12,6,1,1,0,8,5,3,0,0,0,9,6,3,40,17,23,24,9,15,12,6,6,2,1,1,2,1,1,438,210,228,64,16,48,225,114,111,73,28,45,62,45,17,168,116,52,12,3,9,30,13,17,33,13,20,43,16,27,199,72,127,44,33,61,32,344,324,20,3,10,2,189,0,7
53387152,0,,,5,3,2,3,1,2,0,0,0,2,2,0,1,1,0,0,0,0,0,0,0,0,0,0,0,0,0,0,0,0,0,0,0,0,0,0,0,0,0,0,0,0,0,0,0,0,0,0,22,10,12,7,2,5,9,3,6,1,1,0,4,3,1,1,1,0,0,0,0,6,3,3,3,0,3,9,5,4,3,1,2,0,0,5,7,6,6,0,0,0,0,6,0,0
53387153,0,,,37,19,18,21,13,8,0,0,0,13,3,10,4,4,0,1,0,1,1,1,0,0,0,0,0,0,0,0,0,0,1,1,0,14,5,9,7,3,4,4,1,3,1,0,1,2,1,1,64,31,33,10,3,7,26,15,11,15,4,11,10,7,3,17,11,6,3,2,1,2,1,1,10,5,5,10,2,8,37,16,21,3,2,16,7,50,42,8,3,6,1,35,0,0
53387154,0,,,91,48,43,60,39,21,2,2,0,28,6,22,18,14,4,4,1,3,6,4,2,0,0,0,3,2,1,0,0,0,3,2,1,31,14,17,20,10,10,9,3,6,0,0,0,2,1,1,174,92,82,39,20,19,86,47,39,23,6,17,18,15,3,74,53,21,8,3,5,9,5,4,15,5,10,30,13,17,73,31,42,3,7,36,20,123,113,10,5,8,1,92,1,5
53387155,0,,,46,27,19,30,21,9,0,0,0,16,6,10,13,12,1,13,1,12,5,4,1,1,1,0,2,1,1,0,0,0,2,2,0,9,3,6,7,3,4,1,0,1,1,0,1,0,0,0,196,76,120,50,24,26,65,30,35,13,5,8,18,11,7,30,19,11,15,5,10,41,7,34,27,6,21,24,11,13,73,35,38,5,4,30,6,75,73,2,0,2,0,46,0,0
53387156,0,,,202,104,98,118,77,41,4,4,0,72,15,57,37,28,9,9,2,7,31,17,14,1,0,1,20,13,7,0,0,0,10,4,6,78,32,46,59,25,34,16,6,10,0,0,0,3,1,2,337,166,171,34,16,18,161,80,81,73,24,49,66,45,21,100,59,41,3,2,1,71,37,34,44,16,28,82,33,49,145,68,77,8,16,107,23,271,252,19,11,18,3,198,1,5
53387157,0,,,359,188,171,213,140,73,7,2,5,117,29,88,79,64,15,47,7,40,49,23,26,2,1,1,28,11,17,0,0,0,19,11,8,126,77,49,94,58,36,24,16,8,3,1,2,5,2,3,696,343,353,100,48,52,331,151,180,126,50,76,108,80,28,191,127,64,41,19,22,92,45,47,92,50,42,134,67,67,303,126,177,38,29,193,68,521,488,33,21,24,6,334,2,10
53387158,0,,,158,88,70,100,73,27,1,1,0,50,7,43,21,16,5,7,2,5,23,12,11,0,0,0,14,8,6,0,0,0,9,4,5,69,45,24,56,37,19,11,7,4,0,0,0,2,1,1,270,134,136,23,8,15,103,53,50,59,20,39,77,50,27,46,33,13,26,12,14,52,28,24,92,45,47,54,29,25,88,42,46,8,8,87,28,204,190,14,6,10,2,158,0,11
53387159,0,,,110,60,50,74,48,26,2,1,1,23,4,19,31,20,11,14,5,9,9,6,3,1,0,1,6,4,2,0,0,0,2,2,0,61,29,32,42,20,22,13,7,6,2,1,1,4,1,3,224,110,114,11,5,6,73,34,39,55,21,34,78,47,31,21,13,8,6,3,3,30,14,16,80,35,45,89,46,43,62,31,31,10,3,66,25,174,156,18,0,16,1,110,0,4
53387162,0,,,51,27,24,31,19,12,1,0,1,12,3,9,3,3,0,0,0,0,4,1,3,0,0,0,0,0,0,0,0,0,4,1,3,11,4,7,6,1,5,4,2,2,0,0,0,1,1,0,91,48,43,8,3,5,49,28,21,17,4,13,11,9,2,12,7,5,1,0,1,6,3,3,10,5,5,23,8,15,47,26,21,1,1,27,10,59,54,5,6,4,0,47,0,2
53387163,0,,,9,3,6,5,1,4,0,0,0,2,0,2,1,1,0,2,1,1,0,0,0,0,0,0,0,0,0,0,0,0,0,0,0,0,0,0,0,0,0,0,0,0,0,0,0,0,0,0,20,8,12,5,3,2,7,2,5,4,0,4,4,3,1,4,3,1,0,0,0,0,0,0,0,0,0,0,0,0,16,5,11,0,1,5,2,12,12,0,0,1,0,7,0,0
53387164,0,,,93,42,51,46,26,20,2,2,0,34,8,26,11,7,4,1,1,0,6,1,5,0,0,0,2,1,1,0,0,0,4,0,4,16,9,7,10,5,5,5,3,2,1,1,0,0,0,0,178,82,96,22,9,13,102,49,53,32,8,24,20,15,5,21,11,10,9,4,5,4,2,2,20,9,11,20,7,13,126,59,67,0,0,54,24,111,105,6,2,4,0,99,0,2
53387165,0,,,198,116,82,129,85,44,2,1,1,52,18,34,51,39,12,27,1,26,26,15,11,0,0,0,13,7,6,1,0,1,12,8,4,43,19,24,25,10,15,14,8,6,2,0,2,2,1,1,414,211,203,77,31,46,219,116,103,59,23,36,50,37,13,178,124,54,16,10,6,28,12,16,10,5,5,51,22,29,200,72,128,15,24,94,42,297,277,20,13,9,2,208,0,5
53387166,0,,,49,22,27,25,13,12,0,0,0,19,4,15,9,8,1,3,1,2,11,5,6,0,0,0,10,4,6,0,0,0,1,1,0,7,5,2,5,5,0,2,0,2,0,0,0,0,0,0,83,42,41,10,6,4,42,20,22,15,6,9,14,9,5,18,10,8,17,9,8,18,9,9,8,5,3,8,3,5,31,16,15,1,2,32,5,64,61,3,1,2,0,53,0,1
53387167,0,,,246,130,116,147,96,51,4,1,3,81,22,59,46,36,10,34,8,26,40,22,18,4,2,2,24,12,12,0,0,0,12,8,4,82,46,36,50,30,20,21,10,11,3,2,1,8,4,4,448,221,227,53,21,32,201,96,105,81,32,49,97,64,33,149,99,50,24,8,16,60,37,23,56,26,30,59,29,30,211,84,127,23,22,126,33,367,336,31,11,16,1,242,0,8
53387168,0,,,46,23,23,27,17,10,0,0,0,18,5,13,18,16,2,15,5,10,4,2,2,0,0,0,1,1,0,0,0,0,3,1,2,21,9,12,16,7,9,4,2,2,1,0,1,0,0,0,110,52,58,20,8,12,60,33,27,13,2,11,12,7,5,42,31,11,1,1,0,15,7,8,8,2,6,11,3,8,50,15,35,12,7,18,7,85,81,4,1,3,0,43,1,1
53387169,0,,,58,30,28,44,23,21,1,1,0,10,4,6,11,6,5,5,0,5,4,3,1,0,0,0,1,0,1,0,0,0,3,3,0,17,8,9,14,6,8,1,0,1,0,0,0,2,2,0,121,57,64,9,5,4,53,23,30,25,10,15,33,19,14,15,10,5,17,9,8,27,7,20,12,6,6,33,16,17,37,20,17,9,3,31,19,77,75,2,1,2,0,44,0,0
53387170,0,,,2,1,1,2,1,1,0,0,0,0,0,0,2,1,1,0,0,0,0,0,0,0,0,0,0,0,0,0,0,0,0,0,0,0,0,0,0,0,0,0,0,0,0,0,0,0,0,0,16,9,7,0,0,0,7,4,3,2,0,2,3,2,1,0,0,0,0,0,0,0,0,0,6,3,3,1,1,0,5,2,3,0,1,2,5,4,4,0,0,0,0,2,0,0
53387171,2,53387181,,*,*,*,*,*,*,*,*,*,*,*,*,*,*,*,*,*,*,*,*,*,*,*,*,*,*,*,*,*,*,*,*,*,*,*,*,*,*,*,*,*,*,*,*,*,*,*,*,*,*,*,*,*,*,*,*,*,*,*,*,*,*,*,*,*,*,*,*,*,*,*,*,*,*,*,*,*,*,*,*,*,*,*,*,*,*,*,*,*,*,*,*,*,*
53387172,0,,,652,360,292,433,292,141,11,4,7,181,42,139,63,49,14,28,6,22,121,69,52,4,2,2,66,38,28,2,2,0,49,27,22,249,131,118,187,94,93,43,25,18,8,1,7,11,11,0,1155,564,591,148,58,90,469,219,250,216,76,140,247,171,76,206,136,70,78,37,41,275,130,145,278,136,142,239,119,120,368,163,205,9,21,415,147,800,749,51,23,39,6,612,8,26
53387173,0,,,437,234,203,258,176,82,7,4,3,154,40,114,59,44,15,14,1,13,56,29,27,0,0,0,35,18,17,0,0,0,21,11,10,150,76,74,102,58,44,30,9,21,7,3,4,11,6,5,899,430,469,136,62,74,460,222,238,167,57,110,105,73,32,177,110,67,24,11,13,101,48,53,166,91,75,139,63,76,479,203,276,8,6,277,142,560,514,46,13,36,2,450,2,23
53387174,0,,,367,201,166,213,148,65,8,5,3,123,28,95,40,33,7,23,6,17,41,16,25,0,0,0,23,8,15,0,0,0,18,8,10,79,31,48,48,19,29,21,9,12,2,0,2,8,3,5,684,343,341,100,51,49,335,150,185,115,45,70,121,90,31,144,77,67,14,10,4,86,45,41,100,50,50,100,42,58,357,164,193,18,11,206,93,470,436,34,16,26,2,356,1,4
53387175,0,,,149,86,63,99,67,32,4,1,3,37,10,27,37,31,6,23,3,20,28,17,11,1,0,1,18,10,8,0,0,0,9,7,2,61,30,31,42,19,23,15,8,7,0,0,0,4,3,1,334,167,167,58,20,38,184,98,86,41,16,25,43,30,13,131,100,31,6,3,3,19,12,7,44,18,26,74,32,42,149,49,100,15,11,81,31,230,211,19,3,14,1,151,1,2
53387176,0,,,58,32,26,34,19,15,0,0,0,16,8,8,11,8,3,7,1,6,6,1,5,0,0,0,5,1,4,0,0,0,1,0,1,16,9,7,12,8,4,3,0,3,1,1,0,0,0,0,130,63,67,30,14,16,64,34,30,15,2,13,16,10,6,41,30,11,9,3,6,16,8,8,10,4,6,17,7,10,59,21,38,3,3,36,12,80,77,3,3,3,0,57,0,1
53387177,0,,,243,120,123,139,87,52,4,1,3,91,25,66,64,53,11,41,9,32,29,12,17,2,2,0,16,8,8,1,1,0,10,1,9,62,29,33,40,18,22,17,9,8,3,1,2,2,1,1,525,258,267,79,36,43,264,128,136,89,34,55,74,51,23,172,117,55,10,3,7,41,17,24,37,20,17,75,33,42,276,106,170,33,19,130,46,375,351,24,11,14,3,237,0,12
53387178,0,,,33,18,15,23,15,8,0,0,0,10,3,7,24,22,2,18,3,15,6,3,3,1,1,0,4,1,3,0,0,0,1,1,0,14,7,7,10,7,3,3,0,3,0,0,0,1,0,1,114,57,57,14,8,6,64,25,39,11,6,5,25,18,7,54,37,17,0,0,0,7,4,3,2,1,1,26,14,12,45,11,34,13,6,14,8,81,75,6,2,2,1,32,0,0
53387179,0,,,11,6,5,3,2,1,0,0,0,7,3,4,4,3,1,0,0,0,3,3,0,0,0,0,1,1,0,0,0,0,2,2,0,6,1,5,4,1,3,2,0,2,0,0,0,0,0,0,19,9,10,2,1,1,6,1,5,3,1,2,8,6,2,2,2,0,3,2,1,7,3,4,4,1,3,6,2,4,6,3,3,2,1,6,2,17,15,2,0,2,0,12,0,0
53387180,0,,,5,4,1,3,3,0,0,0,0,2,1,1,2,1,1,1,0,1,1,0,1,0,0,0,1,0,1,0,0,0,0,0,0,2,1,1,1,0,1,1,1,0,0,0,0,0,0,0,16,8,8,6,3,3,4,3,1,2,0,2,1,1,0,5,1,4,0,0,0,0,0,0,2,1,1,4,2,2,8,5,3,0,0,4,1,10,8,2,4,0,0,4,0,1
53387181,1,,53387171,482,276,206,301,197,104,9,6,3,123,36,87,51,42,9,24,6,18,66,37,29,1,1,0,25,17,8,2,1,1,38,18,20,95,53,42,55,30,25,21,12,9,7,2,5,12,9,3,867,433,434,85,42,43,373,173,200,154,42,112,215,157,58,195,131,64,50,30,20,174,87,87,105,53,52,127,62,65,335,138,197,13,15,300,113,595,560,35,36,28,4,437,1,16
53387182,0,,,1075,567,508,665,426,239,16,6,10,307,67,240,93,72,21,32,9,23,141,58,83,7,3,4,75,33,42,9,2,7,50,20,30,387,170,217,208,93,115,121,41,80,12,3,9,46,33,13,2071,967,1104,234,92,142,908,416,492,342,98,244,407,288,119,369,220,149,166,71,95,460,211,249,359,156,203,312,142,170,782,324,458,8,8,692,406,1360,1208,152,95,85,10,945,13,71
53387183,0,,,1334,652,682,781,482,299,42,17,25,428,94,334,104,80,24,34,6,28,209,109,100,3,1,2,123,67,56,4,2,2,79,39,40,467,236,231,316,162,154,125,62,63,10,4,6,16,8,8,2320,1066,1254,370,148,222,1122,511,611,385,116,269,336,236,100,359,204,155,131,58,73,552,237,315,518,240,278,570,262,308,830,387,443,14,23,827,293,1634,1489,145,85,110,11,1255,2,49
53387184,0,,,901,474,427,603,392,211,20,7,13,238,45,193,73,59,14,28,9,19,156,74,82,0,0,0,89,42,47,2,2,0,65,30,35,334,156,178,190,102,88,73,37,36,51,6,45,20,11,9,1537,734,803,198,90,108,610,286,324,297,88,209,338,222,116,251,141,110,184,80,104,342,144,198,300,132,168,365,183,182,526,246,280,15,13,570,204,1154,1005,149,118,58,3,841,7,31
53387185,0,,,983,539,444,638,432,206,17,7,10,285,66,219,101,76,25,37,9,28,130,79,51,4,3,1,70,46,24,4,3,1,52,27,25,439,226,213,284,150,134,126,62,64,10,4,6,18,9,9,1559,783,776,162,81,81,663,317,346,330,114,216,296,208,88,316,199,117,72,34,38,251,136,115,272,138,134,622,310,312,542,239,303,20,22,578,154,1281,1127,154,51,108,4,977,8,45
53387186,0,,,479,250,229,298,189,109,5,2,3,143,33,110,65,57,8,29,2,27,47,18,29,0,0,0,30,11,19,0,0,0,17,7,10,149,76,73,98,54,44,42,19,23,3,0,3,6,3,3,873,416,457,107,51,56,406,187,219,156,48,108,145,105,40,252,164,88,13,6,7,95,44,51,90,41,49,207,100,107,373,139,234,17,19,264,96,625,578,47,29,30,3,478,6,11
53387187,0,,,70,32,38,46,26,20,3,0,3,18,3,15,18,13,5,12,1,11,8,6,2,0,0,0,4,4,0,0,0,0,4,2,2,18,9,9,16,7,9,1,1,0,0,0,0,1,1,0,138,59,79,17,2,15,71,32,39,19,4,15,23,17,6,49,34,15,1,0,1,5,2,3,15,6,9,14,6,8,75,24,51,12,7,29,9,102,100,2,4,1,0,68,0,1
53387188,0,,,114,62,52,78,48,30,3,2,1,29,9,20,41,34,7,20,1,19,10,4,6,0,0,0,6,2,4,0,0,0,4,2,2,33,20,13,20,13,7,12,7,5,1,0,1,0,0,0,289,134,155,62,19,43,134,66,68,41,14,27,31,24,7,103,71,32,7,2,5,23,8,15,21,6,15,37,16,21,134,50,84,22,16,49,33,187,175,12,2,8,0,119,2,3
53387189,0,,,47,24,23,30,20,10,0,0,0,15,2,13,3,3,0,0,0,0,7,4,3,0,0,0,4,3,1,0,0,0,3,1,2,19,13,6,13,9,4,5,4,1,0,0,0,1,0,1,110,56,54,6,3,3,23,11,12,17,2,15,38,26,12,7,3,4,0,0,0,21,14,7,19,9,10,59,34,25,11,6,5,1,0,32,27,61,56,5,4,3,0,46,0,0
53387190,0,,,666,349,317,425,265,160,9,5,4,188,49,139,68,48,20,28,5,23,68,38,30,2,0,2,36,15,21,5,4,1,25,19,6,178,99,79,114,61,53,41,21,20,6,2,4,17,15,2,1222,576,646,144,69,75,547,238,309,234,77,157,231,158,73,259,165,94,80,39,41,214,97,117,177,91,86,241,119,122,480,192,288,14,13,433,190,828,766,62,34,36,5,635,3,50
53387191,0,,,1082,647,435,726,480,246,17,11,6,248,82,166,91,70,21,34,4,30,150,82,68,6,2,4,43,23,20,40,24,16,61,33,28,369,217,152,210,109,101,62,33,29,9,3,6,88,72,16,1828,962,866,137,56,81,721,368,353,296,92,204,479,334,145,301,196,105,194,115,79,621,347,274,347,186,161,333,172,161,420,175,245,7,9,786,434,1317,1216,101,101,80,20,912,8,70
53387192,0,,,1185,653,532,711,450,261,23,12,11,323,96,227,137,92,45,43,8,35,115,50,65,7,2,5,48,20,28,11,9,2,49,19,30,491,312,179,244,129,115,103,60,43,8,4,4,136,119,17,2373,1132,1241,279,97,182,884,398,486,385,110,275,590,407,183,419,271,148,181,97,84,496,257,239,350,171,179,402,184,218,875,385,490,5,6,803,477,1561,1372,189,183,127,48,894,5,116
53387193,0,,,663,373,290,363,233,130,17,8,9,234,96,138,77,61,16,31,5,26,61,34,27,3,3,0,34,20,14,4,1,3,20,10,10,392,293,99,83,41,42,131,108,23,12,4,8,166,140,26,1192,587,605,108,49,59,527,240,287,214,80,134,264,175,89,247,160,87,128,94,34,370,251,119,128,61,67,199,99,100,518,218,300,6,5,466,294,1018,777,241,207,41,50,516,6,103
53387194,0,,,758,404,354,499,318,181,19,11,8,201,43,158,86,69,17,40,9,31,113,59,54,5,2,3,70,33,37,0,0,0,38,24,14,234,113,121,147,74,73,55,22,33,9,3,6,23,14,9,1403,693,710,167,73,94,629,313,316,240,69,171,259,187,72,257,158,99,75,38,37,241,116,125,188,94,94,291,136,155,662,305,357,17,8,472,185,982,900,82,46,53,8,755,5,21
53387195,0,,,858,467,391,512,341,171,18,11,7,284,77,207,84,58,26,16,5,11,94,59,35,4,3,1,57,37,20,1,0,1,32,19,13,295,150,145,199,96,103,65,37,28,10,4,6,21,13,8,1522,759,763,177,88,89,691,333,358,265,94,171,237,166,71,232,136,96,68,33,35,155,78,77,209,101,108,370,183,187,806,403,403,7,15,507,184,1065,971,94,29,62,5,884,9,19
53387196,0,,,461,240,221,282,184,98,7,4,3,141,28,113,53,39,14,14,1,13,66,35,31,0,0,0,37,18,19,1,0,1,28,17,11,151,86,65,107,57,50,38,27,11,3,1,2,3,1,2,762,368,394,76,35,41,355,174,181,135,38,97,145,95,50,131,75,56,53,26,27,132,66,66,136,67,69,184,87,97,315,149,166,14,14,262,70,577,538,39,14,26,4,469,3,14
53387197,0,,,38,17,21,21,14,7,1,0,1,16,3,13,18,15,3,3,0,3,8,4,4,0,0,0,3,1,2,0,0,0,5,3,2,14,8,6,10,6,4,3,2,1,1,0,1,0,0,0,86,41,45,12,5,7,53,27,26,10,4,6,7,5,2,32,23,9,1,1,0,5,3,2,8,4,4,14,5,9,46,17,29,4,5,22,9,65,60,5,0,0,0,45,0,1
53387198,0,,,226,111,115,120,77,43,6,0,6,79,18,61,47,40,7,26,3,23,28,18,10,0,0,0,16,10,6,2,1,1,10,7,3,51,28,23,42,20,22,7,6,1,0,0,0,2,2,0,472,224,248,73,33,40,226,95,131,74,31,43,74,53,21,135,82,53,9,5,4,33,18,15,46,24,22,63,32,31,240,97,143,23,17,110,62,308,299,9,3,5,2,223,2,5
53387199,0,,,59,28,31,33,22,11,3,0,3,21,4,17,7,6,1,3,0,3,1,1,0,0,0,0,0,0,0,0,0,0,1,1,0,20,11,9,12,6,6,7,4,3,0,0,0,1,1,0,91,42,49,13,7,6,44,18,26,14,5,9,16,10,6,17,8,9,1,0,1,9,3,6,15,10,5,26,15,11,40,16,24,1,4,29,10,75,69,6,0,3,0,62,0,3
53387200,0,,,90,42,48,49,28,21,1,0,1,29,4,25,13,12,1,11,2,9,6,1,5,1,1,0,4,0,4,0,0,0,1,0,1,20,11,9,13,6,7,6,4,2,0,0,0,1,1,0,170,75,95,22,8,14,82,32,50,27,11,16,36,24,12,44,30,14,9,3,6,14,6,8,21,10,11,9,1,8,99,37,62,7,11,37,14,122,114,8,3,9,0,77,0,3
53387201,0,,,32,18,14,19,13,6,0,0,0,11,4,7,4,4,0,2,0,2,3,1,2,0,0,0,2,1,1,0,0,0,1,0,1,7,2,5,4,1,3,2,1,1,1,0,1,0,0,0,68,32,36,9,5,4,37,16,21,9,3,6,12,7,5,8,7,1,0,0,0,17,8,9,8,4,4,16,7,9,29,9,20,1,2,16,11,41,38,3,1,3,0,32,0,1
53387202,0,,,9,5,4,5,4,1,0,0,0,4,1,3,0,0,0,0,0,0,1,0,1,0,0,0,1,0,1,0,0,0,0,0,0,5,3,2,5,3,2,0,0,0,0,0,0,0,0,0,15,7,8,1,1,0,7,3,4,3,1,2,4,2,2,6,3,3,1,0,1,0,0,0,0,0,0,13,7,6,1,0,1,0,0,4,1,9,9,0,0,0,0,9,0,0
53387203,0,,,11,8,3,7,5,2,0,0,0,1,0,1,3,3,0,2,0,2,3,0,3,0,0,0,3,0,3,0,0,0,0,0,0,0,0,0,0,0,0,0,0,0,0,0,0,0,0,0,36,19,17,1,1,0,12,6,6,6,4,2,12,6,6,1,0,1,1,1,0,9,4,5,8,4,4,9,4,5,6,4,2,2,0,7,9,16,16,0,0,0,0,5,0,0
53387210,0,,,51,24,27,32,18,14,3,2,1,13,2,11,20,14,6,8,1,7,4,3,1,0,0,0,1,0,1,1,1,0,2,2,0,20,13,7,17,11,6,2,2,0,0,0,0,1,0,1,107,50,57,14,7,7,42,18,24,18,4,14,26,18,8,16,13,3,0,0,0,30,17,13,9,6,3,30,13,17,45,16,29,7,4,29,9,82,79,3,1,3,0,51,2,0
53387211,0,,,21,9,12,10,6,4,0,0,0,10,2,8,2,1,1,1,0,1,2,0,2,0,0,0,2,0,2,0,0,0,0,0,0,7,1,6,2,0,2,2,0,2,2,0,2,1,1,0,31,15,16,0,0,0,16,8,8,8,4,4,7,3,4,2,0,2,4,2,2,11,3,8,1,0,1,8,3,5,14,8,6,4,0,10,5,28,24,4,1,4,0,21,0,0
53387212,0,,,69,33,36,27,15,12,2,1,1,34,11,23,16,10,6,3,1,2,2,0,2,1,0,1,1,0,1,0,0,0,0,0,0,35,18,17,24,11,13,10,6,4,0,0,0,1,1,0,168,80,88,6,4,2,64,27,37,22,6,16,58,35,23,21,14,7,9,5,4,21,10,11,45,20,25,52,23,29,43,22,21,4,4,47,31,100,92,8,1,8,0,64,0,4
53387220,0,,,62,35,27,33,25,8,1,0,1,27,9,18,18,18,0,6,0,6,11,9,2,2,2,0,6,4,2,0,0,0,3,3,0,20,11,9,16,8,8,4,3,1,0,0,0,0,0,0,133,70,63,16,6,10,71,36,35,18,7,11,22,17,5,44,34,10,0,0,0,9,6,3,16,9,7,30,13,17,63,26,37,12,6,30,12,92,86,6,2,3,1,63,0,1
53387221,1,,53387222,248,131,117,142,91,51,4,1,3,75,17,58,73,67,6,53,9,44,31,12,19,0,0,0,24,10,14,0,0,0,7,2,5,66,29,37,53,24,29,10,4,6,1,0,1,2,1,1,530,258,272,67,15,52,271,139,132,97,33,64,84,64,20,200,134,66,16,9,7,53,25,28,51,21,30,62,22,40,243,87,156,34,29,111,44,389,375,14,15,11,0,239,1,2
53387222,2,53387221,,*,*,*,*,*,*,*,*,*,*,*,*,*,*,*,*,*,*,*,*,*,*,*,*,*,*,*,*,*,*,*,*,*,*,*,*,*,*,*,*,*,*,*,*,*,*,*,*,*,*,*,*,*,*,*,*,*,*,*,*,*,*,*,*,*,*,*,*,*,*,*,*,*,*,*,*,*,*,*,*,*,*,*,*,*,*,*,*,*,*,*,*,*,*
53387230,0,,,13,9,4,5,4,1,0,0,0,3,0,3,5,3,2,1,0,1,0,0,0,0,0,0,0,0,0,0,0,0,0,0,0,0,0,0,0,0,0,0,0,0,0,0,0,0,0,0,31,18,13,1,1,0,11,6,5,4,1,3,14,9,5,0,0,0,5,2,3,3,3,0,4,2,2,7,4,3,11,6,5,1,2,10,5,19,19,0,0,1,0,8,0,1
53387231,0,,,36,20,16,23,16,7,0,0,0,13,4,9,21,17,4,10,1,9,7,5,2,0,0,0,3,3,0,0,0,0,4,2,2,14,5,9,10,4,6,4,1,3,0,0,0,0,0,0,98,49,49,11,5,6,54,30,24,14,2,12,18,12,6,29,21,8,5,2,3,6,4,2,10,4,6,23,10,13,46,18,28,6,6,16,12,73,68,5,0,4,0,48,0,0
53387240,0,,,22,12,10,12,8,4,0,0,0,10,4,6,9,6,3,1,0,1,3,1,2,1,0,1,2,1,1,0,0,0,0,0,0,6,3,3,4,3,1,2,0,2,0,0,0,0,0,0,67,33,34,3,2,1,32,12,20,7,3,4,25,16,9,2,2,0,6,3,3,18,7,11,19,9,10,17,9,8,14,7,7,0,3,18,14,35,33,2,1,1,0,23,1,0
53387250,0,,,68,36,32,44,26,18,0,0,0,20,7,13,24,16,8,1,0,1,13,6,7,2,0,2,5,3,2,0,0,0,6,3,3,30,17,13,24,13,11,3,2,1,0,0,0,3,2,1,170,82,88,4,1,3,50,21,29,31,8,23,79,49,30,20,11,9,11,7,4,51,25,26,48,22,26,44,20,24,36,19,17,2,3,55,31,101,93,8,0,5,2,63,0,1
53387251,0,,,5,5,0,3,3,0,1,1,0,0,0,0,2,2,0,1,0,1,0,0,0,0,0,0,0,0,0,0,0,0,0,0,0,1,0,1,0,0,0,0,0,0,0,0,0,1,0,1,18,10,8,0,0,0,6,4,2,6,1,5,6,5,1,0,0,0,4,2,2,0,0,0,5,2,3,5,3,2,5,3,2,1,0,5,1,10,9,1,0,2,0,3,0,0
53387260,0,,,77,42,35,34,22,12,0,0,0,35,13,22,24,15,9,8,1,7,7,4,3,1,1,0,5,3,2,0,0,0,1,0,1,19,7,12,16,7,9,1,0,1,1,0,1,1,0,1,217,106,111,6,3,3,75,33,42,39,9,30,92,60,32,14,4,10,16,7,9,39,20,19,36,18,18,71,33,38,62,34,28,1,2,63,44,114,112,2,1,3,1,81,0,3
53387261,0,,,100,54,46,49,33,16,1,0,1,37,10,27,65,44,21,26,4,22,16,7,9,2,0,2,11,5,6,0,0,0,3,2,1,22,9,13,15,5,10,4,2,2,1,1,0,2,1,1,289,143,146,10,5,5,101,45,56,49,10,39,120,78,42,8,3,5,27,9,18,65,32,33,46,21,25,78,43,35,100,49,51,0,1,111,40,196,191,5,5,8,4,79,2,1
53387262,0,,,53,25,28,23,12,11,0,0,0,24,8,16,13,11,2,4,0,4,6,3,3,1,0,1,3,2,1,0,0,0,2,1,1,13,7,6,12,7,5,0,0,0,1,0,1,0,0,0,161,78,83,4,2,2,41,17,24,26,2,24,85,55,30,5,3,2,14,7,7,36,17,19,31,14,17,66,34,32,23,11,12,1,1,42,45,73,70,3,1,8,4,45,0,1
53387263,0,,,31,17,14,13,9,4,1,0,1,12,4,8,7,5,2,0,0,0,4,3,1,2,1,1,0,0,0,0,0,0,2,2,0,12,5,7,12,5,7,0,0,0,0,0,0,0,0,0,73,38,35,3,2,1,21,10,11,16,7,9,33,19,14,5,4,1,6,2,4,33,17,16,15,7,8,18,8,10,10,7,3,2,2,22,14,41,39,2,0,2,1,26,0,0
53387270,0,,,6,5,1,2,2,0,0,0,0,3,2,1,4,2,2,0,0,0,4,2,2,1,1,0,0,0,0,0,0,0,3,1,2,0,0,0,0,0,0,0,0,0,0,0,0,0,0,0,30,15,15,1,0,1,6,3,3,5,2,3,16,9,7,1,1,0,0,0,0,9,4,5,2,1,1,9,4,5,13,7,6,0,0,8,7,11,11,0,1,0,0,6,1,0
53387271,0,,,17,10,7,10,8,2,0,0,0,7,2,5,1,1,0,1,0,1,2,1,1,0,0,0,1,0,1,0,0,0,1,1,0,38,25,13,5,1,4,0,0,0,29,20,9,4,4,0,25,11,14,0,0,0,8,2,6,8,4,4,7,4,3,4,1,3,15,11,4,31,17,14,9,4,5,6,4,2,0,0,0,1,0,11,2,51,19,32,40,0,0,2,0,0
53387272,0,,,7,5,2,5,5,0,0,0,0,1,0,1,5,5,0,0,0,0,0,0,0,0,0,0,0,0,0,0,0,0,0,0,0,3,1,2,2,1,1,1,0,1,0,0,0,0,0,0,42,22,20,2,1,1,11,5,6,10,4,6,19,12,7,1,1,0,0,0,0,11,6,5,8,3,5,23,12,11,2,1,1,0,0,9,11,14,13,1,0,1,0,6,0,0
53387273,0,,,10,5,5,6,1,5,1,1,0,3,3,0,4,3,1,1,0,1,1,0,1,0,0,0,0,0,0,0,0,0,1,0,1,1,1,0,1,1,0,0,0,0,0,0,0,0,0,0,46,25,21,1,1,0,14,5,9,3,0,3,18,11,7,2,1,1,5,3,2,7,4,3,10,6,4,12,5,7,11,6,5,0,0,9,23,15,15,0,0,1,0,8,0,0
53387274,1,,53387275,5,4,1,1,1,0,0,0,0,2,1,1,2,1,1,1,0,1,0,0,0,0,0,0,0,0,0,0,0,0,0,0,0,2,1,1,0,0,0,2,1,1,0,0,0,0,0,0,37,21,16,1,1,0,5,2,3,3,0,3,8,5,3,2,1,1,0,0,0,0,0,0,8,4,4,6,2,4,3,2,1,0,0,6,21,10,8,2,0,2,0,6,0,1
53387275,2,53387274,,*,*,*,*,*,*,*,*,*,*,*,*,*,*,*,*,*,*,*,*,*,*,*,*,*,*,*,*,*,*,*,*,*,*,*,*,*,*,*,*,*,*,*,*,*,*,*,*,*,*,*,*,*,*,*,*,*,*,*,*,*,*,*,*,*,*,*,*,*,*,*,*,*,*,*,*,*,*,*,*,*,*,*,*,*,*,*,*,*,*,*,*,*,*
53387276,1,,53387299,1,0,1,0,0,0,1,0,1,0,0,0,2,2,0,0,0,0,0,0,0,0,0,0,0,0,0,0,0,0,0,0,0,0,0,0,0,0,0,0,0,0,0,0,0,0,0,0,11,5,6,0,0,0,4,1,3,1,0,1,4,3,1,0,0,0,0,0,0,0,0,0,2,1,1,5,3,2,2,0,2,1,0,1,6,3,3,0,0,0,0,2,0,0
53387280,0,,,7,5,2,3,2,1,0,0,0,2,2,0,2,2,0,0,0,0,1,0,1,0,0,0,0,0,0,0,0,0,1,0,1,3,2,1,1,1,0,1,0,1,0,0,0,1,1,0,17,9,8,0,0,0,2,0,2,3,2,1,6,5,1,0,0,0,0,0,0,3,2,1,1,1,0,0,0,0,7,4,3,1,1,3,4,10,9,1,4,0,0,4,0,0
53387281,0,,,4,3,1,3,2,1,0,0,0,0,0,0,2,1,1,1,0,1,1,1,0,0,0,0,1,1,0,0,0,0,0,0,0,1,1,0,1,1,0,0,0,0,0,0,0,0,0,0,20,10,10,1,0,1,3,2,1,5,1,4,9,6,3,2,2,0,2,1,1,8,4,4,7,3,4,3,2,1,0,0,0,0,0,5,9,7,7,0,0,1,0,5,0,0
53387282,0,,,2,2,0,1,1,0,0,0,0,1,1,0,1,0,1,0,0,0,0,0,0,0,0,0,0,0,0,0,0,0,0,0,0,0,0,0,0,0,0,0,0,0,0,0,0,0,0,0,19,9,10,0,0,0,2,0,2,2,0,2,9,6,3,0,0,0,0,0,0,6,3,3,6,3,3,5,2,3,2,1,1,0,0,2,13,3,3,0,0,0,0,2,0,0
53387283,0,,,2,0,2,1,0,1,0,0,0,1,0,1,2,2,0,0,0,0,0,0,0,0,0,0,0,0,0,0,0,0,0,0,0,1,1,0,1,1,0,0,0,0,0,0,0,0,0,0,8,4,4,0,0,0,3,1,2,1,0,1,4,3,1,2,1,1,0,0,0,0,0,0,2,1,1,4,2,2,1,1,0,0,0,2,4,5,4,1,1,0,0,3,0,1
53387291,0,,,3,1,2,1,0,1,0,0,0,2,1,1,5,3,2,0,0,0,0,0,0,0,0,0,0,0,0,0,0,0,0,0,0,1,1,0,0,0,0,1,1,0,0,0,0,0,0,0,23,13,10,0,0,0,6,4,2,0,0,0,15,8,7,0,0,0,0,0,0,0,0,0,7,4,3,16,9,7,1,1,0,1,0,4,13,9,8,1,0,1,0,4,0,2
53387292,0,,,3,2,1,0,0,0,0,0,0,3,2,1,1,1,0,0,0,0,1,0,1,0,0,0,0,0,0,0,0,0,1,0,1,0,0,0,0,0,0,0,0,0,0,0,0,0,0,0,33,15,18,0,0,0,8,3,5,1,0,1,9,5,4,0,0,0,1,0,1,5,3,2,3,1,2,11,5,6,2,1,1,0,0,3,21,4,4,0,0,0,0,3,0,0
53387293,0,,,0,0,0,0,0,0,0,0,0,0,0,0,0,0,0,0,0,0,0,0,0,0,0,0,0,0,0,0,0,0,0,0,0,0,0,0,0,0,0,0,0,0,0,0,0,0,0,0,21,11,10,0,0,0,0,0,0,0,0,0,0,0,0,0,0,0,0,0,0,0,0,0,0,0,0,0,0,0,0,0,0,0,0,0,15,0,0,0,0,0,0,0,0,0
53387299,2,53387276,,*,*,*,*,*,*,*,*,*,*,*,*,*,*,*,*,*,*,*,*,*,*,*,*,*,*,*,*,*,*,*,*,*,*,*,*,*,*,*,*,*,*,*,*,*,*,*,*,*,*,*,*,*,*,*,*,*,*,*,*,*,*,*,*,*,*,*,*,*,*,*,*,*,*,*,*,*,*,*,*,*,*,*,*,*,*,*,*,*,*,*,*,*,*
53387304,0,,,45,30,15,21,16,5,0,0,0,21,11,10,5,4,1,5,2,3,2,0,2,0,0,0,1,0,1,0,0,0,1,0,1,7,5,2,4,3,1,2,2,0,0,0,0,1,0,1,72,42,30,6,3,3,28,18,10,17,7,10,19,13,6,8,4,4,6,6,0,12,6,6,6,3,3,24,16,8,25,12,13,5,1,34,10,57,56,1,11,2,1,22,2,1
53387305,0,,,38,16,22,18,8,10,0,0,0,14,5,9,13,11,2,10,0,10,2,0,2,0,0,0,0,0,0,0,0,0,2,0,2,10,2,8,7,2,5,2,0,2,1,0,1,0,0,0,103,44,59,7,1,6,28,12,16,24,4,20,30,22,8,7,3,4,12,5,7,14,6,8,16,4,12,17,7,10,49,21,28,1,1,34,25,64,61,3,3,2,0,32,1,0
53387306,0,,,23,16,7,7,6,1,3,2,1,12,7,5,6,6,0,8,4,4,12,5,7,0,0,0,6,3,3,0,0,0,6,2,4,6,3,3,4,2,2,1,1,0,0,0,0,1,0,1,52,31,21,8,4,4,27,19,8,6,0,6,9,7,2,16,12,4,8,7,1,8,3,5,15,7,8,6,4,2,14,5,9,2,7,6,5,39,37,2,2,1,0,19,0,4
53387314,0,,,31,19,12,16,10,6,3,1,2,6,2,4,16,9,7,4,0,4,0,0,0,0,0,0,0,0,0,0,0,0,0,0,0,2,0,2,1,0,1,1,0,1,0,0,0,0,0,0,124,60,64,4,1,3,32,13,19,23,5,18,53,34,19,1,0,1,8,4,4,25,12,13,22,10,12,32,15,17,38,19,19,0,0,34,36,52,51,1,3,3,1,28,0,0
53387315,0,,,28,14,14,15,9,6,1,0,1,11,4,7,2,2,0,1,0,1,0,0,0,0,0,0,0,0,0,0,0,0,0,0,0,0,0,0,0,0,0,0,0,0,0,0,0,0,0,0,35,17,18,0,0,0,12,5,7,6,4,2,17,8,9,1,1,0,7,3,4,20,10,10,1,0,1,3,1,2,3,2,1,2,0,25,7,31,31,0,5,1,0,10,0,0
53387319,0,,,2,1,1,1,0,1,0,0,0,1,1,0,0,0,0,0,0,0,0,0,0,0,0,0,0,0,0,0,0,0,0,0,0,0,0,0,0,0,0,0,0,0,0,0,0,0,0,0,10,6,4,0,0,0,3,1,2,1,1,0,6,4,2,0,0,0,2,1,1,3,1,2,3,2,1,2,2,0,0,0,0,0,0,2,5,2,2,0,0,0,0,2,0,0
53387325,1,,53387335,11,7,4,7,5,2,0,0,0,4,2,2,0,0,0,0,0,0,2,1,1,0,0,0,2,1,1,0,0,0,0,0,0,0,0,0,0,0,0,0,0,0,0,0,0,0,0,0,13,8,5,2,1,1,4,3,1,5,2,3,1,1,0,0,0,0,0,0,0,6,3,3,3,2,1,4,3,1,2,1,1,0,0,6,1,11,11,0,0,0,0,0,0,0
53387326,2,53387327,,*,*,*,*,*,*,*,*,*,*,*,*,*,*,*,*,*,*,*,*,*,*,*,*,*,*,*,*,*,*,*,*,*,*,*,*,*,*,*,*,*,*,*,*,*,*,*,*,*,*,*,*,*,*,*,*,*,*,*,*,*,*,*,*,*,*,*,*,*,*,*,*,*,*,*,*,*,*,*,*,*,*,*,*,*,*,*,*,*,*,*,*,*,*
53387327,1,,53387326,14,11,3,11,10,1,0,0,0,3,1,2,3,3,0,8,4,4,6,2,4,0,0,0,4,2,2,0,0,0,2,0,2,6,4,2,5,3,2,1,1,0,0,0,0,0,0,0,30,19,11,2,1,1,13,9,4,7,3,4,8,6,2,3,2,1,4,2,2,12,8,4,7,3,4,6,4,2,10,6,4,7,1,11,0,26,25,1,3,1,0,11,0,1
53387328,0,,,21,15,6,11,8,3,3,3,0,7,4,3,8,8,0,14,4,10,7,5,2,0,0,0,6,5,1,0,0,0,1,0,1,7,3,4,6,2,4,1,1,0,0,0,0,0,0,0,48,28,20,1,1,0,24,14,10,8,2,6,8,5,3,18,12,6,9,7,2,10,8,2,4,1,3,5,2,3,16,6,10,8,0,7,2,44,43,1,0,1,0,14,0,0
53387329,1,,53387339,14,9,5,1,1,0,2,2,0,10,5,5,1,1,0,3,1,2,0,0,0,0,0,0,0,0,0,0,0,0,0,0,0,0,0,0,0,0,0,0,0,0,0,0,0,0,0,0,29,18,11,2,2,0,16,10,6,5,1,4,6,5,1,0,0,0,5,3,2,8,7,1,2,1,1,2,2,0,12,5,7,5,0,4,6,19,19,0,0,0,0,6,0,0
53387335,2,53387325,,*,*,*,*,*,*,*,*,*,*,*,*,*,*,*,*,*,*,*,*,*,*,*,*,*,*,*,*,*,*,*,*,*,*,*,*,*,*,*,*,*,*,*,*,*,*,*,*,*,*,*,*,*,*,*,*,*,*,*,*,*,*,*,*,*,*,*,*,*,*,*,*,*,*,*,*,*,*,*,*,*,*,*,*,*,*,*,*,*,*,*,*,*,*
53387336,0,,,46,35,11,19,11,8,0,0,0,20,18,2,12,11,1,11,0,11,5,2,3,0,0,0,3,1,2,0,0,0,2,1,1,15,9,6,10,5,5,5,4,1,0,0,0,0,0,0,79,50,29,5,3,2,36,23,13,11,2,9,12,7,5,32,23,9,19,17,2,7,6,1,7,3,4,12,4,8,22,8,14,9,3,11,3,75,69,6,1,4,0,21,0,0
53387337,0,,,39,32,7,5,2,3,1,1,0,31,27,4,3,3,0,4,1,3,1,0,1,0,0,0,0,0,0,0,0,0,1,0,1,5,2,3,2,1,1,3,1,2,0,0,0,0,0,0,50,37,13,2,0,2,23,18,5,6,1,5,2,1,1,7,5,2,6,6,0,23,20,3,0,0,0,7,3,4,13,5,8,5,2,5,1,49,46,3,1,3,0,12,0,1
53387338,0,,,14,12,2,4,3,1,0,0,0,8,7,1,3,2,1,6,2,4,2,2,0,0,0,0,2,2,0,0,0,0,0,0,0,6,4,2,4,3,1,0,0,0,0,0,0,2,1,1,26,17,9,2,1,1,12,7,5,2,0,2,3,2,1,13,11,2,6,6,0,5,4,1,2,1,1,1,0,1,7,1,6,3,1,2,0,25,23,2,0,0,0,4,0,1
53387339,2,53387329,,*,*,*,*,*,*,*,*,*,*,*,*,*,*,*,*,*,*,*,*,*,*,*,*,*,*,*,*,*,*,*,*,*,*,*,*,*,*,*,*,*,*,*,*,*,*,*,*,*,*,*,*,*,*,*,*,*,*,*,*,*,*,*,*,*,*,*,*,*,*,*,*,*,*,*,*,*,*,*,*,*,*,*,*,*,*,*,*,*,*,*,*,*,*
53387346,0,,,2,1,1,2,1,1,0,0,0,0,0,0,3,3,0,4,1,3,0,0,0,0,0,0,0,0,0,0,0,0,0,0,0,0,0,0,0,0,0,0,0,0,0,0,0,0,0,0,12,6,6,1,0,1,6,3,3,0,0,0,0,0,0,4,4,0,0,0,0,0,0,0,0,0,0,0,0,0,8,2,6,2,1,1,0,9,9,0,1,0,0,1,0,0
53387347,0,,,149,103,46,48,29,19,26,25,1,70,46,24,44,35,9,57,15,42,4,1,3,0,0,0,1,0,1,0,0,0,3,1,2,44,19,25,26,10,16,10,4,6,2,0,2,6,5,1,305,170,135,53,28,25,142,84,58,46,10,36,51,37,14,63,43,20,43,35,8,41,32,9,35,13,22,42,17,25,127,48,79,37,13,47,14,267,253,14,13,10,0,64,0,1
53387348,0,,,26,18,8,5,4,1,0,0,0,15,11,4,4,4,0,2,0,2,4,2,2,0,0,0,1,1,0,0,0,0,3,1,2,8,1,7,3,0,3,5,1,4,0,0,0,0,0,0,44,25,19,11,8,3,21,11,10,5,1,4,7,5,2,18,8,10,6,6,0,3,2,1,0,0,0,10,3,7,19,9,10,6,2,8,3,37,32,5,4,6,0,11,0,0
53387356,0,,,8,3,5,4,2,2,0,0,0,4,1,3,3,2,1,4,3,1,6,2,4,0,0,0,3,0,3,0,0,0,3,2,1,5,3,2,4,2,2,0,0,0,0,0,0,1,1,0,23,10,13,2,0,2,6,1,5,3,2,1,9,5,4,8,4,4,5,2,3,3,1,2,7,3,4,4,2,2,7,3,4,3,3,2,2,16,15,1,0,0,0,8,0,0
53387357,0,,,43,22,21,14,7,7,2,2,0,20,8,12,11,11,0,11,3,8,8,5,3,0,0,0,3,1,2,0,0,0,5,4,1,18,7,11,13,6,7,3,1,2,1,0,1,1,0,1,160,58,102,36,10,26,82,28,54,22,7,15,18,13,5,30,17,13,31,19,12,51,12,39,30,3,27,21,9,12,23,10,13,9,2,15,8,70,65,5,1,3,0,27,0,0
53387358,0,,,49,37,12,23,17,6,5,5,0,20,14,6,13,13,0,19,5,14,2,0,2,0,0,0,2,0,2,0,0,0,0,0,0,6,4,2,5,3,2,1,1,0,0,0,0,0,0,0,97,62,35,14,6,8,32,20,12,14,7,7,25,17,8,34,23,11,18,17,1,12,9,3,1,0,1,7,2,5,30,12,18,10,6,18,4,83,81,2,6,1,0,22,0,0
53387359,0,,,12,5,7,8,3,5,0,0,0,1,0,1,1,1,0,2,0,2,2,1,1,0,0,0,2,1,1,0,0,0,0,0,0,2,0,2,1,0,1,0,0,0,1,0,1,0,0,0,14,6,8,0,0,0,7,4,3,5,1,4,2,1,1,6,2,4,0,0,0,2,2,0,0,0,0,3,0,3,7,3,4,1,1,4,1,15,15,0,0,1,0,9,0,0
53387367,0,,,5,4,1,4,4,0,0,0,0,1,0,1,3,2,1,1,0,1,3,1,2,0,0,0,1,0,1,0,0,0,2,1,1,0,0,0,0,0,0,0,0,0,0,0,0,0,0,0,17,9,8,1,0,1,7,5,2,5,2,3,3,2,1,6,4,2,0,0,0,2,1,1,7,2,5,0,0,0,5,3,2,2,0,2,4,9,9,0,1,0,0,6,0,2
53387368,0,,,11,7,4,5,3,2,0,0,0,6,4,2,14,13,1,15,2,13,0,0,0,0,0,0,0,0,0,0,0,0,0,0,0,10,4,6,8,4,4,2,0,2,0,0,0,0,0,0,57,30,27,1,0,1,24,12,12,16,5,11,12,10,2,12,6,6,4,3,1,2,2,0,3,1,2,12,6,6,28,11,17,9,2,9,6,43,40,3,0,2,0,10,0,0
53387369,0,,,5,5,0,2,2,0,0,0,0,3,3,0,0,0,0,0,0,0,0,0,0,0,0,0,0,0,0,0,0,0,0,0,0,0,0,0,0,0,0,0,0,0,0,0,0,0,0,0,5,5,0,0,0,0,5,5,0,0,0,0,0,0,0,0,0,0,3,3,0,2,2,0,0,0,0,0,0,0,0,0,0,5,0,0,0,5,5,0,0,0,0,0,0,0
53387378,1,,53387379,88,73,15,28,21,7,7,7,0,45,41,4,30,27,3,49,16,33,16,11,5,0,0,0,6,4,2,1,1,0,9,6,3,20,9,11,17,7,10,3,2,1,0,0,0,0,0,0,196,124,72,40,27,13,63,39,24,28,13,15,28,17,11,79,52,27,53,48,5,18,13,5,5,2,3,15,6,9,56,17,39,37,3,11,2,173,168,5,7,2,0,22,0,0
53387379,2,53387378,,*,*,*,*,*,*,*,*,*,*,*,*,*,*,*,*,*,*,*,*,*,*,*,*,*,*,*,*,*,*,*,*,*,*,*,*,*,*,*,*,*,*,*,*,*,*,*,*,*,*,*,*,*,*,*,*,*,*,*,*,*,*,*,*,*,*,*,*,*,*,*,*,*,*,*,*,*,*,*,*,*,*,*,*,*,*,*,*,*,*,*,*,*,*
53387388,0,,,21,13,8,11,7,4,0,0,0,4,3,1,4,4,0,2,0,2,0,0,0,0,0,0,0,0,0,0,0,0,0,0,0,1,1,0,1,1,0,0,0,0,0,0,0,0,0,0,32,19,13,5,2,3,13,8,5,5,2,3,8,6,2,4,3,1,7,5,2,8,5,3,1,1,0,4,2,2,9,4,5,11,2,4,1,27,27,0,4,0,0,7,0,0
53387389,0,,,23,18,5,8,6,2,2,2,0,13,10,3,3,3,0,3,1,2,0,0,0,0,0,0,0,0,0,0,0,0,0,0,0,2,0,2,1,0,1,1,0,1,0,0,0,0,0,0,36,26,10,1,0,1,26,19,7,4,2,2,5,5,0,7,5,2,9,9,0,7,4,3,0,0,0,2,2,0,13,6,7,6,2,4,0,30,29,1,7,1,0,9,0,0
53387399,0,,,107,83,24,26,18,8,12,11,1,61,48,13,32,30,2,35,9,26,9,5,4,0,0,0,8,5,3,0,0,0,1,0,1,19,12,7,14,8,6,3,3,0,0,0,0,2,1,1,206,134,72,23,14,9,98,63,35,21,10,11,31,21,10,44,35,9,44,39,5,24,18,6,21,9,12,18,10,8,82,39,43,33,6,13,8,180,175,5,3,4,0,36,0,0
53387414,1,,53387415;53387424,8,5,3,1,1,0,1,1,0,5,2,3,0,0,0,0,0,0,1,1,0,0,0,0,0,0,0,0,0,0,1,1,0,1,1,0,0,0,0,0,0,0,0,0,0,1,1,0,25,13,12,2,2,0,10,5,5,4,0,4,9,6,3,1,1,0,3,1,2,5,3,2,3,2,1,7,4,3,8,4,4,0,0,5,9,8,8,0,0,0,0,6,0,0
53387415,2,53387414,,*,*,*,*,*,*,*,*,*,*,*,*,*,*,*,*,*,*,*,*,*,*,*,*,*,*,*,*,*,*,*,*,*,*,*,*,*,*,*,*,*,*,*,*,*,*,*,*,*,*,*,*,*,*,*,*,*,*,*,*,*,*,*,*,*,*,*,*,*,*,*,*,*,*,*,*,*,*,*,*,*,*,*,*,*,*,*,*,*,*,*,*,*,*
53387424,2,53387414,,*,*,*,*,*,*,*,*,*,*,*,*,*,*,*,*,*,*,*,*,*,*,*,*,*,*,*,*,*,*,*,*,*,*,*,*,*,*,*,*,*,*,*,*,*,*,*,*,*,*,*,*,*,*,*,*,*,*,*,*,*,*,*,*,*,*,*,*,*,*,*,*,*,*,*,*,*,*,*,*,*,*,*,*,*,*,*,*,*,*,*,*,*,*
53387454,2,53387464,,*,*,*,*,*,*,*,*,*,*,*,*,*,*,*,*,*,*,*,*,*,*,*,*,*,*,*,*,*,*,*,*,*,*,*,*,*,*,*,*,*,*,*,*,*,*,*,*,*,*,*,*,*,*,*,*,*,*,*,*,*,*,*,*,*,*,*,*,*,*,*,*,*,*,*,*,*,*,*,*,*,*,*,*,*,*,*,*,*,*,*,*,*,*
53387462,0,,,131,97,34,42,27,15,10,8,2,70,55,15,43,35,8,46,9,37,13,6,7,0,0,0,9,3,6,0,0,0,4,3,1,16,10,6,10,6,4,3,2,1,0,0,0,3,2,1,265,156,109,26,9,17,155,99,56,33,10,23,47,36,11,97,62,35,51,46,5,25,19,6,10,2,8,16,7,9,95,36,59,28,8,36,13,226,221,5,8,2,0,56,0,3
53387463,1,,53387473,262,197,65,93,59,34,3,3,0,159,128,31,75,73,2,129,38,91,29,14,15,0,0,0,9,4,5,0,0,0,20,10,10,57,33,24,38,23,15,12,5,7,1,0,1,6,5,1,584,349,235,88,52,36,296,192,104,97,34,63,98,69,29,185,126,59,139,123,16,65,34,31,14,5,9,52,20,32,215,88,127,67,25,74,40,485,466,19,16,15,2,129,1,2
53387464,1,,53387454,242,194,48,71,46,25,22,21,1,143,122,21,99,91,8,155,44,111,35,18,17,0,0,0,19,9,10,0,0,0,16,9,7,57,30,27,37,19,18,13,8,5,0,0,0,7,3,4,579,358,221,69,31,38,351,236,115,81,28,53,74,59,15,221,140,81,132,128,4,34,24,10,44,18,26,42,19,23,197,76,121,80,26,47,21,516,496,20,3,16,3,108,1,4
53387465,1,,53387475,140,110,30,41,32,9,24,23,1,69,50,19,53,48,5,80,30,50,9,6,3,0,0,0,5,4,1,0,0,0,4,2,2,31,14,17,19,7,12,12,7,5,0,0,0,0,0,0,323,205,118,49,25,24,179,126,53,55,25,30,35,25,10,122,90,32,65,59,6,30,20,10,15,8,7,19,6,13,111,41,70,46,18,15,7,287,273,14,2,11,1,57,0,3
53387466,1,,53387476;53387477,49,40,9,21,17,4,4,4,0,22,18,4,23,21,2,33,9,24,6,5,1,0,0,0,4,3,1,1,1,0,1,1,0,6,4,2,2,2,0,3,1,2,0,0,0,1,1,0,115,77,38,10,5,5,69,54,15,24,10,14,12,8,4,44,36,8,22,22,0,12,10,2,2,0,2,7,2,5,40,16,24,25,7,8,4,108,105,3,3,3,0,22,0,4
53387469,1,,53387478,72,54,18,21,13,8,7,7,0,41,32,9,54,49,5,61,11,50,14,6,8,0,0,0,7,3,4,0,0,0,7,3,4,37,20,17,25,13,12,10,6,4,2,1,1,0,0,0,217,129,88,36,19,17,120,79,41,34,14,20,27,17,10,90,69,21,37,36,1,14,7,7,15,4,11,28,10,18,84,29,55,51,7,15,6,199,187,12,2,10,5,30,0,0
53387470,0,,,9,9,0,0,0,0,0,0,0,9,9,0,5,5,0,9,3,6,2,1,1,0,0,0,1,1,0,0,0,0,1,0,1,1,0,1,0,0,0,0,0,0,0,0,0,1,0,1,25,18,7,5,4,1,13,10,3,5,2,3,2,2,0,12,10,2,7,7,0,2,2,0,1,0,1,0,0,0,6,0,6,6,0,0,0,24,23,1,0,1,0,0,0,0
53387471,0,,,82,72,10,4,2,2,12,11,1,63,57,6,25,25,0,34,8,26,8,2,6,0,0,0,6,1,5,0,0,0,2,1,1,17,7,10,10,3,7,4,2,2,0,0,0,3,2,1,163,117,46,11,11,0,112,81,31,17,12,5,23,13,10,59,35,24,66,64,2,8,6,2,4,2,2,8,1,7,43,18,25,27,3,3,4,149,141,8,1,4,1,8,0,3
53387472,0,,,119,77,42,56,37,19,1,0,1,47,29,18,33,31,2,41,11,30,16,9,7,0,0,0,9,5,4,0,0,0,7,4,3,38,22,16,26,16,10,8,4,4,1,1,0,3,1,2,238,137,101,35,22,13,110,65,45,54,21,33,39,29,10,78,60,18,30,26,4,24,11,13,23,11,12,37,14,23,100,46,54,27,9,56,17,207,193,14,8,12,0,93,1,3
53387473,2,53387463,,*,*,*,*,*,*,*,*,*,*,*,*,*,*,*,*,*,*,*,*,*,*,*,*,*,*,*,*,*,*,*,*,*,*,*,*,*,*,*,*,*,*,*,*,*,*,*,*,*,*,*,*,*,*,*,*,*,*,*,*,*,*,*,*,*,*,*,*,*,*,*,*,*,*,*,*,*,*,*,*,*,*,*,*,*,*,*,*,*,*,*,*,*,*
53387475,2,53387465,,*,*,*,*,*,*,*,*,*,*,*,*,*,*,*,*,*,*,*,*,*,*,*,*,*,*,*,*,*,*,*,*,*,*,*,*,*,*,*,*,*,*,*,*,*,*,*,*,*,*,*,*,*,*,*,*,*,*,*,*,*,*,*,*,*,*,*,*,*,*,*,*,*,*,*,*,*,*,*,*,*,*,*,*,*,*,*,*,*,*,*,*,*,*
53387476,2,53387466,,*,*,*,*,*,*,*,*,*,*,*,*,*,*,*,*,*,*,*,*,*,*,*,*,*,*,*,*,*,*,*,*,*,*,*,*,*,*,*,*,*,*,*,*,*,*,*,*,*,*,*,*,*,*,*,*,*,*,*,*,*,*,*,*,*,*,*,*,*,*,*,*,*,*,*,*,*,*,*,*,*,*,*,*,*,*,*,*,*,*,*,*,*,*
53387477,2,53387466,,*,*,*,*,*,*,*,*,*,*,*,*,*,*,*,*,*,*,*,*,*,*,*,*,*,*,*,*,*,*,*,*,*,*,*,*,*,*,*,*,*,*,*,*,*,*,*,*,*,*,*,*,*,*,*,*,*,*,*,*,*,*,*,*,*,*,*,*,*,*,*,*,*,*,*,*,*,*,*,*,*,*,*,*,*,*,*,*,*,*,*,*,*,*
53387478,2,53387469,,*,*,*,*,*,*,*,*,*,*,*,*,*,*,*,*,*,*,*,*,*,*,*,*,*,*,*,*,*,*,*,*,*,*,*,*,*,*,*,*,*,*,*,*,*,*,*,*,*,*,*,*,*,*,*,*,*,*,*,*,*,*,*,*,*,*,*,*,*,*,*,*,*,*,*,*,*,*,*,*,*,*,*,*,*,*,*,*,*,*,*,*,*,*
53387480,2,53387490,,*,*,*,*,*,*,*,*,*,*,*,*,*,*,*,*,*,*,*,*,*,*,*,*,*,*,*,*,*,*,*,*,*,*,*,*,*,*,*,*,*,*,*,*,*,*,*,*,*,*,*,*,*,*,*,*,*,*,*,*,*,*,*,*,*,*,*,*,*,*,*,*,*,*,*,*,*,*,*,*,*,*,*,*,*,*,*,*,*,*,*,*,*,*
53387490,1,,53387480,25,18,7,12,8,4,0,0,0,11,9,2,10,7,3,4,2,2,2,1,1,0,0,0,1,0,1,0,0,0,1,1,0,4,3,1,2,2,0,1,1,0,0,0,0,1,0,1,73,44,29,2,1,1,25,17,8,7,3,4,39,23,16,2,1,1,13,9,4,20,14,6,16,7,9,18,11,7,10,6,4,7,0,27,17,41,39,2,2,2,0,18,0,4
53387491,0,,,44,32,12,12,7,5,6,6,0,26,19,7,27,23,4,27,8,19,8,4,4,0,0,0,5,3,2,0,0,0,3,1,2,5,4,1,4,4,0,0,0,0,0,0,0,1,0,1,110,68,42,18,13,5,50,28,22,15,6,9,15,10,5,44,31,13,20,19,1,10,6,4,5,3,2,4,1,3,35,11,24,20,9,5,1,99,99,0,1,2,0,18,0,0
53387501,2,53387521,,*,*,*,*,*,*,*,*,*,*,*,*,*,*,*,*,*,*,*,*,*,*,*,*,*,*,*,*,*,*,*,*,*,*,*,*,*,*,*,*,*,*,*,*,*,*,*,*,*,*,*,*,*,*,*,*,*,*,*,*,*,*,*,*,*,*,*,*,*,*,*,*,*,*,*,*,*,*,*,*,*,*,*,*,*,*,*,*,*,*,*,*,*,*
53387521,1,,53386591;53387501,45,34,11,16,11,5,2,2,0,27,21,6,20,19,1,26,8,18,3,1,2,0,0,0,2,1,1,0,0,0,1,0,1,15,9,6,8,4,4,4,4,0,0,0,0,3,1,2,107,65,42,19,12,7,52,32,20,21,10,11,15,11,4,40,28,12,27,23,4,5,5,0,5,1,4,5,3,2,43,15,28,12,7,9,2,97,91,6,0,4,2,23,0,2
53387531,0,,,23,18,5,3,1,2,0,0,0,17,15,2,12,11,1,16,2,14,3,1,2,0,0,0,3,1,2,0,0,0,0,0,0,5,2,3,5,2,3,0,0,0,0,0,0,0,0,0,64,36,28,12,6,6,30,19,11,12,4,8,9,6,3,24,13,11,15,15,0,0,0,0,1,0,1,7,3,4,25,8,17,10,1,4,4,51,51,0,0,0,0,8,0,0
53387543,2,53387553,,*,*,*,*,*,*,*,*,*,*,*,*,*,*,*,*,*,*,*,*,*,*,*,*,*,*,*,*,*,*,*,*,*,*,*,*,*,*,*,*,*,*,*,*,*,*,*,*,*,*,*,*,*,*,*,*,*,*,*,*,*,*,*,*,*,*,*,*,*,*,*,*,*,*,*,*,*,*,*,*,*,*,*,*,*,*,*,*,*,*,*,*,*,*
53387551,1,,53387561,67,51,16,21,14,7,7,7,0,38,29,9,28,24,4,34,7,27,6,2,4,0,0,0,3,1,2,0,0,0,3,1,2,26,15,11,14,6,8,5,3,2,0,0,0,7,6,1,154,88,66,29,15,14,83,53,30,31,11,20,10,9,1,56,34,22,32,31,1,10,8,2,7,2,5,14,5,9,67,25,42,32,4,12,10,137,129,8,3,3,1,25,0,3
53387552,0,,,89,60,29,41,26,15,3,3,0,41,28,13,33,31,2,44,9,35,14,5,9,0,0,0,7,2,5,0,0,0,7,3,4,21,10,11,13,6,7,6,4,2,0,0,0,2,0,2,195,112,83,28,15,13,79,46,33,39,19,20,49,32,17,76,53,23,31,26,5,22,14,8,11,4,7,13,5,8,77,25,52,36,10,21,9,174,167,7,10,6,6,38,1,8
53387553,1,,53387543,141,106,35,33,19,14,9,9,0,93,73,20,74,70,4,120,31,89,18,10,8,0,0,0,9,6,3,0,0,0,9,4,5,45,25,20,32,18,14,9,5,4,3,1,2,1,1,0,400,234,166,70,36,34,199,128,71,66,29,37,65,41,24,173,123,50,75,66,9,19,11,8,12,4,8,38,13,25,146,52,94,77,18,19,15,349,335,14,4,11,7,54,0,14
53387560,0,,,112,87,25,35,22,13,9,8,1,66,55,11,46,45,1,67,21,46,27,13,14,0,0,0,13,7,6,0,0,0,14,6,8,21,14,7,17,11,6,2,1,1,0,0,0,2,2,0,269,167,102,50,30,20,131,89,42,40,12,28,44,33,11,112,81,31,65,59,6,24,14,10,17,6,11,10,4,6,89,30,59,46,5,20,13,228,225,3,1,2,1,42,0,1
53387561,2,53387551,,*,*,*,*,*,*,*,*,*,*,*,*,*,*,*,*,*,*,*,*,*,*,*,*,*,*,*,*,*,*,*,*,*,*,*,*,*,*,*,*,*,*,*,*,*,*,*,*,*,*,*,*,*,*,*,*,*,*,*,*,*,*,*,*,*,*,*,*,*,*,*,*,*,*,*,*,*,*,*,*,*,*,*,*,*,*,*,*,*,*,*,*,*,*
53387616,2,53387638,,*,*,*,*,*,*,*,*,*,*,*,*,*,*,*,*,*,*,*,*,*,*,*,*,*,*,*,*,*,*,*,*,*,*,*,*,*,*,*,*,*,*,*,*,*,*,*,*,*,*,*,*,*,*,*,*,*,*,*,*,*,*,*,*,*,*,*,*,*,*,*,*,*,*,*,*,*,*,*,*,*,*,*,*,*,*,*,*,*,*,*,*,*,*
53387627,2,53387638,,*,*,*,*,*,*,*,*,*,*,*,*,*,*,*,*,*,*,*,*,*,*,*,*,*,*,*,*,*,*,*,*,*,*,*,*,*,*,*,*,*,*,*,*,*,*,*,*,*,*,*,*,*,*,*,*,*,*,*,*,*,*,*,*,*,*,*,*,*,*,*,*,*,*,*,*,*,*,*,*,*,*,*,*,*,*,*,*,*,*,*,*,*,*
53387628,2,53387638,,*,*,*,*,*,*,*,*,*,*,*,*,*,*,*,*,*,*,*,*,*,*,*,*,*,*,*,*,*,*,*,*,*,*,*,*,*,*,*,*,*,*,*,*,*,*,*,*,*,*,*,*,*,*,*,*,*,*,*,*,*,*,*,*,*,*,*,*,*,*,*,*,*,*,*,*,*,*,*,*,*,*,*,*,*,*,*,*,*,*,*,*,*,*
53387638,1,,53387616;53387627;53387628;53387639;53387686;53387694;53387699,15,10,5,6,5,1,2,1,1,6,3,3,6,6,0,5,1,4,0,0,0,0,0,0,0,0,0,0,0,0,0,0,0,1,1,0,0,0,0,1,1,0,0,0,0,0,0,0,61,33,28,26,13,13,28,16,12,3,2,1,4,2,2,21,18,3,0,0,0,3,2,1,1,0,1,1,1,0,36,13,23,4,0,12,22,27,26,1,2,0,0,15,1,0
53387639,2,53387638,,*,*,*,*,*,*,*,*,*,*,*,*,*,*,*,*,*,*,*,*,*,*,*,*,*,*,*,*,*,*,*,*,*,*,*,*,*,*,*,*,*,*,*,*,*,*,*,*,*,*,*,*,*,*,*,*,*,*,*,*,*,*,*,*,*,*,*,*,*,*,*,*,*,*,*,*,*,*,*,*,*,*,*,*,*,*,*,*,*,*,*,*,*,*
53387686,2,53387638,,*,*,*,*,*,*,*,*,*,*,*,*,*,*,*,*,*,*,*,*,*,*,*,*,*,*,*,*,*,*,*,*,*,*,*,*,*,*,*,*,*,*,*,*,*,*,*,*,*,*,*,*,*,*,*,*,*,*,*,*,*,*,*,*,*,*,*,*,*,*,*,*,*,*,*,*,*,*,*,*,*,*,*,*,*,*,*,*,*,*,*,*,*,*
53387694,2,53387638,,*,*,*,*,*,*,*,*,*,*,*,*,*,*,*,*,*,*,*,*,*,*,*,*,*,*,*,*,*,*,*,*,*,*,*,*,*,*,*,*,*,*,*,*,*,*,*,*,*,*,*,*,*,*,*,*,*,*,*,*,*,*,*,*,*,*,*,*,*,*,*,*,*,*,*,*,*,*,*,*,*,*,*,*,*,*,*,*,*,*,*,*,*,*
53387699,2,53387638,,*,*,*,*,*,*,*,*,*,*,*,*,*,*,*,*,*,*,*,*,*,*,*,*,*,*,*,*,*,*,*,*,*,*,*,*,*,*,*,*,*,*,*,*,*,*,*,*,*,*,*,*,*,*,*,*,*,*,*,*,*,*,*,*,*,*,*,*,*,*,*,*,*,*,*,*,*,*,*,*,*,*,*,*,*,*,*,*,*,*,*,*,*,*
53387704,1,,53387714,10,6,4,6,6,0,0,0,0,3,0,3,0,0,0,0,0,0,0,0,0,0,0,0,0,0,0,0,0,0,0,0,0,0,0,0,0,0,0,0,0,0,0,0,0,0,0,0,20,9,11,12,6,6,5,1,4,1,0,1,2,2,0,4,3,1,0,0,0,0,0,0,3,2,1,0,0,0,13,4,9,0,0,7,6,10,10,0,4,0,0,3,0,0
53387707,2,53387717,,*,*,*,*,*,*,*,*,*,*,*,*,*,*,*,*,*,*,*,*,*,*,*,*,*,*,*,*,*,*,*,*,*,*,*,*,*,*,*,*,*,*,*,*,*,*,*,*,*,*,*,*,*,*,*,*,*,*,*,*,*,*,*,*,*,*,*,*,*,*,*,*,*,*,*,*,*,*,*,*,*,*,*,*,*,*,*,*,*,*,*,*,*,*
53387713,1,,53387722,5,4,1,4,3,1,0,0,0,1,1,0,0,0,0,0,0,0,0,0,0,0,0,0,0,0,0,0,0,0,0,0,0,0,0,0,0,0,0,0,0,0,0,0,0,0,0,0,13,7,6,9,4,5,3,2,1,0,0,0,1,1,0,2,2,0,0,0,0,0,0,0,1,1,0,2,1,1,8,3,5,0,0,5,2,5,5,0,0,0,0,4,0,0
53387714,2,53387704,,*,*,*,*,*,*,*,*,*,*,*,*,*,*,*,*,*,*,*,*,*,*,*,*,*,*,*,*,*,*,*,*,*,*,*,*,*,*,*,*,*,*,*,*,*,*,*,*,*,*,*,*,*,*,*,*,*,*,*,*,*,*,*,*,*,*,*,*,*,*,*,*,*,*,*,*,*,*,*,*,*,*,*,*,*,*,*,*,*,*,*,*,*,*
53387717,1,,53387707,3,3,0,2,2,0,0,0,0,1,1,0,0,0,0,0,0,0,0,0,0,0,0,0,0,0,0,0,0,0,0,0,0,0,0,0,0,0,0,0,0,0,0,0,0,0,0,0,23,13,10,11,6,5,7,3,4,1,0,1,3,3,0,3,3,0,1,1,0,0,0,0,3,1,2,0,0,0,16,8,8,0,0,3,11,3,3,0,0,0,0,3,0,0
53387722,2,53387713,,*,*,*,*,*,*,*,*,*,*,*,*,*,*,*,*,*,*,*,*,*,*,*,*,*,*,*,*,*,*,*,*,*,*,*,*,*,*,*,*,*,*,*,*,*,*,*,*,*,*,*,*,*,*,*,*,*,*,*,*,*,*,*,*,*,*,*,*,*,*,*,*,*,*,*,*,*,*,*,*,*,*,*,*,*,*,*,*,*,*,*,*,*,*
53387725,2,53387735,,*,*,*,*,*,*,*,*,*,*,*,*,*,*,*,*,*,*,*,*,*,*,*,*,*,*,*,*,*,*,*,*,*,*,*,*,*,*,*,*,*,*,*,*,*,*,*,*,*,*,*,*,*,*,*,*,*,*,*,*,*,*,*,*,*,*,*,*,*,*,*,*,*,*,*,*,*,*,*,*,*,*,*,*,*,*,*,*,*,*,*,*,*,*
53387726,0,,,17,10,7,12,8,4,0,0,0,4,1,3,1,0,1,0,0,0,1,1,0,0,0,0,0,0,0,0,0,0,1,1,0,2,0,2,2,0,2,0,0,0,0,0,0,0,0,0,63,29,34,21,6,15,23,11,12,10,4,6,8,7,1,14,11,3,0,0,0,1,0,1,4,1,3,1,0,1,45,17,28,0,0,11,19,19,19,0,0,0,0,19,0,0
53387730,2,53387731,,*,*,*,*,*,*,*,*,*,*,*,*,*,*,*,*,*,*,*,*,*,*,*,*,*,*,*,*,*,*,*,*,*,*,*,*,*,*,*,*,*,*,*,*,*,*,*,*,*,*,*,*,*,*,*,*,*,*,*,*,*,*,*,*,*,*,*,*,*,*,*,*,*,*,*,*,*,*,*,*,*,*,*,*,*,*,*,*,*,*,*,*,*,*
53387731,1,,53387730,7,5,2,2,2,0,0,0,0,5,3,2,1,1,0,0,0,0,0,0,0,0,0,0,0,0,0,0,0,0,0,0,0,0,0,0,0,0,0,0,0,0,0,0,0,0,0,0,28,11,17,14,3,11,10,6,4,1,0,1,3,2,1,1,1,0,0,0,0,1,1,0,0,0,0,2,1,1,24,8,16,0,0,5,14,8,8,0,0,0,0,8,0,0
53387732,1,,53387733,13,6,7,8,4,4,0,0,0,4,1,3,12,7,5,2,0,2,0,0,0,0,0,0,0,0,0,0,0,0,0,0,0,0,0,0,0,0,0,0,0,0,0,0,0,0,0,0,47,20,27,18,6,12,24,11,13,1,0,1,4,3,1,8,6,2,2,1,1,7,4,3,2,1,1,2,1,1,26,7,19,0,0,11,11,27,27,0,0,1,0,11,1,0
53387733,2,53387732,,*,*,*,*,*,*,*,*,*,*,*,*,*,*,*,*,*,*,*,*,*,*,*,*,*,*,*,*,*,*,*,*,*,*,*,*,*,*,*,*,*,*,*,*,*,*,*,*,*,*,*,*,*,*,*,*,*,*,*,*,*,*,*,*,*,*,*,*,*,*,*,*,*,*,*,*,*,*,*,*,*,*,*,*,*,*,*,*,*,*,*,*,*,*
53387734,0,,,8,5,3,3,2,1,1,1,0,3,1,2,0,0,0,0,0,0,0,0,0,0,0,0,0,0,0,0,0,0,0,0,0,0,0,0,0,0,0,0,0,0,0,0,0,0,0,0,12,6,6,3,2,1,6,3,3,1,0,1,2,1,1,2,1,1,0,0,0,0,0,0,0,0,0,0,0,0,10,5,5,1,0,5,1,8,8,0,0,0,0,7,0,0
53387735,1,,53387725,15,7,8,6,4,2,0,0,0,8,2,6,3,3,0,1,0,1,0,0,0,0,0,0,0,0,0,0,0,0,0,0,0,5,4,1,4,3,1,1,1,0,0,0,0,0,0,0,45,24,21,17,10,7,20,11,9,3,0,3,5,3,2,6,5,1,5,2,3,3,2,1,5,2,3,4,3,1,27,14,13,0,2,10,16,20,19,1,1,0,0,16,0,0
53387737,2,53387747,,*,*,*,*,*,*,*,*,*,*,*,*,*,*,*,*,*,*,*,*,*,*,*,*,*,*,*,*,*,*,*,*,*,*,*,*,*,*,*,*,*,*,*,*,*,*,*,*,*,*,*,*,*,*,*,*,*,*,*,*,*,*,*,*,*,*,*,*,*,*,*,*,*,*,*,*,*,*,*,*,*,*,*,*,*,*,*,*,*,*,*,*,*,*
53387739,0,,,5,3,2,2,2,0,1,0,1,2,1,1,0,0,0,0,0,0,0,0,0,0,0,0,0,0,0,0,0,0,0,0,0,2,2,0,2,2,0,0,0,0,0,0,0,0,0,0,17,8,9,5,1,4,9,6,3,3,1,2,0,0,0,7,5,2,0,0,0,0,0,0,0,0,0,3,2,1,9,3,6,0,0,3,4,5,5,0,0,0,0,5,0,0
53387742,0,,,14,6,8,4,4,0,2,1,1,8,1,7,0,0,0,0,0,0,1,1,0,0,0,0,0,0,0,0,0,0,1,1,0,3,1,2,2,0,2,1,1,0,0,0,0,0,0,0,25,12,13,13,6,7,9,5,4,1,0,1,2,1,1,10,7,3,0,0,0,0,0,0,1,1,0,2,1,1,16,5,11,0,0,9,5,14,14,0,0,1,1,12,0,0
53387743,0,,,16,8,8,9,7,2,2,0,2,5,1,4,4,4,0,1,0,1,0,0,0,0,0,0,0,0,0,0,0,0,0,0,0,0,0,0,0,0,0,0,0,0,0,0,0,0,0,0,46,22,24,20,8,12,18,11,7,4,0,4,4,3,1,7,5,2,0,0,0,0,0,0,2,2,0,0,0,0,37,15,22,1,0,12,12,21,21,0,0,0,0,16,0,0
53387744,0,,,20,8,12,10,4,6,0,0,0,8,2,6,0,0,0,0,0,0,0,0,0,0,0,0,0,0,0,0,0,0,0,0,0,2,2,0,2,2,0,0,0,0,0,0,0,0,0,0,45,18,27,14,6,8,16,6,10,10,1,9,5,5,0,14,9,5,2,1,1,0,0,0,0,0,0,3,2,1,28,8,20,1,0,13,8,20,20,0,1,0,0,12,0,0
53387745,0,,,11,6,5,6,4,2,2,1,1,2,0,2,1,1,0,0,0,0,0,0,0,0,0,0,0,0,0,0,0,0,0,0,0,0,0,0,0,0,0,0,0,0,0,0,0,0,0,0,28,14,14,13,6,7,7,5,2,5,1,4,3,2,1,1,0,1,0,0,0,3,2,1,0,0,0,3,1,2,21,11,10,1,0,5,9,12,12,0,2,0,0,10,0,0
53387746,0,,,7,4,3,7,4,3,0,0,0,0,0,0,1,1,0,0,0,0,2,0,2,1,0,1,1,0,1,0,0,0,0,0,0,0,0,0,0,0,0,0,0,0,0,0,0,0,0,0,22,11,11,6,2,4,12,7,5,1,0,1,3,2,1,6,4,2,0,0,0,2,0,2,2,2,0,1,0,1,13,5,8,0,0,6,6,8,8,0,0,0,0,7,0,0
53387747,1,,53387737,11,7,4,5,4,1,0,0,0,5,2,3,3,3,0,3,0,3,0,0,0,0,0,0,0,0,0,0,0,0,0,0,0,15,15,0,5,5,0,10,10,0,0,0,0,0,0,0,94,29,65,57,14,43,22,10,12,3,2,1,7,3,4,7,6,1,24,10,14,30,9,21,16,7,9,6,3,3,26,9,17,0,1,10,17,29,17,12,12,1,1,12,0,0
53387748,0,,,61,38,23,37,24,13,0,0,0,17,7,10,6,3,3,2,1,1,2,1,1,0,0,0,0,0,0,2,1,1,0,0,0,10,5,5,8,3,5,1,1,0,0,0,0,1,1,0,125,59,66,35,12,23,62,36,26,16,1,15,12,10,2,45,31,14,1,0,1,2,1,1,4,1,3,14,6,8,71,26,45,0,1,36,16,72,69,3,4,5,0,53,2,1
53387749,0,,,35,16,19,21,13,8,0,0,0,12,2,10,6,6,0,5,1,4,2,1,1,0,0,0,0,0,0,2,1,1,0,0,0,15,4,11,11,4,7,3,0,3,0,0,0,1,0,1,97,45,52,34,18,16,41,18,23,12,2,10,10,7,3,33,18,15,0,0,0,5,3,2,6,1,5,19,9,10,51,19,32,3,0,21,23,50,46,4,1,4,0,34,1,1
53387757,0,,,9,4,5,6,3,3,0,0,0,2,0,2,2,1,1,1,0,1,1,1,0,0,0,0,1,1,0,0,0,0,0,0,0,0,0,0,0,0,0,0,0,0,0,0,0,0,0,0,32,16,16,11,4,7,16,10,6,4,1,3,1,1,0,8,8,0,0,0,0,1,1,0,0,0,0,3,0,3,21,8,13,0,0,8,12,12,12,0,0,1,0,10,0,0
53387758,1,,53387767,163,91,72,90,70,20,2,2,0,61,13,48,28,23,5,6,4,2,9,3,6,3,1,2,1,0,1,2,1,1,3,1,2,47,23,24,31,16,15,11,5,6,2,0,2,3,2,1,431,211,220,121,43,78,209,111,98,47,16,31,50,39,11,109,77,32,9,4,5,29,15,14,39,18,21,53,26,27,241,95,146,3,3,114,80,211,197,14,3,16,1,160,3,4
53387759,0,,,89,53,36,50,40,10,2,1,1,25,5,20,12,9,3,2,0,2,4,1,3,0,0,0,1,0,1,3,1,2,0,0,0,23,8,15,13,5,8,5,2,3,2,0,2,3,1,2,213,109,104,66,28,38,102,58,44,24,8,16,21,15,6,63,46,17,2,1,1,15,7,8,10,3,7,21,12,9,129,49,80,3,4,53,34,118,108,10,3,14,1,77,1,0
53387767,2,53387758,,*,*,*,*,*,*,*,*,*,*,*,*,*,*,*,*,*,*,*,*,*,*,*,*,*,*,*,*,*,*,*,*,*,*,*,*,*,*,*,*,*,*,*,*,*,*,*,*,*,*,*,*,*,*,*,*,*,*,*,*,*,*,*,*,*,*,*,*,*,*,*,*,*,*,*,*,*,*,*,*,*,*,*,*,*,*,*,*,*,*,*,*,*,*
53387768,0,,,9,7,2,7,6,1,0,0,0,1,0,1,3,3,0,2,0,2,0,0,0,0,0,0,0,0,0,0,0,0,0,0,0,1,1,0,1,1,0,0,0,0,0,0,0,0,0,0,25,13,12,8,3,5,10,5,5,2,1,1,4,3,1,5,4,1,0,0,0,0,0,0,0,0,0,6,4,2,15,6,9,1,0,8,5,15,14,1,2,2,0,9,0,0
53387773,2,53387781,,*,*,*,*,*,*,*,*,*,*,*,*,*,*,*,*,*,*,*,*,*,*,*,*,*,*,*,*,*,*,*,*,*,*,*,*,*,*,*,*,*,*,*,*,*,*,*,*,*,*,*,*,*,*,*,*,*,*,*,*,*,*,*,*,*,*,*,*,*,*,*,*,*,*,*,*,*,*,*,*,*,*,*,*,*,*,*,*,*,*,*,*,*,*
53387777,0,,,9,8,1,4,4,0,0,0,0,4,3,1,3,2,1,0,0,0,0,0,0,0,0,0,0,0,0,0,0,0,0,0,0,3,1,2,1,0,1,0,0,0,0,0,0,2,1,1,74,26,48,7,1,6,16,10,6,3,0,3,4,4,0,8,7,1,10,3,7,25,8,17,8,1,7,4,0,4,22,8,14,1,0,8,4,14,12,2,0,2,0,11,0,0
53387778,0,,,6,2,4,1,1,0,0,0,0,5,1,4,2,2,0,0,0,0,1,1,0,0,0,0,0,0,0,1,1,0,0,0,0,4,2,2,4,2,2,0,0,0,0,0,0,0,0,0,12,6,6,5,2,3,5,3,2,1,0,1,1,1,0,8,6,2,0,0,0,0,0,0,2,1,1,2,0,2,5,2,3,0,0,5,2,8,8,0,0,0,0,8,0,0
53387781,1,,53387773;53387782,5,3,2,1,1,0,1,1,0,1,0,1,2,2,0,0,0,0,0,0,0,0,0,0,0,0,0,0,0,0,0,0,0,0,0,0,0,0,0,0,0,0,0,0,0,0,0,0,19,9,10,12,4,8,4,2,2,2,2,0,0,0,0,6,2,4,0,0,0,0,0,0,0,0,0,0,0,0,13,7,6,2,0,4,6,7,7,0,0,0,0,6,0,0
53387782,2,53387781,,*,*,*,*,*,*,*,*,*,*,*,*,*,*,*,*,*,*,*,*,*,*,*,*,*,*,*,*,*,*,*,*,*,*,*,*,*,*,*,*,*,*,*,*,*,*,*,*,*,*,*,*,*,*,*,*,*,*,*,*,*,*,*,*,*,*,*,*,*,*,*,*,*,*,*,*,*,*,*,*,*,*,*,*,*,*,*,*,*,*,*,*,*,*
53387784,2,53387785,,*,*,*,*,*,*,*,*,*,*,*,*,*,*,*,*,*,*,*,*,*,*,*,*,*,*,*,*,*,*,*,*,*,*,*,*,*,*,*,*,*,*,*,*,*,*,*,*,*,*,*,*,*,*,*,*,*,*,*,*,*,*,*,*,*,*,*,*,*,*,*,*,*,*,*,*,*,*,*,*,*,*,*,*,*,*,*,*,*,*,*,*,*,*
53387785,1,,53387784,6,5,1,3,3,0,0,0,0,3,2,1,1,1,0,2,1,1,0,0,0,0,0,0,0,0,0,0,0,0,0,0,0,0,0,0,0,0,0,0,0,0,0,0,0,0,0,0,38,19,19,19,9,10,13,7,6,1,0,1,2,1,1,10,9,1,0,0,0,0,0,0,0,0,0,1,1,0,27,9,18,0,0,4,14,10,10,0,1,0,0,8,0,0
53387786,0,,,9,7,2,4,2,2,1,1,0,4,4,0,1,0,1,0,0,0,0,0,0,0,0,0,0,0,0,0,0,0,0,0,0,1,1,0,0,0,0,0,0,0,0,0,0,1,1,0,24,12,12,7,3,4,11,6,5,4,1,3,2,2,0,6,4,2,0,0,0,1,1,0,3,2,1,3,2,1,12,4,8,0,0,7,6,12,12,0,0,0,0,9,0,0
53387787,1,,53387796,23,12,11,9,5,4,0,0,0,11,5,6,8,7,1,4,1,3,3,0,3,0,0,0,0,0,0,2,0,2,1,0,1,6,3,3,2,1,1,2,0,2,0,0,0,2,2,0,57,31,26,21,9,12,21,13,8,10,5,5,3,3,0,21,16,5,2,1,1,1,0,1,4,2,2,9,3,6,29,12,17,4,1,14,8,39,35,4,1,3,0,21,2,2
53387788,0,,,1,0,1,1,0,1,0,0,0,0,0,0,4,4,0,0,0,0,0,0,0,0,0,0,0,0,0,0,0,0,0,0,0,0,0,0,0,0,0,0,0,0,0,0,0,0,0,0,9,5,4,7,4,3,2,1,1,0,0,0,0,0,0,5,4,1,0,0,0,0,0,0,0,0,0,1,1,0,3,0,3,1,1,1,1,5,5,0,0,0,0,2,0,0
53387789,2,53387799,,*,*,*,*,*,*,*,*,*,*,*,*,*,*,*,*,*,*,*,*,*,*,*,*,*,*,*,*,*,*,*,*,*,*,*,*,*,*,*,*,*,*,*,*,*,*,*,*,*,*,*,*,*,*,*,*,*,*,*,*,*,*,*,*,*,*,*,*,*,*,*,*,*,*,*,*,*,*,*,*,*,*,*,*,*,*,*,*,*,*,*,*,*,*
53387790,2,53387791,,*,*,*,*,*,*,*,*,*,*,*,*,*,*,*,*,*,*,*,*,*,*,*,*,*,*,*,*,*,*,*,*,*,*,*,*,*,*,*,*,*,*,*,*,*,*,*,*,*,*,*,*,*,*,*,*,*,*,*,*,*,*,*,*,*,*,*,*,*,*,*,*,*,*,*,*,*,*,*,*,*,*,*,*,*,*,*,*,*,*,*,*,*,*
53387791,1,,53387790,3,3,0,2,2,0,0,0,0,1,1,0,2,0,2,1,1,0,0,0,0,0,0,0,0,0,0,0,0,0,0,0,0,3,1,2,3,1,2,0,0,0,0,0,0,0,0,0,11,5,6,2,0,2,6,3,3,3,2,1,0,0,0,4,2,2,0,0,0,0,0,0,0,0,0,2,1,1,8,3,5,0,1,1,2,6,6,0,0,0,0,4,0,0
53387796,2,53387787,,*,*,*,*,*,*,*,*,*,*,*,*,*,*,*,*,*,*,*,*,*,*,*,*,*,*,*,*,*,*,*,*,*,*,*,*,*,*,*,*,*,*,*,*,*,*,*,*,*,*,*,*,*,*,*,*,*,*,*,*,*,*,*,*,*,*,*,*,*,*,*,*,*,*,*,*,*,*,*,*,*,*,*,*,*,*,*,*,*,*,*,*,*,*
53387797,0,,,103,61,42,52,40,12,1,0,1,36,11,25,17,14,3,6,0,6,4,2,2,0,0,0,1,0,1,2,1,1,1,1,0,33,18,15,20,10,10,8,6,2,1,0,1,4,2,2,206,105,101,63,28,35,96,55,41,19,5,14,9,7,2,67,41,26,0,0,0,18,7,11,13,6,7,35,19,16,109,51,58,5,3,54,16,146,134,12,3,4,1,98,6,7
53387798,0,,,6,2,4,4,2,2,0,0,0,2,0,2,3,2,1,0,0,0,0,0,0,0,0,0,0,0,0,0,0,0,0,0,0,0,0,0,0,0,0,0,0,0,0,0,0,0,0,0,9,4,5,3,2,1,3,1,2,1,0,1,0,0,0,5,3,2,0,0,0,0,0,0,0,0,0,1,0,1,3,1,2,1,1,2,0,9,9,0,0,0,0,6,0,0
53387799,1,,53387789,21,13,8,11,9,2,2,1,1,7,2,5,2,2,0,0,0,0,0,0,0,0,0,0,0,0,0,0,0,0,0,0,0,1,0,1,1,0,1,0,0,0,0,0,0,0,0,0,40,24,16,22,12,10,12,7,5,4,3,1,0,0,0,10,8,2,0,0,0,0,0,0,2,1,1,6,3,3,21,10,11,1,0,9,7,23,23,0,0,0,0,18,1,0
