KEY_CODE,HTKSYORI,HTKSAKI,GASSAN,T001100001,T001100002,T001100003,T001100004,T001100005,T001100006,T001100007,T001100008,T001100009,T001100010,T001100011,T001100012,T001100013,T001100014,T001100015,T001100016,T001100017,T001100018,T001100019,T001100020,T001100021,T001100022,T001100023,T001100024,T001100025,T001100026,T001100027,T001100028,T001100029,T001100030,T001100031,T001100032,T001100033,T001100034,T001100035,T001100036,T001100037,T001100038,T001100039,T001100040,T001100041,T001100042,T001100043,T001100044,T001100045,T001100046,T001100047,T001100048,T001100049,T001100050
,,,,Å@êlå˚ÅiëçêîÅj,Å@êlå˚ÅiëçêîÅjÅ@íj,Å@êlå˚ÅiëçêîÅjÅ@èó,Å@ÇOÅ`ÇPÇSçŒêlå˚Å@ëçêî,Å@ÇOÅ`ÇPÇSçŒêlå˚Å@íj,Å@ÇOÅ`ÇPÇSçŒêlå˚Å@èó,Å@ÇPÇTçŒà»è„êlå˚Å@ëçêî,Å@ÇPÇTçŒà»è„êlå˚Å@íj,Å@ÇPÇTçŒà»è„êlå˚Å@èó,Å@ÇPÇTÅ`ÇUÇSçŒêlå˚Å@ëçêî,Å@ÇPÇTÅ`ÇUÇSçŒêlå˚Å@íj,Å@ÇPÇTÅ`ÇUÇSçŒêlå˚Å@èó,Å@ÇPÇWçŒà»è„êlå˚Å@ëçêî,Å@ÇPÇWçŒà»è„êlå˚Å@íj,Å@ÇPÇWçŒà»è„êlå˚Å@èó,Å@ÇQÇOçŒà»è„êlå˚Å@ëçêî,Å@ÇQÇOçŒà»è„êlå˚Å@íj,Å@ÇQÇOçŒà»è„êlå˚Å@èó,Å@ÇUÇTçŒà»è„êlå˚Å@ëçêî,Å@ÇUÇTçŒà»è„êlå˚Å@íj,Å@ÇUÇTçŒà»è„êlå˚Å@èó,Å@ÇVÇTçŒà»è„êlå˚Å@ëçêî,Å@ÇVÇTçŒà»è„êlå˚Å@íj,Å@ÇVÇTçŒà»è„êlå˚Å@èó,Å@ÇWÇTçŒà»è„êlå˚Å@ëçêî,Å@ÇWÇTçŒà»è„êlå˚Å@íj,Å@ÇWÇTçŒà»è„êlå˚Å@èó,Å@ÇXÇTçŒà»è„êlå˚Å@ëçêî,Å@ÇXÇTçŒà»è„êlå˚Å@íj,Å@ÇXÇTçŒà»è„êlå˚Å@èó,Å@äOçëêlêlå˚Å@ëçêî,Å@äOçëêlêlå˚Å@íj,Å@äOçëêlêlå˚Å@èó,Å@ê¢ë—ëçêî,Å@àÍî ê¢ë—êî,Å@ÇPêlê¢ë—êîÅ@àÍî ê¢ë—êî,Å@ÇQêlê¢ë—êîÅ@àÍî ê¢ë—êî,Å@ÇRêlê¢ë—êîÅ@àÍî ê¢ë—êî,Å@ÇSêlê¢ë—êîÅ@àÍî ê¢ë—êî,Å@ÇTêlê¢ë—êîÅ@àÍî ê¢ë—êî,Å@ÇUêlê¢ë—êîÅ@àÍî ê¢ë—êî,Å@ÇVêlà»è„ê¢ë—êîÅ@àÍî ê¢ë—êî,Å@êeë∞ÇÃÇ›ÇÃê¢ë—êîÅ@àÍî ê¢ë—êî,Å@äjâ∆ë∞ê¢ë—êîÅ@àÍî ê¢ë—êî,Å@äjâ∆ë∞à»äOÇÃê¢ë—êîÅ@àÍî ê¢ë—êî,Å@ÇUçŒñ¢ñûê¢ë—àıÇÃÇ¢ÇÈê¢ë—êîÅ@àÍî ê¢ë—êî,Å@ÇUÇTçŒà»è„ê¢ë—àıÇÃÇ¢ÇÈê¢ë—êîÅ@àÍî ê¢ë—êî,Å@ê¢ë—éÂÇÃîNóÓÇ™ÇQÇOÅ`ÇQÇXçŒÇÃÇPêlê¢ë—êîÅ@àÍî ê¢ë—êî,Å@çÇóÓíPêgê¢ë—êîÅ@àÍî ê¢ë—êî,Å@çÇóÓïvïwê¢ë—êîÅ@àÍî ê¢ë—êî
53380060,1,,53381022;53381030,8,4,4,0,0,0,13,6,7,2,1,1,13,6,7,13,6,7,11,5,6,8,4,4,1,1,0,0,0,0,0,0,0,5,5,3,5,0,0,0,0,0,5,5,0,0,7,0,3,4
53380234,2,53380275,,2,1,1,*,*,*,*,*,*,*,*,*,*,*,*,*,*,*,*,*,*,*,*,*,*,*,*,*,*,*,*,*,*,2,2,*,*,*,*,*,*,*,*,*,*,*,*,*,*,*
53380244,2,53380275,,1,0,1,*,*,*,*,*,*,*,*,*,*,*,*,*,*,*,*,*,*,*,*,*,*,*,*,*,*,*,*,*,*,1,1,*,*,*,*,*,*,*,*,*,*,*,*,*,*,*
53380258,2,53380275,,1,1,0,*,*,*,*,*,*,*,*,*,*,*,*,*,*,*,*,*,*,*,*,*,*,*,*,*,*,*,*,*,*,1,1,*,*,*,*,*,*,*,*,*,*,*,*,*,*,*
53380265,2,53380275,,2,0,2,*,*,*,*,*,*,*,*,*,*,*,*,*,*,*,*,*,*,*,*,*,*,*,*,*,*,*,*,*,*,2,2,*,*,*,*,*,*,*,*,*,*,*,*,*,*,*
53380275,1,,53380234;53380244;53380258;53380265,55,26,29,2,2,0,59,26,33,26,16,10,58,26,32,57,25,32,33,10,23,27,8,19,9,3,6,1,0,1,0,0,0,30,30,20,10,4,1,1,0,0,16,14,2,0,26,0,14,6
53380285,1,,53380286;53380287;53380296,18,10,8,0,0,0,30,13,17,7,5,2,30,13,17,30,13,17,23,8,15,18,5,13,6,2,4,0,0,0,0,0,0,10,10,11,6,1,1,0,0,0,8,8,0,0,18,0,10,3
53380286,2,53380285,,5,2,3,*,*,*,*,*,*,*,*,*,*,*,*,*,*,*,*,*,*,*,*,*,*,*,*,*,*,*,*,*,*,4,4,*,*,*,*,*,*,*,*,*,*,*,*,*,*,*
53380287,2,53380285,,1,0,1,*,*,*,*,*,*,*,*,*,*,*,*,*,*,*,*,*,*,*,*,*,*,*,*,*,*,*,*,*,*,1,1,*,*,*,*,*,*,*,*,*,*,*,*,*,*,*
53380289,0,,,27,12,15,4,3,1,23,9,14,12,5,7,23,9,14,23,9,14,11,4,7,6,0,6,2,0,2,0,0,0,0,0,0,14,14,5,6,2,1,0,0,0,9,8,1,0,9,0,4,3
53380296,2,53380285,,6,1,5,*,*,*,*,*,*,*,*,*,*,*,*,*,*,*,*,*,*,*,*,*,*,*,*,*,*,*,*,*,*,4,4,*,*,*,*,*,*,*,*,*,*,*,*,*,*,*
53380297,2,53380298,,8,3,5,*,*,*,*,*,*,*,*,*,*,*,*,*,*,*,*,*,*,*,*,*,*,*,*,*,*,*,*,*,*,3,3,*,*,*,*,*,*,*,*,*,*,*,*,*,*,*
53380298,1,,53380297,38,18,20,2,2,0,44,19,25,19,7,12,42,19,23,41,18,23,25,12,13,16,7,9,7,4,3,1,1,0,0,0,0,23,23,14,5,6,1,0,0,0,12,10,2,1,19,0,10,5
53380299,0,,,89,46,43,5,3,2,84,43,41,47,24,23,79,41,38,78,41,37,37,19,18,19,8,11,6,4,2,0,0,0,0,0,0,47,47,23,14,4,4,2,0,0,23,19,4,1,26,6,11,5
53380301,0,,,72,41,31,1,1,0,71,40,31,30,18,12,71,40,31,71,40,31,41,22,19,28,13,15,12,5,7,0,0,0,0,0,0,30,30,6,14,5,2,3,0,0,24,16,8,1,27,0,4,7
53380303,0,,,19,7,12,1,0,1,18,7,11,9,4,5,17,6,11,16,6,10,9,3,6,7,1,6,2,0,2,0,0,0,0,0,0,11,11,6,4,0,0,1,0,0,5,5,0,1,8,0,6,2
53380304,0,,,22,11,11,3,2,1,19,9,10,11,6,5,17,7,10,17,7,10,8,3,5,3,0,3,3,0,3,0,0,0,0,0,0,8,8,1,4,1,0,2,0,0,7,6,1,0,5,0,1,2
53380305,0,,,129,62,67,2,2,0,127,60,67,65,32,33,124,58,66,122,58,64,62,28,34,35,14,21,15,5,10,0,0,0,1,0,1,52,52,9,19,15,8,1,0,0,42,32,10,0,45,0,8,9
53380306,1,,53380307,62,31,31,1,1,0,63,31,32,31,15,16,63,31,32,63,31,32,32,16,16,18,9,9,6,3,3,1,1,0,3,1,2,23,23,1,11,9,2,0,1,0,22,20,2,0,19,0,1,6
53380307,2,53380306,,2,1,1,*,*,*,*,*,*,*,*,*,*,*,*,*,*,*,*,*,*,*,*,*,*,*,*,*,*,*,*,*,*,1,1,*,*,*,*,*,*,*,*,*,*,*,*,*,*,*
53380312,0,,,64,21,43,5,1,4,59,20,39,27,9,18,59,20,39,58,19,39,32,11,21,20,5,15,15,3,12,2,0,2,0,0,0,25,25,7,7,6,2,2,0,1,18,11,7,2,22,0,7,1
53380313,0,,,30,13,17,0,0,0,30,13,17,17,9,8,30,13,17,29,13,16,13,4,9,7,1,6,3,0,3,0,0,0,0,0,0,13,13,4,2,6,1,0,0,0,9,5,4,0,9,0,3,1
53380315,1,,53380316,75,40,35,2,2,0,80,42,38,40,20,20,78,42,36,76,41,35,40,22,18,16,5,11,11,2,9,3,2,1,0,0,0,33,33,14,10,6,5,2,0,0,23,16,7,0,29,0,12,4
53380316,2,53380315,,7,4,3,*,*,*,*,*,*,*,*,*,*,*,*,*,*,*,*,*,*,*,*,*,*,*,*,*,*,*,*,*,*,4,4,*,*,*,*,*,*,*,*,*,*,*,*,*,*,*
53380323,0,,,226,118,108,34,16,18,192,102,90,137,75,62,180,94,86,178,92,86,55,27,28,27,12,15,7,2,5,2,0,2,0,0,0,99,99,37,31,13,10,3,4,1,62,50,12,11,42,7,13,7
53380324,2,53380325,,2,1,1,*,*,*,*,*,*,*,*,*,*,*,*,*,*,*,*,*,*,*,*,*,*,*,*,*,*,*,*,*,*,1,1,*,*,*,*,*,*,*,*,*,*,*,*,*,*,*
53380325,1,,53380324,70,40,30,5,2,3,67,39,28,40,24,16,63,35,28,62,34,28,27,15,12,11,5,6,3,1,2,1,0,1,0,0,0,25,25,6,7,4,6,2,1,0,20,13,7,1,20,0,6,4
53380326,0,,,89,45,44,11,8,3,78,37,41,43,23,20,74,35,39,73,34,39,35,14,21,21,8,13,7,3,4,1,0,1,1,0,1,38,38,15,12,3,4,1,1,2,23,17,6,3,26,1,8,5
53380333,0,,,110,51,59,3,2,1,107,49,58,29,17,12,107,49,58,106,49,57,78,32,46,53,17,36,29,9,20,4,1,3,1,0,1,32,31,7,15,5,3,0,0,1,24,15,9,1,24,1,5,6
53380334,0,,,18,10,8,1,1,0,17,9,8,6,3,3,16,9,7,16,9,7,11,6,5,8,5,3,2,2,0,0,0,0,0,0,0,7,7,1,4,1,0,0,1,0,6,5,1,0,6,0,1,4
53380335,0,,,196,107,89,11,7,4,176,91,85,86,47,39,175,90,85,174,90,84,90,44,46,55,25,30,22,10,12,2,0,2,1,1,0,93,93,29,38,14,11,1,0,0,64,54,10,2,59,1,11,25
53380336,0,,,412,202,210,50,27,23,348,161,187,191,96,95,336,154,182,327,149,178,157,65,92,101,34,67,52,17,35,14,3,11,1,0,1,159,158,60,41,21,19,9,3,5,98,71,27,5,95,7,26,19
53380343,0,,,33,17,16,0,0,0,33,17,16,12,8,4,33,17,16,33,17,16,21,9,12,15,5,10,8,3,5,0,0,0,0,0,0,16,16,5,7,2,2,0,0,0,11,9,2,0,14,0,5,4
53380344,0,,,585,281,304,40,23,17,545,258,287,280,143,137,526,250,276,525,249,276,265,115,150,155,63,92,47,16,31,4,0,4,0,0,0,250,250,82,75,45,35,7,2,4,168,128,40,11,178,4,59,47
53380345,0,,,297,136,161,13,8,5,281,125,156,108,62,46,266,110,156,263,109,154,173,63,110,122,37,85,78,18,60,17,3,14,2,0,2,104,100,35,38,15,10,0,2,0,65,58,7,3,69,3,21,26
53380346,0,,,174,86,88,34,16,18,140,70,70,84,48,36,136,69,67,135,69,66,56,22,34,38,13,25,16,4,12,2,0,2,1,1,0,70,70,24,22,6,9,5,3,1,46,39,7,8,38,0,12,11
53380348,2,53380356,,1,1,0,*,*,*,*,*,*,*,*,*,*,*,*,*,*,*,*,*,*,*,*,*,*,*,*,*,*,*,*,*,*,1,1,*,*,*,*,*,*,*,*,*,*,*,*,*,*,*
53380353,1,,53380362;53380363,253,137,116,25,18,7,244,128,116,156,89,67,236,122,114,232,119,113,88,39,49,44,15,29,9,5,4,1,1,0,1,1,0,81,73,26,15,12,9,8,5,2,51,27,24,5,51,4,12,6
53380354,1,,53380364,182,117,65,5,0,5,188,125,63,123,91,32,174,111,63,164,102,62,65,34,31,36,22,14,12,7,5,1,1,0,1,1,0,68,67,28,17,15,4,3,0,2,41,30,11,2,45,6,11,11
53380355,0,,,272,132,140,24,12,12,248,120,128,148,78,70,240,117,123,237,115,122,100,42,58,52,16,36,18,3,15,1,0,1,2,0,2,114,114,33,39,21,14,3,2,2,80,65,15,4,73,0,23,14
53380356,1,,53380348;53380358,158,78,80,9,4,5,151,75,76,85,49,36,148,72,76,148,72,76,66,26,40,39,12,27,16,4,12,2,0,2,0,0,0,63,63,20,20,13,6,2,2,2,45,31,14,2,47,0,11,10
53380358,2,53380356,,1,0,1,*,*,*,*,*,*,*,*,*,*,*,*,*,*,*,*,*,*,*,*,*,*,*,*,*,*,*,*,*,*,1,1,*,*,*,*,*,*,*,*,*,*,*,*,*,*,*
53380360,2,53380370,,2,1,1,*,*,*,*,*,*,*,*,*,*,*,*,*,*,*,*,*,*,*,*,*,*,*,*,*,*,*,*,*,*,1,1,*,*,*,*,*,*,*,*,*,*,*,*,*,*,*
53380362,2,53380353,,15,8,7,*,*,*,*,*,*,*,*,*,*,*,*,*,*,*,*,*,*,*,*,*,*,*,*,*,*,*,*,*,*,3,3,*,*,*,*,*,*,*,*,*,*,*,*,*,*,*
53380363,2,53380353,,1,1,0,*,*,*,*,*,*,*,*,*,*,*,*,*,*,*,*,*,*,*,*,*,*,*,*,*,*,*,*,*,*,1,1,*,*,*,*,*,*,*,*,*,*,*,*,*,*,*
53380364,2,53380354,,11,8,3,*,*,*,*,*,*,*,*,*,*,*,*,*,*,*,*,*,*,*,*,*,*,*,*,*,*,*,*,*,*,3,2,*,*,*,*,*,*,*,*,*,*,*,*,*,*,*
53380365,0,,,49,20,29,4,0,4,45,20,25,24,9,15,44,20,24,43,19,24,21,11,10,14,6,8,8,4,4,0,0,0,0,0,0,16,16,4,3,3,2,2,2,0,12,5,7,1,16,0,4,3
53380366,0,,,111,53,58,9,6,3,102,47,55,46,21,25,100,46,54,100,46,54,56,26,30,34,15,19,19,6,13,2,0,2,0,0,0,52,52,20,19,6,5,0,0,2,31,24,7,4,39,0,14,11
53380370,1,,53380360,59,30,29,4,2,2,57,29,28,25,17,8,56,28,28,56,28,28,32,12,20,17,5,12,6,1,5,1,0,1,0,0,0,28,28,10,12,4,1,1,1,0,19,16,3,0,23,0,6,5
53380374,1,,53380375,17,8,9,0,0,0,21,10,11,7,5,2,21,10,11,21,10,11,14,5,9,10,2,8,8,2,6,0,0,0,0,0,0,8,8,4,5,1,1,0,0,0,7,7,0,0,11,0,4,1
53380375,2,53380374,,4,2,2,*,*,*,*,*,*,*,*,*,*,*,*,*,*,*,*,*,*,*,*,*,*,*,*,*,*,*,*,*,*,3,3,*,*,*,*,*,*,*,*,*,*,*,*,*,*,*
53380376,0,,,60,33,27,7,5,2,53,28,25,27,16,11,50,26,24,50,26,24,26,12,14,17,8,9,5,2,3,0,0,0,0,0,0,18,18,1,4,6,3,3,1,0,17,10,7,1,15,0,1,3
53380385,0,,,147,89,58,6,4,2,141,85,56,87,57,30,139,85,54,139,85,54,54,28,26,28,12,16,8,4,4,1,0,1,4,4,0,66,66,28,16,13,4,1,2,2,36,27,9,1,37,14,9,4
53380386,0,,,20,10,10,0,0,0,20,10,10,10,5,5,19,9,10,19,9,10,10,5,5,5,1,4,3,0,3,0,0,0,0,0,0,10,10,4,3,2,1,0,0,0,6,5,1,0,7,0,4,1
53380389,2,53380398,,10,3,7,*,*,*,*,*,*,*,*,*,*,*,*,*,*,*,*,*,*,*,*,*,*,*,*,*,*,*,*,*,*,5,5,*,*,*,*,*,*,*,*,*,*,*,*,*,*,*
53380390,1,,53380392,27,14,13,2,2,0,27,14,13,12,6,6,26,13,13,26,13,13,15,8,7,10,5,5,4,2,2,0,0,0,0,0,0,12,12,7,3,2,0,2,0,0,6,5,1,0,12,0,7,1
53380392,2,53380390,,2,2,0,*,*,*,*,*,*,*,*,*,*,*,*,*,*,*,*,*,*,*,*,*,*,*,*,*,*,*,*,*,*,2,2,*,*,*,*,*,*,*,*,*,*,*,*,*,*,*
53380394,2,53380395,,8,5,3,*,*,*,*,*,*,*,*,*,*,*,*,*,*,*,*,*,*,*,*,*,*,*,*,*,*,*,*,*,*,4,4,*,*,*,*,*,*,*,*,*,*,*,*,*,*,*
53380395,1,,53380394,493,235,258,41,24,17,460,216,244,250,119,131,448,212,236,441,208,233,210,97,113,110,45,65,47,18,29,5,0,5,2,1,1,193,193,42,75,40,19,15,4,2,153,117,36,13,144,0,28,37
53380396,0,,,51,25,26,2,2,0,49,23,26,26,13,13,49,23,26,49,23,26,23,10,13,12,6,6,5,2,3,0,0,0,0,0,0,22,22,5,11,3,2,0,0,1,17,15,2,1,16,0,4,6
53380398,1,,53380389,11,4,7,0,0,0,21,7,14,6,4,2,21,7,14,21,7,14,15,3,12,9,3,6,4,1,3,1,0,1,0,0,0,7,7,4,7,1,0,0,0,0,8,7,1,0,11,0,4,3
53380404,0,,,10,6,4,0,0,0,10,6,4,8,5,3,10,6,4,9,5,4,2,1,1,2,1,1,0,0,0,0,0,0,1,0,1,5,5,4,0,0,0,0,1,0,1,0,1,0,1,3,0,0
53380405,0,,,36,23,13,2,2,0,34,21,13,19,13,6,34,21,13,34,21,13,15,8,7,7,4,3,1,0,1,0,0,0,0,0,0,16,16,5,7,0,3,1,0,0,11,11,0,1,10,0,3,3
53380406,1,,53380416,78,42,36,8,6,2,71,36,35,41,20,21,70,35,35,70,35,35,30,16,14,9,5,4,1,1,0,0,0,0,2,1,1,37,37,12,18,4,3,0,0,1,25,23,2,1,21,0,5,8
53380407,1,,53380408,77,41,36,12,5,7,70,39,31,35,21,14,67,36,31,67,36,31,35,18,17,15,8,7,0,0,0,0,0,0,1,0,1,34,34,11,15,3,7,1,0,0,26,24,2,3,23,0,5,9
53380408,2,53380407,,6,4,2,*,*,*,*,*,*,*,*,*,*,*,*,*,*,*,*,*,*,*,*,*,*,*,*,*,*,*,*,*,*,3,3,*,*,*,*,*,*,*,*,*,*,*,*,*,*,*
53380409,2,53380418,,46,42,4,*,*,*,*,*,*,*,*,*,*,*,*,*,*,*,*,*,*,*,*,*,*,*,*,*,*,*,*,*,*,5,2,*,*,*,*,*,*,*,*,*,*,*,*,*,*,*
53380415,0,,,37,20,17,3,1,2,34,19,15,21,11,10,32,18,14,32,18,14,13,8,5,5,3,2,1,0,1,0,0,0,1,1,0,17,17,6,5,4,1,1,0,0,10,8,2,1,11,0,4,3
53380416,2,53380406,,1,0,1,*,*,*,*,*,*,*,*,*,*,*,*,*,*,*,*,*,*,*,*,*,*,*,*,*,*,*,*,*,*,1,1,*,*,*,*,*,*,*,*,*,*,*,*,*,*,*
53380417,0,,,40,19,21,2,2,0,38,17,21,28,14,14,38,17,21,37,17,20,10,3,7,5,1,4,3,1,2,0,0,0,3,0,3,15,15,4,5,2,1,2,1,0,11,8,3,1,8,2,1,0
53380418,1,,53380409,72,39,33,1,0,1,117,81,36,89,67,22,113,79,34,97,65,32,28,14,14,10,3,7,8,3,5,2,1,1,4,3,1,25,25,7,6,6,3,5,0,0,20,9,11,0,18,0,3,2
53380424,0,,,57,31,26,6,4,2,51,27,24,22,14,8,46,23,23,46,23,23,29,13,16,17,9,8,4,2,2,0,0,0,0,0,0,20,20,5,6,4,2,1,0,2,15,12,3,1,16,0,3,5
53380425,0,,,80,40,40,11,5,6,69,35,34,42,21,21,69,35,34,69,35,34,27,14,13,13,5,8,1,0,1,0,0,0,0,0,0,35,35,9,14,8,2,1,1,0,26,24,2,3,20,0,4,7
53380426,1,,53380437,13,8,5,0,0,0,17,10,7,12,7,5,17,10,7,17,10,7,5,3,2,2,1,1,0,0,0,0,0,0,0,0,0,5,5,0,5,1,1,0,0,0,7,7,0,0,3,0,0,1
53380427,0,,,60,29,31,6,3,3,52,25,27,29,15,14,49,25,24,46,23,23,23,10,13,11,5,6,2,1,1,0,0,0,0,0,0,24,24,8,9,1,1,3,2,0,15,11,4,0,14,0,4,5
53380428,1,,53380439,42,26,16,4,3,1,49,26,23,31,17,14,49,26,23,47,26,21,18,9,9,4,1,3,2,0,2,0,0,0,4,3,1,16,16,6,2,5,4,0,2,0,13,9,4,0,12,3,1,1
53380429,0,,,24,10,14,2,1,1,22,9,13,17,6,11,22,9,13,20,9,11,5,3,2,5,3,2,3,2,1,0,0,0,3,0,3,10,10,4,3,0,2,0,1,0,6,4,2,1,3,1,0,1
53380434,0,,,105,54,51,7,3,4,98,51,47,53,31,22,95,49,46,95,49,46,45,20,25,21,10,11,7,4,3,0,0,0,0,0,0,38,38,3,14,12,8,0,1,0,35,26,9,3,27,0,3,9
53380435,0,,,265,125,140,12,4,8,253,121,132,136,72,64,249,120,129,243,119,124,117,49,68,52,17,35,19,7,12,0,0,0,2,1,1,104,103,20,42,21,15,2,2,1,81,57,24,5,78,1,14,22
53380436,0,,,32,17,15,0,0,0,31,17,14,18,11,7,31,17,14,31,17,14,13,6,7,5,2,3,1,0,1,0,0,0,0,0,0,19,19,8,10,0,1,0,0,0,11,11,0,0,10,0,4,3
53380437,2,53380426,,4,2,2,*,*,*,*,*,*,*,*,*,*,*,*,*,*,*,*,*,*,*,*,*,*,*,*,*,*,*,*,*,*,2,2,*,*,*,*,*,*,*,*,*,*,*,*,*,*,*
53380438,1,,53380447,43,24,19,9,5,4,41,23,18,23,12,11,39,21,18,38,20,18,18,11,7,6,4,2,3,1,2,0,0,0,0,0,0,18,18,7,7,1,2,1,1,1,13,9,4,1,12,0,4,4
53380439,2,53380428,,11,3,8,*,*,*,*,*,*,*,*,*,*,*,*,*,*,*,*,*,*,*,*,*,*,*,*,*,*,*,*,*,*,3,3,*,*,*,*,*,*,*,*,*,*,*,*,*,*,*
53380444,0,,,12,7,5,0,0,0,12,7,5,6,3,3,11,6,5,11,6,5,6,4,2,3,2,1,1,0,1,0,0,0,0,0,0,4,4,0,0,4,0,0,0,0,4,2,2,0,4,0,0,0
53380445,1,,53380456,131,68,63,19,14,5,113,55,58,61,29,32,110,53,57,108,53,55,52,26,26,20,10,10,9,3,6,1,0,1,0,0,0,45,45,9,15,8,5,7,1,1,37,26,11,7,34,1,6,10
53380447,2,53380438,,7,4,3,*,*,*,*,*,*,*,*,*,*,*,*,*,*,*,*,*,*,*,*,*,*,*,*,*,*,*,*,*,*,2,2,*,*,*,*,*,*,*,*,*,*,*,*,*,*,*
53380448,1,,53380457;53380458,31,17,14,3,2,1,37,22,15,22,14,8,36,21,15,36,21,15,15,8,7,6,4,2,4,3,1,0,0,0,1,1,0,11,11,5,6,3,2,0,1,0,12,8,4,1,9,0,2,3
53380454,0,,,9,4,5,0,0,0,9,4,5,2,1,1,9,4,5,9,4,5,7,3,4,3,1,2,2,1,1,0,0,0,0,0,0,6,6,3,3,0,0,0,0,0,3,3,0,0,5,0,2,3
53380455,1,,53380465,13,7,6,4,2,2,18,9,9,12,7,5,18,9,9,18,9,9,6,2,4,5,2,3,0,0,0,0,0,0,1,1,0,6,6,0,7,1,0,1,0,0,9,8,1,1,4,0,0,2
53380456,2,53380445,,1,1,0,*,*,*,*,*,*,*,*,*,*,*,*,*,*,*,*,*,*,*,*,*,*,*,*,*,*,*,*,*,*,1,1,*,*,*,*,*,*,*,*,*,*,*,*,*,*,*
53380457,2,53380448,,7,5,2,*,*,*,*,*,*,*,*,*,*,*,*,*,*,*,*,*,*,*,*,*,*,*,*,*,*,*,*,*,*,4,4,*,*,*,*,*,*,*,*,*,*,*,*,*,*,*
53380458,2,53380448,,2,2,0,*,*,*,*,*,*,*,*,*,*,*,*,*,*,*,*,*,*,*,*,*,*,*,*,*,*,*,*,*,*,2,2,*,*,*,*,*,*,*,*,*,*,*,*,*,*,*
53380465,2,53380455,,9,4,5,*,*,*,*,*,*,*,*,*,*,*,*,*,*,*,*,*,*,*,*,*,*,*,*,*,*,*,*,*,*,3,3,*,*,*,*,*,*,*,*,*,*,*,*,*,*,*
53380466,2,53380476,,3,2,1,*,*,*,*,*,*,*,*,*,*,*,*,*,*,*,*,*,*,*,*,*,*,*,*,*,*,*,*,*,*,2,2,*,*,*,*,*,*,*,*,*,*,*,*,*,*,*
53380467,2,53380476,,1,1,0,*,*,*,*,*,*,*,*,*,*,*,*,*,*,*,*,*,*,*,*,*,*,*,*,*,*,*,*,*,*,1,1,*,*,*,*,*,*,*,*,*,*,*,*,*,*,*
53380468,2,53380478,,12,6,6,*,*,*,*,*,*,*,*,*,*,*,*,*,*,*,*,*,*,*,*,*,*,*,*,*,*,*,*,*,*,3,3,*,*,*,*,*,*,*,*,*,*,*,*,*,*,*
53380476,1,,53380466;53380467;53380484,24,13,11,8,4,4,31,18,13,15,8,7,31,18,13,31,18,13,16,10,6,6,4,2,5,3,2,0,0,0,1,1,0,8,8,3,4,2,1,2,0,1,10,5,5,2,8,0,2,2
53380478,1,,53380468,9,5,4,2,0,2,19,11,8,11,7,4,19,11,8,19,11,8,8,4,4,4,1,3,4,1,3,0,0,0,0,0,0,3,3,0,0,3,3,0,0,0,6,4,2,1,4,0,0,0
53380479,0,,,34,17,17,0,0,0,34,17,17,22,13,9,34,17,17,34,17,17,12,4,8,10,3,7,6,2,4,0,0,0,0,0,0,12,12,3,2,1,6,0,0,0,9,3,6,0,10,0,2,1
53380484,2,53380476,,11,6,5,*,*,*,*,*,*,*,*,*,*,*,*,*,*,*,*,*,*,*,*,*,*,*,*,*,*,*,*,*,*,2,2,*,*,*,*,*,*,*,*,*,*,*,*,*,*,*
53380486,0,,,23,13,10,6,4,2,17,9,8,10,5,5,16,9,7,16,9,7,7,4,3,4,2,2,0,0,0,0,0,0,0,0,0,7,7,0,4,0,1,1,1,0,7,6,1,1,4,0,0,2
53380487,1,,53380497,52,30,22,10,4,6,50,31,19,32,19,13,50,31,19,50,31,19,18,12,6,6,3,3,2,1,1,0,0,0,2,2,0,15,15,2,3,7,2,2,1,1,15,11,4,2,11,0,1,0
53380488,0,,,31,15,16,7,4,3,24,11,13,13,7,6,24,11,13,24,11,13,11,4,7,5,2,3,1,0,1,0,0,0,1,0,1,9,9,0,5,1,0,1,1,1,9,5,4,3,7,0,0,3
53380489,0,,,56,28,28,11,4,7,45,24,21,33,18,15,39,21,18,39,21,18,12,6,6,8,5,3,2,0,2,0,0,0,1,0,1,19,19,6,1,4,4,4,0,0,13,10,3,2,9,0,2,0
53380497,2,53380487,,8,5,3,*,*,*,*,*,*,*,*,*,*,*,*,*,*,*,*,*,*,*,*,*,*,*,*,*,*,*,*,*,*,3,3,*,*,*,*,*,*,*,*,*,*,*,*,*,*,*
53380498,0,,,26,13,13,0,0,0,26,13,13,11,6,5,26,13,13,26,13,13,15,7,8,6,2,4,1,0,1,0,0,0,0,0,0,12,12,3,5,3,1,0,0,0,9,7,2,0,8,0,2,4
53380499,0,,,77,36,41,2,1,1,75,35,40,31,17,14,75,35,40,75,35,40,44,18,26,15,7,8,4,2,2,0,0,0,1,0,1,38,38,14,15,5,2,2,0,0,24,18,6,1,26,3,3,9
53380538,0,,,8,8,0,0,0,0,8,8,0,8,8,0,8,8,0,8,8,0,0,0,0,0,0,0,0,0,0,0,0,0,0,0,0,8,8,8,0,0,0,0,0,0,0,0,0,0,0,0,0,0
53380570,0,,,16,8,8,0,0,0,16,8,8,10,5,5,16,8,8,16,8,8,6,3,3,2,1,1,0,0,0,0,0,0,0,0,0,6,6,1,1,3,1,0,0,0,5,4,1,0,3,0,0,1
53380580,0,,,53,29,24,2,1,1,51,28,23,30,16,14,50,28,22,48,26,22,21,12,9,10,4,6,4,1,3,1,1,0,2,0,2,19,19,2,7,5,4,0,1,0,16,9,7,0,13,0,1,3
53380590,0,,,75,42,33,7,6,1,68,36,32,30,15,15,67,35,32,66,34,32,38,21,17,13,6,7,4,1,3,2,0,2,1,1,0,31,31,8,14,4,2,2,0,1,23,18,5,3,25,0,4,10
53380591,0,,,14,6,8,2,0,2,12,6,6,8,4,4,12,6,6,12,6,6,4,2,2,1,1,0,0,0,0,0,0,0,0,0,0,5,5,2,0,1,1,1,0,0,3,2,1,1,3,0,1,0
53380603,0,,,564,537,27,0,0,0,564,537,27,564,537,27,564,537,27,494,475,19,0,0,0,0,0,0,0,0,0,0,0,0,0,0,0,12,0,0,0,0,0,0,0,0,0,0,0,0,0,0,0,0
53380604,0,,,27,18,9,0,0,0,27,18,9,27,18,9,27,18,9,23,14,9,0,0,0,0,0,0,0,0,0,0,0,0,0,0,0,3,0,0,0,0,0,0,0,0,0,0,0,0,0,0,0,0
53380629,0,,,1151,1090,61,0,0,0,1151,1090,61,1149,1089,60,1151,1090,61,1061,1014,47,2,1,1,0,0,0,0,0,0,0,0,0,0,0,0,27,7,6,1,0,0,0,0,0,1,1,0,0,2,0,1,0
53380632,0,,,4,4,0,0,0,0,4,4,0,4,4,0,4,4,0,4,4,0,0,0,0,0,0,0,0,0,0,0,0,0,0,0,0,4,4,4,0,0,0,0,0,0,0,0,0,0,0,0,0,0
53380638,0,,,279,234,45,2,0,2,277,234,43,263,227,36,277,234,43,256,220,36,14,7,7,9,4,5,2,1,1,0,0,0,1,0,1,42,22,12,4,4,0,1,1,0,10,7,3,0,11,0,5,1
53380639,0,,,2200,1150,1050,269,129,140,1927,1018,909,1344,745,599,1872,986,886,1846,973,873,583,273,310,256,103,153,64,25,39,5,3,2,39,20,19,941,940,342,266,178,88,38,14,14,594,512,82,76,391,18,112,94
53380640,0,,,4,4,0,0,0,0,4,4,0,4,4,0,4,4,0,4,4,0,0,0,0,0,0,0,0,0,0,0,0,0,0,0,0,4,4,4,0,0,0,0,0,0,0,0,0,0,0,0,0,0
53380641,0,,,4,4,0,0,0,0,4,4,0,4,4,0,4,4,0,4,4,0,0,0,0,0,0,0,0,0,0,0,0,0,0,0,0,4,4,4,0,0,0,0,0,0,0,0,0,0,0,0,0,0
53380648,0,,,114,59,55,8,6,2,106,53,53,54,27,27,104,53,51,104,53,51,52,26,26,23,12,11,4,2,2,0,0,0,0,0,0,66,66,29,30,3,4,0,0,0,35,34,1,3,38,0,18,14
53380649,0,,,78,44,34,15,7,8,63,37,26,47,28,19,60,35,25,59,34,25,16,9,7,6,3,3,0,0,0,0,0,0,3,1,2,33,33,16,3,4,6,4,0,0,17,14,3,4,11,3,5,2
53380678,0,,,40,19,21,7,3,4,33,16,17,21,10,11,33,16,17,31,15,16,12,6,6,4,2,2,1,0,1,0,0,0,0,0,0,12,12,1,3,3,2,2,1,0,11,8,3,2,7,0,0,3
53380679,0,,,45,24,21,3,2,1,42,22,20,29,15,14,41,21,20,40,20,20,13,7,6,8,5,3,2,1,1,0,0,0,5,3,2,22,22,6,11,4,0,1,0,0,14,14,0,0,9,0,2,4
53380687,0,,,35,16,19,4,2,2,31,14,17,27,12,15,31,14,17,31,14,17,4,2,2,3,2,1,1,1,0,0,0,0,4,2,2,14,14,3,6,1,3,1,0,0,11,8,3,1,3,0,0,1
53380688,0,,,154,71,83,14,7,7,139,64,75,82,36,46,134,62,72,131,60,71,57,28,29,26,12,14,6,1,5,2,0,2,1,0,1,60,60,17,17,9,12,2,3,0,41,32,9,2,37,1,10,10
53380689,0,,,21,11,10,0,0,0,21,11,10,11,6,5,21,11,10,21,11,10,10,5,5,6,3,3,1,0,1,0,0,0,0,0,0,11,11,3,6,2,0,0,0,0,8,8,0,0,7,1,2,3
53380697,0,,,314,154,160,39,20,19,275,134,141,187,87,100,264,129,135,260,127,133,88,47,41,41,17,24,7,2,5,0,0,0,4,1,3,122,122,26,43,24,20,5,3,1,96,84,12,11,62,0,17,22
53380698,0,,,512,245,267,73,37,36,438,207,231,264,135,129,423,199,224,417,197,220,174,72,102,82,31,51,25,7,18,2,0,2,7,4,3,163,161,24,42,38,29,16,4,8,136,90,46,19,99,3,8,25
53380700,2,53380701,,11,5,6,*,*,*,*,*,*,*,*,*,*,*,*,*,*,*,*,*,*,*,*,*,*,*,*,*,*,*,*,*,*,2,2,*,*,*,*,*,*,*,*,*,*,*,*,*,*,*
53380701,1,,53380700,100,50,50,11,5,6,100,50,50,63,33,30,96,46,50,95,46,49,37,17,20,15,7,8,4,2,2,0,0,0,7,6,1,47,47,18,15,7,5,2,2,0,31,27,4,3,24,0,5,9
53380702,0,,,95,46,49,11,5,6,84,41,43,51,23,28,81,40,41,79,40,39,33,18,15,21,9,12,13,7,6,2,2,0,0,0,0,30,30,6,9,7,3,1,0,4,24,13,11,3,22,0,4,2
53380703,0,,,264,127,137,31,19,12,233,108,125,151,71,80,217,104,113,212,102,110,82,37,45,35,15,20,10,4,6,1,0,1,1,0,1,80,80,6,24,18,16,8,6,2,73,51,22,7,51,0,5,9
53380704,0,,,509,227,282,56,32,24,453,195,258,272,123,149,436,190,246,425,187,238,181,72,109,90,31,59,24,7,17,3,0,3,5,2,3,176,176,28,57,42,24,13,5,7,147,101,46,8,121,0,15,28
53380705,0,,,1139,562,577,171,82,89,967,479,488,631,322,309,936,465,471,913,454,459,336,157,179,167,69,98,56,20,36,5,1,4,8,7,1,356,356,53,89,81,58,36,24,15,303,198,105,47,213,4,27,32
53380706,0,,,675,329,346,87,44,43,584,281,303,352,168,184,570,274,296,559,269,290,232,113,119,104,46,58,43,17,26,4,1,3,10,7,3,222,222,37,63,43,41,19,10,9,183,130,53,23,136,0,16,35
53380707,0,,,136,68,68,11,7,4,125,61,64,88,44,44,121,59,62,119,59,60,37,17,20,16,9,7,3,3,0,0,0,0,0,0,0,28,27,6,5,7,3,3,2,1,20,14,6,4,14,1,1,1
53380708,0,,,695,324,371,76,36,40,619,288,331,386,193,193,600,281,319,589,276,313,233,95,138,119,46,73,44,13,31,2,1,1,1,0,1,261,261,51,94,53,37,14,7,5,205,146,59,25,154,7,21,32
53380710,0,,,26,19,7,0,0,0,26,19,7,17,14,3,26,19,7,26,19,7,9,5,4,4,2,2,0,0,0,0,0,0,0,0,0,16,16,9,4,3,0,0,0,0,7,7,0,0,5,0,1,2
53380711,2,53380721,,303,66,237,*,*,*,*,*,*,*,*,*,*,*,*,*,*,*,*,*,*,*,*,*,*,*,*,*,*,*,*,*,*,5,2,*,*,*,*,*,*,*,*,*,*,*,*,*,*,*
53380712,0,,,22,11,11,4,2,2,18,9,9,13,7,6,18,9,9,17,9,8,5,2,3,2,1,1,0,0,0,0,0,0,0,0,0,8,8,1,4,0,2,1,0,0,7,6,1,2,3,0,1,1
53380713,0,,,155,72,83,32,12,20,123,60,63,77,35,42,116,58,58,114,57,57,46,25,21,23,11,12,10,5,5,2,2,0,0,0,0,36,36,3,8,4,5,4,3,9,33,15,18,8,26,0,2,6
53380714,0,,,452,218,234,70,33,37,382,185,197,226,117,109,371,180,191,365,176,189,156,68,88,73,25,48,23,7,16,1,0,1,4,1,3,146,146,18,52,23,26,15,5,7,128,96,32,15,99,0,12,24
53380715,0,,,1505,722,783,230,117,113,1274,604,670,813,416,397,1234,584,650,1205,566,639,461,188,273,249,82,167,109,25,84,25,2,23,9,2,7,469,456,77,113,99,88,46,21,12,379,284,95,57,240,3,45,54
53380716,0,,,800,407,393,56,27,29,737,373,364,480,254,226,723,365,358,706,358,348,257,119,138,134,64,70,37,17,20,3,2,1,36,2,34,345,345,145,74,55,38,15,11,7,197,138,59,15,170,48,31,38
53380717,0,,,318,148,170,28,12,16,290,136,154,175,85,90,285,134,151,282,134,148,115,51,64,51,14,37,22,6,16,4,1,3,5,1,4,116,116,24,37,27,13,7,5,3,92,60,32,6,75,1,11,17
53380718,0,,,456,225,231,55,28,27,401,197,204,258,136,122,388,188,200,380,183,197,143,61,82,79,29,50,26,5,21,0,0,0,0,0,0,157,156,37,40,32,21,11,7,8,118,80,38,17,91,4,15,12
53380720,0,,,202,119,83,60,27,33,142,92,50,134,88,46,140,90,50,140,90,50,8,4,4,2,0,2,1,0,1,0,0,0,0,0,0,89,89,42,9,18,13,6,1,0,47,46,1,26,6,1,2,2
53380721,1,,53380711;53380722,48,23,25,6,6,0,349,85,264,35,16,19,348,85,263,348,85,263,314,69,245,286,58,228,205,36,169,41,2,39,3,2,1,15,15,4,6,3,5,0,1,1,16,9,7,3,11,0,1,2
53380722,2,53380721,,4,2,2,*,*,*,*,*,*,*,*,*,*,*,*,*,*,*,*,*,*,*,*,*,*,*,*,*,*,*,*,*,*,3,3,*,*,*,*,*,*,*,*,*,*,*,*,*,*,*
53380723,0,,,14,9,5,3,3,0,11,6,5,8,4,4,11,6,5,11,6,5,3,2,1,0,0,0,0,0,0,0,0,0,0,0,0,7,7,4,1,1,0,1,0,0,3,3,0,0,2,0,1,0
53380724,0,,,320,165,155,82,48,34,238,117,121,178,92,86,234,115,119,231,115,116,60,25,35,24,9,15,6,0,6,0,0,0,6,3,3,109,109,19,33,17,23,12,3,2,90,77,13,32,38,9,4,14
53380725,0,,,398,185,213,44,21,23,345,155,190,177,88,89,338,153,185,334,151,183,168,67,101,107,34,73,50,11,39,9,1,8,4,0,4,141,127,46,24,30,10,8,5,4,80,47,33,11,74,4,18,15
53380726,0,,,16,8,8,0,0,0,16,8,8,11,6,5,15,8,7,14,7,7,5,2,3,2,0,2,0,0,0,0,0,0,0,0,0,6,6,2,1,2,0,0,1,0,4,3,1,0,3,0,0,1
53380727,0,,,142,75,67,11,5,6,131,70,61,77,42,35,130,69,61,128,68,60,54,28,26,24,12,12,7,2,5,0,0,0,0,0,0,48,48,8,17,6,9,4,3,1,40,25,15,3,38,0,7,7
53380728,0,,,1218,599,619,160,83,77,1055,513,542,696,347,349,1016,492,524,991,478,513,359,166,193,182,79,103,67,24,43,2,2,0,3,1,2,456,456,108,130,101,72,27,10,8,345,264,81,41,234,7,46,53
53380729,0,,,174,84,90,5,3,2,169,81,88,61,34,27,164,77,87,163,77,86,108,47,61,83,33,50,40,14,26,6,1,5,3,2,1,49,48,11,22,7,4,2,2,0,37,28,9,2,32,1,6,10
53380730,0,,,862,538,324,205,107,98,641,416,225,601,398,203,624,410,214,617,406,211,40,18,22,17,8,9,5,2,3,0,0,0,15,9,6,416,416,226,51,50,64,23,1,1,188,181,7,63,30,10,7,4
53380732,2,53380733,,3,1,2,*,*,*,*,*,*,*,*,*,*,*,*,*,*,*,*,*,*,*,*,*,*,*,*,*,*,*,*,*,*,3,3,*,*,*,*,*,*,*,*,*,*,*,*,*,*,*
53380733,1,,53380732;53380742,23,11,12,6,3,3,22,10,12,13,6,7,22,10,12,22,10,12,9,4,5,5,2,3,2,0,2,0,0,0,2,0,2,6,6,6,1,2,0,0,1,1,5,2,3,2,6,1,2,1
53380734,0,,,131,67,64,8,5,3,123,62,61,74,41,33,121,61,60,120,61,59,49,21,28,21,7,14,6,1,5,1,0,1,1,0,1,26,24,3,6,5,6,1,1,2,21,13,8,2,18,0,2,4
53380735,0,,,30,18,12,3,3,0,27,15,12,13,7,6,27,15,12,27,15,12,14,8,6,12,6,6,8,5,3,0,0,0,0,0,0,9,9,1,3,0,2,3,0,0,8,4,4,1,7,0,0,2
53380736,0,,,50,14,36,0,0,0,50,14,36,0,0,0,50,14,36,50,14,36,50,14,36,47,13,34,26,3,23,7,1,6,0,0,0,1,0,0,0,0,0,0,0,0,0,0,0,0,0,0,0,0
53380737,0,,,60,32,28,22,13,9,38,19,19,35,18,17,38,19,19,38,19,19,3,1,2,3,1,2,1,0,1,0,0,0,0,0,0,18,18,1,3,5,7,2,0,0,17,16,1,10,2,0,0,0
53380738,0,,,1488,707,781,154,72,82,1334,635,699,732,368,364,1299,617,682,1285,608,677,602,267,335,317,118,199,119,40,79,8,2,6,6,2,4,591,591,162,176,123,75,30,21,4,428,317,111,39,412,1,120,85
53380739,0,,,1221,581,640,109,61,48,1112,520,592,649,322,327,1087,506,581,1071,498,573,463,198,265,248,85,163,92,27,65,8,1,7,28,13,15,510,510,145,161,114,53,25,10,2,362,292,70,28,325,13,97,71
53380742,2,53380733,,2,1,1,*,*,*,*,*,*,*,*,*,*,*,*,*,*,*,*,*,*,*,*,*,*,*,*,*,*,*,*,*,*,2,2,*,*,*,*,*,*,*,*,*,*,*,*,*,*,*
53380745,0,,,219,108,111,31,15,16,188,93,95,107,55,52,183,89,94,181,88,93,81,38,43,37,18,19,13,6,7,1,0,1,0,0,0,66,66,3,23,14,10,10,4,2,62,38,24,7,48,0,2,10
53380746,0,,,78,45,33,10,8,2,68,37,31,46,28,18,62,33,29,61,32,29,22,9,13,11,4,7,6,3,3,0,0,0,0,0,0,22,22,3,5,4,5,1,1,3,19,10,9,2,13,0,0,1
53380747,0,,,47,22,25,2,0,2,45,22,23,22,11,11,45,22,23,45,22,23,23,11,12,13,8,5,4,3,1,0,0,0,0,0,0,19,19,5,5,6,2,0,1,0,14,11,3,1,17,0,3,2
53380748,1,,53380749,459,237,222,49,24,25,412,215,197,230,132,98,397,206,191,394,204,190,182,83,99,76,30,46,25,9,16,2,0,2,7,6,1,168,168,39,53,32,25,10,8,3,130,94,36,12,115,2,23,27
53380749,2,53380748,,2,2,0,*,*,*,*,*,*,*,*,*,*,*,*,*,*,*,*,*,*,*,*,*,*,*,*,*,*,*,*,*,*,2,2,*,*,*,*,*,*,*,*,*,*,*,*,*,*,*
53380755,0,,,16,9,7,3,2,1,13,7,6,8,5,3,11,5,6,10,5,5,5,2,3,3,2,1,0,0,0,0,0,0,0,0,0,4,4,0,2,0,0,1,0,1,4,3,1,0,3,0,0,1
53380758,0,,,93,47,46,9,5,4,84,42,42,51,28,23,81,40,41,80,39,41,33,14,19,18,5,13,6,2,4,0,0,0,1,0,1,30,30,3,10,4,10,1,1,1,27,16,11,4,23,0,2,6
53380770,0,,,39,20,19,7,3,4,32,17,15,16,9,7,32,17,15,32,17,15,16,8,8,8,4,4,1,0,1,0,0,0,6,2,4,19,19,8,5,4,1,1,0,0,11,9,2,0,12,0,5,4
53380780,0,,,142,74,68,14,9,5,128,65,63,65,33,32,126,63,63,125,63,62,63,32,31,19,10,9,3,2,1,1,0,1,5,3,2,67,67,16,38,6,5,1,0,1,51,48,3,4,42,0,9,19
53380781,1,,53380782,66,33,33,3,1,2,64,32,32,33,15,18,61,31,30,61,31,30,31,17,14,18,11,7,2,1,1,0,0,0,6,3,3,32,32,11,16,5,3,0,0,0,23,22,1,1,19,0,4,12
53380782,2,53380781,,4,2,2,*,*,*,*,*,*,*,*,*,*,*,*,*,*,*,*,*,*,*,*,*,*,*,*,*,*,*,*,*,*,3,3,*,*,*,*,*,*,*,*,*,*,*,*,*,*,*
53380790,2,53380791,,5,2,3,*,*,*,*,*,*,*,*,*,*,*,*,*,*,*,*,*,*,*,*,*,*,*,*,*,*,*,*,*,*,2,2,*,*,*,*,*,*,*,*,*,*,*,*,*,*,*
53380791,1,,53380790,98,53,45,14,11,3,89,44,45,48,22,26,87,43,44,87,43,44,41,22,19,18,9,9,6,4,2,0,0,0,4,2,2,41,41,10,18,7,5,2,1,0,33,28,5,4,27,0,7,11
53380792,0,,,91,45,46,13,9,4,78,36,42,42,19,23,75,34,41,74,34,40,36,17,19,21,11,10,4,2,2,0,0,0,1,1,0,37,37,7,19,4,2,4,1,0,30,27,3,3,24,0,3,11
53381022,2,53380060,,3,1,2,*,*,*,*,*,*,*,*,*,*,*,*,*,*,*,*,*,*,*,*,*,*,*,*,*,*,*,*,*,*,2,2,*,*,*,*,*,*,*,*,*,*,*,*,*,*,*
53381030,2,53380060,,2,1,1,*,*,*,*,*,*,*,*,*,*,*,*,*,*,*,*,*,*,*,*,*,*,*,*,*,*,*,*,*,*,1,1,*,*,*,*,*,*,*,*,*,*,*,*,*,*,*
53381189,2,53381199,,3,3,0,*,*,*,*,*,*,*,*,*,*,*,*,*,*,*,*,*,*,*,*,*,*,*,*,*,*,*,*,*,*,3,3,*,*,*,*,*,*,*,*,*,*,*,*,*,*,*
53381199,1,,53381189,3,3,0,0,0,0,6,6,0,5,5,0,6,6,0,6,6,0,1,1,0,0,0,0,0,0,0,0,0,0,0,0,0,3,3,6,0,0,0,0,0,0,0,0,0,0,1,0,1,0
53381216,2,53381217,,4,2,2,*,*,*,*,*,*,*,*,*,*,*,*,*,*,*,*,*,*,*,*,*,*,*,*,*,*,*,*,*,*,2,2,*,*,*,*,*,*,*,*,*,*,*,*,*,*,*
53381217,1,,53381216,93,39,54,2,2,0,95,39,56,27,16,11,95,39,56,95,39,56,68,23,45,52,14,38,32,6,26,8,1,7,0,0,0,40,39,22,15,2,1,0,1,0,19,17,2,0,31,0,20,7
53381218,1,,53381219,20,10,10,7,3,4,18,10,8,11,7,4,17,9,8,17,9,8,7,3,4,2,0,2,1,0,1,0,0,0,0,0,0,7,7,4,1,1,1,0,2,0,5,4,1,1,5,0,2,1
53381219,2,53381218,,5,3,2,*,*,*,*,*,*,*,*,*,*,*,*,*,*,*,*,*,*,*,*,*,*,*,*,*,*,*,*,*,*,2,2,*,*,*,*,*,*,*,*,*,*,*,*,*,*,*
53381226,1,,53381227,47,22,25,5,3,2,44,20,24,22,11,11,41,18,23,41,18,23,22,9,13,12,4,8,5,1,4,0,0,0,1,1,0,30,30,22,7,0,2,1,0,0,10,9,1,1,18,3,12,4
53381227,2,53381226,,2,1,1,*,*,*,*,*,*,*,*,*,*,*,*,*,*,*,*,*,*,*,*,*,*,*,*,*,*,*,*,*,*,2,2,*,*,*,*,*,*,*,*,*,*,*,*,*,*,*
53381237,2,53381247,,7,5,2,*,*,*,*,*,*,*,*,*,*,*,*,*,*,*,*,*,*,*,*,*,*,*,*,*,*,*,*,*,*,4,4,*,*,*,*,*,*,*,*,*,*,*,*,*,*,*
53381247,1,,53381237,52,24,28,9,5,4,50,24,26,28,15,13,47,21,26,45,19,26,22,9,13,16,5,11,10,3,7,1,0,1,0,0,0,26,26,16,7,3,2,0,2,0,14,11,3,1,17,2,11,2
53381267,1,,53381277,53,31,22,6,3,3,155,133,22,128,114,14,155,133,22,155,133,22,27,19,8,13,6,7,6,4,2,0,0,0,1,1,0,32,23,12,8,3,1,1,0,0,13,11,2,1,12,1,5,4
53381276,0,,,67,61,6,0,0,0,67,61,6,59,56,3,67,61,6,67,61,6,8,5,3,5,2,3,1,0,1,0,0,0,0,0,0,62,8,4,3,1,0,0,0,0,4,4,0,0,5,1,3,0
53381277,2,53381267,,108,105,3,*,*,*,*,*,*,*,*,*,*,*,*,*,*,*,*,*,*,*,*,*,*,*,*,*,*,*,*,*,*,108,2,*,*,*,*,*,*,*,*,*,*,*,*,*,*,*
53381286,0,,,29,15,14,0,0,0,29,15,14,19,11,8,28,14,14,27,13,14,10,4,6,5,2,3,3,2,1,0,0,0,0,0,0,17,17,10,5,0,1,1,0,0,7,5,2,0,7,1,3,2
53381297,0,,,16,8,8,0,0,0,16,8,8,1,1,0,16,8,8,16,8,8,15,7,8,14,7,7,3,2,1,1,1,0,0,0,0,12,12,8,4,0,0,0,0,0,4,4,0,0,11,0,7,4
53381300,1,,53381301;53381311,124,66,58,19,12,7,118,58,60,81,43,38,115,56,59,111,53,58,37,15,22,18,8,10,9,3,6,0,0,0,0,0,0,52,52,27,13,14,7,3,0,0,37,34,3,6,27,5,15,7
53381301,2,53381300,,9,3,6,*,*,*,*,*,*,*,*,*,*,*,*,*,*,*,*,*,*,*,*,*,*,*,*,*,*,*,*,*,*,9,9,*,*,*,*,*,*,*,*,*,*,*,*,*,*,*
53381302,2,53381312,,2,1,1,*,*,*,*,*,*,*,*,*,*,*,*,*,*,*,*,*,*,*,*,*,*,*,*,*,*,*,*,*,*,1,1,*,*,*,*,*,*,*,*,*,*,*,*,*,*,*
53381303,2,53381312,,4,2,2,*,*,*,*,*,*,*,*,*,*,*,*,*,*,*,*,*,*,*,*,*,*,*,*,*,*,*,*,*,*,3,3,*,*,*,*,*,*,*,*,*,*,*,*,*,*,*
53381305,0,,,234,116,118,13,4,9,218,110,108,121,66,55,216,109,107,213,107,106,97,44,53,62,26,36,27,10,17,1,0,1,16,14,2,113,113,45,38,15,9,4,2,0,68,53,15,2,67,10,20,15
53381306,0,,,113,49,64,3,1,2,110,48,62,41,19,22,108,47,61,106,46,60,69,29,40,45,16,29,9,2,7,2,0,2,0,0,0,51,51,15,18,12,4,2,0,0,35,24,11,0,45,0,13,13
53381307,0,,,29,13,16,1,1,0,28,12,16,10,7,3,27,11,16,27,11,16,18,5,13,9,3,6,4,0,4,0,0,0,0,0,0,14,14,4,7,1,2,0,0,0,10,8,2,0,13,0,4,2
53381308,0,,,221,100,121,11,5,6,210,95,115,93,49,44,205,93,112,201,92,109,117,46,71,76,23,53,43,13,30,5,2,3,1,0,1,85,84,32,30,14,3,3,2,0,52,41,11,1,51,2,19,13
53381311,2,53381300,,5,1,4,*,*,*,*,*,*,*,*,*,*,*,*,*,*,*,*,*,*,*,*,*,*,*,*,*,*,*,*,*,*,3,3,*,*,*,*,*,*,*,*,*,*,*,*,*,*,*
53381312,1,,53381302;53381303,32,15,17,1,1,0,37,17,20,16,7,9,36,17,19,36,17,19,21,10,11,13,6,7,1,1,0,0,0,0,0,0,0,12,12,4,7,3,0,1,1,0,12,10,2,0,13,0,2,5
53381313,2,53381323,,10,7,3,*,*,*,*,*,*,*,*,*,*,*,*,*,*,*,*,*,*,*,*,*,*,*,*,*,*,*,*,*,*,7,7,*,*,*,*,*,*,*,*,*,*,*,*,*,*,*
53381314,2,53381324,,9,5,4,*,*,*,*,*,*,*,*,*,*,*,*,*,*,*,*,*,*,*,*,*,*,*,*,*,*,*,*,*,*,3,3,*,*,*,*,*,*,*,*,*,*,*,*,*,*,*
53381315,0,,,87,53,34,3,1,2,82,50,32,51,35,16,81,50,31,81,50,31,31,15,16,15,7,8,8,4,4,0,0,0,21,21,0,56,56,36,13,4,2,1,0,0,19,18,1,1,20,18,6,9
53381317,0,,,107,51,56,3,0,3,103,51,52,47,25,22,103,51,52,102,50,52,56,26,30,28,11,17,14,3,11,1,0,1,0,0,0,52,51,20,18,7,2,3,1,0,31,25,6,1,41,0,18,8
53381318,0,,,81,23,58,2,1,1,79,22,57,6,3,3,79,22,57,79,22,57,73,19,54,66,16,50,47,7,40,16,0,16,0,0,0,14,13,6,6,0,1,0,0,0,7,6,1,1,10,1,5,4
53381321,2,53381331,,3,1,2,*,*,*,*,*,*,*,*,*,*,*,*,*,*,*,*,*,*,*,*,*,*,*,*,*,*,*,*,*,*,3,2,*,*,*,*,*,*,*,*,*,*,*,*,*,*,*
53381322,0,,,14,8,6,3,2,1,11,6,5,7,4,3,10,5,5,10,5,5,4,2,2,0,0,0,0,0,0,0,0,0,0,0,0,5,5,1,2,1,0,0,1,0,4,4,0,0,3,0,1,1
53381323,1,,53381313,23,11,12,0,0,0,33,18,15,8,7,1,33,18,15,33,18,15,25,11,14,13,7,6,4,1,3,1,1,0,0,0,0,13,13,11,6,2,1,0,0,0,9,8,1,0,19,0,10,5
53381324,1,,53381314,278,137,141,17,10,7,270,132,138,136,70,66,268,132,136,265,130,135,134,62,72,76,30,46,29,6,23,3,0,3,3,1,2,124,124,32,58,20,10,5,1,1,94,78,16,4,88,0,22,35
53381325,0,,,308,132,176,22,7,15,286,125,161,129,71,58,281,123,158,275,119,156,157,54,103,115,30,85,71,15,56,21,4,17,9,8,1,105,102,35,32,18,8,6,1,2,67,60,7,3,59,8,17,11
53381327,0,,,58,31,27,2,1,1,56,30,26,24,12,12,56,30,26,55,29,26,32,18,14,15,8,7,6,2,4,2,0,2,0,0,0,26,26,11,6,4,4,0,0,1,15,12,3,0,22,0,10,5
53381328,0,,,44,28,16,2,0,2,42,28,14,25,21,4,41,27,14,41,27,14,17,7,10,8,4,4,3,1,2,2,1,1,3,1,2,27,27,17,6,2,1,1,0,0,10,8,2,1,11,6,2,3
53381331,1,,53381321;53381332,12,7,5,0,0,0,24,9,15,4,3,1,24,9,15,23,8,15,20,6,14,17,6,11,6,1,5,0,0,0,0,0,0,5,5,8,5,2,0,0,0,0,7,6,1,0,14,0,8,4
53381332,2,53381331,,10,2,8,*,*,*,*,*,*,*,*,*,*,*,*,*,*,*,*,*,*,*,*,*,*,*,*,*,*,*,*,*,*,8,8,*,*,*,*,*,*,*,*,*,*,*,*,*,*,*
53381333,2,53381342,,9,3,6,*,*,*,*,*,*,*,*,*,*,*,*,*,*,*,*,*,*,*,*,*,*,*,*,*,*,*,*,*,*,5,5,*,*,*,*,*,*,*,*,*,*,*,*,*,*,*
53381334,0,,,10,5,5,1,0,1,9,5,4,2,1,1,9,5,4,9,5,4,7,4,3,6,3,3,4,2,2,0,0,0,0,0,0,6,6,3,2,1,0,0,0,0,3,3,0,0,5,0,3,2
53381335,0,,,115,62,53,2,2,0,113,60,53,57,33,24,112,59,53,109,56,53,56,27,29,30,14,16,10,3,7,0,0,0,0,0,0,52,52,13,22,14,1,1,0,1,38,33,5,0,38,0,10,12
53381336,0,,,26,14,12,2,2,0,24,12,12,8,4,4,24,12,12,24,12,12,16,8,8,9,2,7,4,0,4,0,0,0,1,0,1,14,14,5,8,0,0,1,0,0,9,5,4,0,12,0,4,2
53381337,1,,53381347,23,11,12,2,0,2,23,11,12,7,4,3,22,10,12,22,10,12,16,7,9,9,4,5,3,1,2,1,0,1,0,0,0,8,8,5,0,3,1,0,0,1,5,2,3,0,9,0,4,0
53381338,0,,,420,205,215,25,12,13,395,193,202,180,93,87,389,192,197,385,189,196,215,100,115,121,48,73,47,19,28,6,0,6,2,0,2,193,193,60,76,34,13,6,4,0,133,112,21,4,143,2,39,45
53381339,0,,,13,8,5,2,1,1,11,7,4,6,4,2,11,7,4,11,7,4,5,3,2,3,2,1,1,1,0,0,0,0,0,0,0,4,4,0,2,1,0,0,1,0,4,2,2,0,3,0,0,1
53381341,0,,,32,13,19,1,0,1,31,13,18,13,7,6,31,13,18,31,13,18,18,6,12,16,5,11,7,3,4,2,1,1,0,0,0,16,16,6,7,1,1,1,0,0,10,9,1,1,13,0,5,4
53381342,1,,53381333,20,9,11,3,1,2,26,11,15,11,5,6,25,11,14,25,11,14,15,6,9,11,4,7,3,1,2,0,0,0,0,0,0,9,9,6,5,1,1,0,1,0,7,6,1,1,11,0,4,4
53381343,0,,,12,4,8,0,0,0,12,4,8,3,1,2,12,4,8,12,4,8,9,3,6,6,2,4,1,0,1,0,0,0,0,0,0,8,8,5,2,1,0,0,0,0,3,3,0,0,7,0,4,2
53381344,2,53381345,,5,2,3,*,*,*,*,*,*,*,*,*,*,*,*,*,*,*,*,*,*,*,*,*,*,*,*,*,*,*,*,*,*,3,3,*,*,*,*,*,*,*,*,*,*,*,*,*,*,*
53381345,1,,53381344,152,78,74,19,11,8,138,69,69,78,37,41,129,64,65,129,64,65,60,32,28,28,13,15,11,5,6,1,0,1,1,0,1,63,63,22,20,12,6,4,0,2,43,34,9,3,43,0,15,11
53381347,2,53381337,,2,0,2,*,*,*,*,*,*,*,*,*,*,*,*,*,*,*,*,*,*,*,*,*,*,*,*,*,*,*,*,*,*,2,2,*,*,*,*,*,*,*,*,*,*,*,*,*,*,*
53381348,0,,,112,53,59,6,1,5,105,51,54,49,24,25,105,51,54,102,51,51,56,27,29,31,14,17,10,4,6,2,0,2,0,0,0,46,46,9,19,11,5,1,0,1,37,31,6,0,34,0,7,12
53381349,0,,,88,40,48,8,4,4,80,36,44,32,17,15,79,35,44,78,35,43,48,19,29,31,9,22,17,5,12,4,1,3,1,0,1,39,39,15,10,11,0,1,1,1,24,16,8,2,34,0,12,5
53381351,2,53381352,,5,3,2,*,*,*,*,*,*,*,*,*,*,*,*,*,*,*,*,*,*,*,*,*,*,*,*,*,*,*,*,*,*,3,3,*,*,*,*,*,*,*,*,*,*,*,*,*,*,*
53381352,1,,53381351,11,5,6,0,0,0,16,8,8,3,3,0,16,8,8,16,8,8,13,5,8,11,4,7,8,2,6,1,0,1,0,0,0,9,9,8,4,0,0,0,0,0,4,4,0,0,11,0,7,2
53381353,0,,,9,5,4,0,0,0,9,5,4,3,2,1,9,5,4,9,5,4,6,3,3,1,1,0,0,0,0,0,0,0,0,0,0,6,6,3,3,0,0,0,0,0,3,3,0,0,5,0,3,1
53381354,0,,,47,22,25,1,0,1,46,22,24,15,7,8,45,22,23,45,22,23,31,15,16,16,7,9,13,5,8,1,0,1,1,0,1,22,22,8,7,4,2,1,0,0,14,11,3,1,21,0,8,5
53381355,0,,,233,105,128,19,7,12,214,98,116,116,58,58,211,95,116,207,92,115,98,40,58,58,20,38,24,5,19,5,0,5,1,0,1,98,98,24,35,23,13,1,1,1,74,54,20,7,68,0,18,19
53381356,0,,,35,20,15,0,0,0,35,20,15,17,9,8,35,20,15,35,20,15,18,11,7,9,5,4,4,2,2,0,0,0,0,0,0,17,17,5,8,3,0,1,0,0,12,12,0,0,13,0,3,4
53381357,2,53381358,,3,0,3,*,*,*,*,*,*,*,*,*,*,*,*,*,*,*,*,*,*,*,*,*,*,*,*,*,*,*,*,*,*,3,3,*,*,*,*,*,*,*,*,*,*,*,*,*,*,*
53381358,1,,53381357,87,44,43,3,2,1,87,42,45,45,24,21,87,42,45,86,42,44,42,18,24,19,6,13,11,3,8,2,0,2,0,0,0,39,39,15,15,5,6,0,1,0,27,19,8,1,31,0,12,5
53381359,0,,,67,32,35,0,0,0,67,32,35,23,14,9,67,32,35,67,32,35,44,18,26,22,8,14,10,3,7,0,0,0,0,0,0,34,34,11,15,6,2,0,0,0,23,20,3,0,31,0,11,7
53381362,1,,53381372,13,9,4,0,0,0,20,13,7,11,9,2,20,13,7,20,13,7,9,4,5,5,1,4,5,1,4,0,0,0,0,0,0,8,8,8,1,2,1,0,0,0,4,2,2,0,9,0,6,0
53381363,0,,,31,14,17,3,1,2,28,13,15,11,4,7,27,13,14,27,13,14,17,9,8,12,7,5,1,1,0,0,0,0,0,0,0,12,12,2,6,2,1,0,0,1,10,8,2,0,11,0,2,6
53381364,0,,,64,31,33,5,2,3,59,29,30,29,15,14,59,29,30,58,29,29,30,14,16,16,6,10,9,3,6,2,1,1,1,0,1,29,29,10,11,2,4,2,0,0,19,16,3,0,22,0,7,5
53381365,0,,,139,71,68,12,7,5,127,64,63,57,32,25,123,62,61,122,62,60,70,32,38,33,14,19,12,4,8,1,0,1,0,0,0,68,68,32,18,8,6,2,1,1,34,26,8,2,50,0,24,7
53381366,0,,,27,15,12,0,0,0,27,15,12,11,7,4,27,15,12,27,15,12,16,8,8,11,4,7,5,1,4,0,0,0,0,0,0,16,16,10,4,1,0,0,1,0,6,3,3,0,12,0,6,2
53381367,0,,,28,10,18,0,0,0,28,10,18,9,2,7,28,10,18,27,10,17,19,8,11,15,6,9,9,4,5,2,0,2,0,0,0,12,12,5,1,5,0,0,1,0,7,6,1,0,12,0,5,1
53381368,0,,,12,4,8,0,0,0,12,4,8,6,2,4,12,4,8,12,4,8,6,2,4,2,0,2,1,0,1,0,0,0,0,0,0,4,4,0,2,0,2,0,0,0,4,2,2,0,4,0,0,2
53381369,0,,,10,5,5,0,0,0,10,5,5,6,2,4,10,5,5,10,5,5,4,3,1,2,1,1,2,1,1,0,0,0,0,0,0,4,4,0,3,0,1,0,0,0,4,4,0,0,3,0,0,2
53381372,2,53381362,,7,4,3,*,*,*,*,*,*,*,*,*,*,*,*,*,*,*,*,*,*,*,*,*,*,*,*,*,*,*,*,*,*,4,4,*,*,*,*,*,*,*,*,*,*,*,*,*,*,*
53381373,0,,,17,9,8,0,0,0,17,9,8,1,1,0,17,9,8,17,9,8,16,8,8,11,5,6,5,2,3,3,1,2,0,0,0,10,10,3,7,0,0,0,0,0,7,6,1,0,10,0,3,4
53381374,2,53381375,,6,2,4,*,*,*,*,*,*,*,*,*,*,*,*,*,*,*,*,*,*,*,*,*,*,*,*,*,*,*,*,*,*,4,4,*,*,*,*,*,*,*,*,*,*,*,*,*,*,*
53381375,1,,53381374,125,64,61,9,5,4,122,61,61,59,35,24,121,61,60,120,61,59,63,26,37,33,12,21,15,6,9,1,0,1,0,0,0,50,50,11,25,10,3,4,0,1,43,35,8,2,41,0,6,16
53381376,0,,,65,30,35,1,0,1,64,30,34,24,9,15,64,30,34,64,30,34,40,21,19,19,9,10,6,1,5,1,0,1,1,1,0,36,36,17,14,2,2,0,1,0,19,18,1,1,31,0,16,10
53381377,0,,,351,149,202,17,6,11,334,143,191,172,77,95,323,141,182,320,140,180,162,66,96,103,39,64,41,13,28,4,2,2,2,0,2,166,166,59,60,24,16,6,1,0,107,91,16,5,121,0,47,29
53381378,0,,,136,68,68,1,1,0,135,67,68,60,33,27,135,67,68,135,67,68,75,34,41,40,14,26,18,6,12,2,1,1,0,0,0,61,61,17,24,12,7,0,0,1,44,38,6,0,53,0,14,13
53381379,0,,,124,63,61,5,1,4,119,62,57,48,23,25,118,62,56,118,62,56,71,39,32,44,22,22,15,8,7,2,2,0,0,0,0,55,55,15,21,12,4,3,0,0,39,33,6,0,48,0,15,15
53381382,0,,,8,4,4,0,0,0,8,4,4,3,2,1,8,4,4,8,4,4,5,2,3,4,1,3,1,0,1,1,0,1,0,0,0,5,5,3,1,1,0,0,0,0,2,2,0,0,4,0,3,1
53381383,0,,,30,15,15,0,0,0,30,15,15,6,3,3,30,15,15,30,15,15,24,12,12,17,8,9,9,4,5,2,1,1,0,0,0,18,18,7,10,1,0,0,0,0,11,11,0,0,16,0,7,6
53381384,0,,,44,23,21,0,0,0,44,23,21,11,8,3,44,23,21,44,23,21,33,15,18,25,11,14,13,6,7,0,0,0,0,0,0,24,24,9,11,3,1,0,0,0,15,13,2,0,22,0,8,7
53381385,0,,,640,313,327,36,18,18,604,295,309,303,162,141,592,291,301,586,288,298,301,133,168,177,68,109,68,23,45,9,3,6,2,0,2,268,268,70,88,72,22,8,7,1,198,153,45,7,200,0,52,47
53381386,0,,,367,169,198,33,19,14,330,148,182,164,85,79,323,143,180,316,140,176,166,63,103,113,36,77,55,14,41,15,1,14,1,0,1,131,130,33,49,20,15,10,3,0,96,84,12,9,84,0,26,27
53381387,0,,,337,171,166,34,22,12,302,148,154,173,86,87,292,143,149,288,141,147,129,62,67,77,32,45,27,10,17,2,1,1,2,1,1,149,149,44,58,26,13,4,2,2,104,88,16,7,92,0,27,24
53381388,0,,,112,49,63,3,2,1,109,47,62,66,26,40,106,45,61,103,44,59,43,21,22,21,7,14,6,1,5,0,0,0,1,0,1,47,47,10,19,10,6,2,0,0,37,30,7,1,31,0,7,14
53381389,0,,,15,7,8,0,0,0,15,7,8,7,5,2,15,7,8,15,7,8,8,2,6,8,2,6,3,2,1,0,0,0,0,0,0,9,9,7,0,0,2,0,0,0,2,0,2,0,7,0,5,0
53381395,0,,,100,52,48,2,0,2,98,52,46,52,33,19,98,52,46,98,52,46,46,19,27,24,9,15,11,3,8,1,0,1,0,0,0,42,42,12,15,9,3,1,1,1,30,21,9,1,33,0,10,7
53381396,0,,,855,416,439,82,41,41,771,374,397,404,207,197,753,366,387,742,360,382,367,167,200,194,81,113,68,23,45,3,1,2,0,0,0,355,355,85,152,55,30,23,6,4,267,229,38,21,250,3,64,81
53381397,0,,,456,216,240,37,22,15,417,193,224,210,105,105,413,190,223,405,187,218,207,88,119,123,49,74,44,18,26,1,0,1,1,0,1,192,192,42,80,37,24,7,2,0,148,127,21,6,137,0,32,46
53381398,2,53381399,,6,3,3,*,*,*,*,*,*,*,*,*,*,*,*,*,*,*,*,*,*,*,*,*,*,*,*,*,*,*,*,*,*,4,4,*,*,*,*,*,*,*,*,*,*,*,*,*,*,*
53381399,1,,53381398,9,4,5,0,0,0,15,7,8,6,4,2,15,7,8,15,7,8,9,3,6,8,2,6,3,0,3,0,0,0,0,0,0,6,6,5,5,0,0,0,0,0,5,4,1,0,8,0,4,2
53381408,1,,53381419,48,28,20,3,3,0,46,26,20,26,14,12,45,26,19,44,26,18,20,12,8,11,7,4,2,1,1,0,0,0,1,1,0,23,23,10,9,2,4,0,0,0,14,10,4,1,14,0,3,3
53381409,0,,,67,35,32,6,4,2,61,31,30,34,17,17,59,29,30,59,29,30,27,14,13,9,5,4,4,3,1,1,1,0,1,0,1,31,31,9,13,5,3,1,0,0,22,20,2,1,16,1,3,8
53381416,2,53381417,,10,3,7,*,*,*,*,*,*,*,*,*,*,*,*,*,*,*,*,*,*,*,*,*,*,*,*,*,*,*,*,*,*,2,2,*,*,*,*,*,*,*,*,*,*,*,*,*,*,*
53381417,1,,53381416;53381428;53381445,53,25,28,9,3,6,64,30,34,37,17,20,62,28,34,61,28,33,27,13,14,12,4,8,5,2,3,0,0,0,3,1,2,23,23,15,5,2,4,1,1,2,15,9,6,1,22,1,10,3
53381418,0,,,38,22,16,2,1,1,36,21,15,22,15,7,36,21,15,36,21,15,14,6,8,8,2,6,2,0,2,0,0,0,1,1,0,21,21,12,3,5,0,1,0,0,9,7,2,0,9,4,3,1
53381419,2,53381408,,2,2,0,*,*,*,*,*,*,*,*,*,*,*,*,*,*,*,*,*,*,*,*,*,*,*,*,*,*,*,*,*,*,2,2,*,*,*,*,*,*,*,*,*,*,*,*,*,*,*
53381428,2,53381417,,6,2,4,*,*,*,*,*,*,*,*,*,*,*,*,*,*,*,*,*,*,*,*,*,*,*,*,*,*,*,*,*,*,3,3,*,*,*,*,*,*,*,*,*,*,*,*,*,*,*
53381432,2,53381450,,4,2,2,*,*,*,*,*,*,*,*,*,*,*,*,*,*,*,*,*,*,*,*,*,*,*,*,*,*,*,*,*,*,4,4,*,*,*,*,*,*,*,*,*,*,*,*,*,*,*
53381440,2,53381450,,2,1,1,*,*,*,*,*,*,*,*,*,*,*,*,*,*,*,*,*,*,*,*,*,*,*,*,*,*,*,*,*,*,1,1,*,*,*,*,*,*,*,*,*,*,*,*,*,*,*
53381441,2,53381450,,2,1,1,*,*,*,*,*,*,*,*,*,*,*,*,*,*,*,*,*,*,*,*,*,*,*,*,*,*,*,*,*,*,2,2,*,*,*,*,*,*,*,*,*,*,*,*,*,*,*
53381445,2,53381417,,4,3,1,*,*,*,*,*,*,*,*,*,*,*,*,*,*,*,*,*,*,*,*,*,*,*,*,*,*,*,*,*,*,2,2,*,*,*,*,*,*,*,*,*,*,*,*,*,*,*
53381448,2,53381458,,10,8,2,*,*,*,*,*,*,*,*,*,*,*,*,*,*,*,*,*,*,*,*,*,*,*,*,*,*,*,*,*,*,4,4,*,*,*,*,*,*,*,*,*,*,*,*,*,*,*
53381450,1,,53381432;53381440;53381441;53381451,50,20,30,3,2,1,56,23,33,29,11,18,55,23,32,55,23,32,27,12,15,17,4,13,9,3,6,1,0,1,0,0,0,22,22,12,9,7,2,0,0,0,18,15,3,0,21,0,9,2
53381451,2,53381450,,1,1,0,*,*,*,*,*,*,*,*,*,*,*,*,*,*,*,*,*,*,*,*,*,*,*,*,*,*,*,*,*,*,1,1,*,*,*,*,*,*,*,*,*,*,*,*,*,*,*
53381455,2,53381463,,1,1,0,*,*,*,*,*,*,*,*,*,*,*,*,*,*,*,*,*,*,*,*,*,*,*,*,*,*,*,*,*,*,1,1,*,*,*,*,*,*,*,*,*,*,*,*,*,*,*
53381458,1,,53381448,92,49,43,4,4,0,96,52,44,47,29,18,95,51,44,93,50,43,49,23,26,30,11,19,12,6,6,1,0,1,2,0,2,49,49,23,20,4,3,3,0,0,30,24,6,2,35,3,11,10
53381460,0,,,21,11,10,0,0,0,21,11,10,4,4,0,21,11,10,21,11,10,17,7,10,14,6,8,3,0,3,1,0,1,0,0,0,11,11,4,5,1,1,0,0,0,7,4,3,0,9,1,2,3
53381461,0,,,25,11,14,0,0,0,25,11,14,7,5,2,25,11,14,25,11,14,18,6,12,9,2,7,5,1,4,1,0,1,0,0,0,14,14,5,7,2,0,0,0,0,9,8,1,0,12,0,3,4
53381462,0,,,25,10,15,0,0,0,25,10,15,5,2,3,25,10,15,25,10,15,20,8,12,10,3,7,7,3,4,0,0,0,0,0,0,15,15,6,8,1,0,0,0,0,9,8,1,0,13,0,4,5
53381463,1,,53381455;53381473;53381474,17,8,9,0,0,0,28,14,14,5,5,0,28,14,14,28,14,14,23,9,14,17,5,12,12,4,8,1,0,1,0,0,0,10,10,10,7,0,1,0,0,0,8,7,1,0,16,0,8,5
53381465,2,53381483,,5,1,4,*,*,*,*,*,*,*,*,*,*,*,*,*,*,*,*,*,*,*,*,*,*,*,*,*,*,*,*,*,*,5,1,*,*,*,*,*,*,*,*,*,*,*,*,*,*,*
53381470,0,,,61,33,28,1,0,1,60,33,27,23,13,10,58,32,26,58,32,26,37,20,17,21,10,11,6,2,4,0,0,0,0,0,0,29,29,8,14,5,1,0,1,0,21,18,3,0,25,0,8,9
53381471,0,,,76,38,38,6,4,2,70,34,36,39,20,19,68,34,34,67,34,33,31,14,17,13,6,7,4,1,3,0,0,0,0,0,0,31,31,6,13,7,3,1,1,0,25,19,6,1,21,0,2,8
53381472,0,,,77,36,41,1,1,0,76,35,41,21,11,10,75,35,40,75,35,40,55,24,31,29,13,16,15,7,8,0,0,0,1,0,1,41,41,16,19,3,2,0,1,0,25,23,2,0,37,0,15,13
53381473,2,53381463,,5,2,3,*,*,*,*,*,*,*,*,*,*,*,*,*,*,*,*,*,*,*,*,*,*,*,*,*,*,*,*,*,*,3,3,*,*,*,*,*,*,*,*,*,*,*,*,*,*,*
53381474,2,53381463,,5,3,2,*,*,*,*,*,*,*,*,*,*,*,*,*,*,*,*,*,*,*,*,*,*,*,*,*,*,*,*,*,*,4,4,*,*,*,*,*,*,*,*,*,*,*,*,*,*,*
53381478,0,,,55,25,30,1,0,1,54,25,29,31,15,16,53,25,28,53,25,28,23,10,13,14,5,9,4,2,2,0,0,0,0,0,0,23,23,7,6,5,4,1,0,0,15,8,7,1,17,0,5,3
53381479,1,,53381488,74,36,38,7,4,3,73,35,38,34,19,15,73,35,38,73,35,38,39,16,23,23,8,15,13,3,10,1,0,1,0,0,0,32,32,5,17,5,5,0,1,0,28,22,6,3,27,0,4,9
53381481,0,,,15,11,4,0,0,0,15,11,4,3,3,0,15,11,4,15,11,4,12,8,4,5,3,2,2,2,0,0,0,0,0,0,0,11,11,7,4,0,0,0,0,0,4,3,1,0,9,0,6,3
53381482,1,,53381491;53381492,15,6,9,0,0,0,29,13,16,9,4,5,29,13,16,29,13,16,20,9,11,12,5,7,2,1,1,0,0,0,0,0,0,11,11,12,4,3,0,0,0,0,7,7,0,0,14,0,7,4
53381483,1,,53381465,19,10,9,1,1,0,23,10,13,14,6,8,23,10,13,23,10,13,9,4,5,5,1,4,3,0,3,0,0,0,5,1,4,9,9,6,1,1,1,1,0,0,4,3,1,1,8,1,5,0
53381488,2,53381479,,6,3,3,*,*,*,*,*,*,*,*,*,*,*,*,*,*,*,*,*,*,*,*,*,*,*,*,*,*,*,*,*,*,1,1,*,*,*,*,*,*,*,*,*,*,*,*,*,*,*
53381490,0,,,16,10,6,0,0,0,16,10,6,5,4,1,16,10,6,16,10,6,11,6,5,6,4,2,1,0,1,1,0,1,0,0,0,9,9,5,1,3,0,0,0,0,4,2,2,0,6,0,3,1
53381491,2,53381482,,7,3,4,*,*,*,*,*,*,*,*,*,*,*,*,*,*,*,*,*,*,*,*,*,*,*,*,*,*,*,*,*,*,4,4,*,*,*,*,*,*,*,*,*,*,*,*,*,*,*
53381492,2,53381482,,7,4,3,*,*,*,*,*,*,*,*,*,*,*,*,*,*,*,*,*,*,*,*,*,*,*,*,*,*,*,*,*,*,4,4,*,*,*,*,*,*,*,*,*,*,*,*,*,*,*
53381494,0,,,18,7,11,0,0,0,18,7,11,3,3,0,18,7,11,18,7,11,15,4,11,10,2,8,4,0,4,1,0,1,0,0,0,11,11,7,2,1,1,0,0,0,4,3,1,0,10,0,6,2
53381498,0,,,80,38,42,8,4,4,72,34,38,42,21,21,71,34,37,70,34,36,30,13,17,15,6,9,7,4,3,1,1,0,0,0,0,32,32,9,9,6,6,1,1,0,23,16,7,3,19,0,5,4
53381500,2,53381555,,6,4,2,*,*,*,*,*,*,*,*,*,*,*,*,*,*,*,*,*,*,*,*,*,*,*,*,*,*,*,*,*,*,4,4,*,*,*,*,*,*,*,*,*,*,*,*,*,*,*
53381537,2,53381547,,16,9,7,*,*,*,*,*,*,*,*,*,*,*,*,*,*,*,*,*,*,*,*,*,*,*,*,*,*,*,*,*,*,9,9,*,*,*,*,*,*,*,*,*,*,*,*,*,*,*
53381539,2,53381549,,2,1,1,*,*,*,*,*,*,*,*,*,*,*,*,*,*,*,*,*,*,*,*,*,*,*,*,*,*,*,*,*,*,1,1,*,*,*,*,*,*,*,*,*,*,*,*,*,*,*
53381546,0,,,31,18,13,2,1,1,29,17,12,14,9,5,29,17,12,29,17,12,15,8,7,4,3,1,0,0,0,0,0,0,0,0,0,18,18,9,6,2,1,0,0,0,9,8,1,0,9,0,2,4
53381547,1,,53381537,11,6,5,0,0,0,12,7,5,6,4,2,12,7,5,12,7,5,6,3,3,4,2,2,0,0,0,0,0,0,0,0,0,4,4,2,9,1,1,0,0,0,5,4,1,0,4,0,0,2
53381548,2,53381549,,1,1,0,*,*,*,*,*,*,*,*,*,*,*,*,*,*,*,*,*,*,*,*,*,*,*,*,*,*,*,*,*,*,1,1,*,*,*,*,*,*,*,*,*,*,*,*,*,*,*
53381549,1,,53381539;53381548,89,47,42,10,8,2,82,41,41,41,19,22,82,41,41,82,41,41,41,22,19,21,13,8,1,1,0,0,0,0,0,0,0,42,42,10,25,5,3,1,0,0,33,32,1,1,27,0,7,11
53381554,2,53381555,,5,3,2,*,*,*,*,*,*,*,*,*,*,*,*,*,*,*,*,*,*,*,*,*,*,*,*,*,*,*,*,*,*,4,4,*,*,*,*,*,*,*,*,*,*,*,*,*,*,*
53381555,1,,53381500;53381554,18,12,6,0,0,0,29,19,10,12,8,4,29,19,10,29,19,10,17,11,6,3,2,1,0,0,0,0,0,0,0,0,0,12,12,11,9,0,0,0,0,0,9,9,0,0,12,0,7,5
53381557,0,,,96,46,50,0,0,0,77,36,41,33,11,22,76,36,40,76,36,40,44,25,19,14,7,7,2,0,2,0,0,0,1,1,0,52,52,15,31,5,1,0,0,0,32,30,2,0,28,0,5,17
53381558,0,,,59,29,30,6,3,3,53,26,27,26,12,14,53,26,27,53,26,27,27,14,13,10,4,6,1,0,1,0,0,0,0,0,0,30,30,9,17,2,1,0,1,0,21,20,1,2,19,0,7,8
53381565,1,,53381566,18,9,9,3,1,2,18,10,8,14,8,6,16,9,7,16,9,7,4,2,2,1,1,0,0,0,0,0,0,0,0,0,0,6,6,1,3,3,0,1,0,0,7,7,0,1,2,0,0,2
53381566,2,53381565,,3,2,1,*,*,*,*,*,*,*,*,*,*,*,*,*,*,*,*,*,*,*,*,*,*,*,*,*,*,*,*,*,*,2,2,*,*,*,*,*,*,*,*,*,*,*,*,*,*,*
53381567,0,,,45,25,20,4,1,3,41,24,17,23,16,7,40,23,17,40,23,17,18,8,10,3,2,1,0,0,0,0,0,0,0,0,0,19,19,5,5,6,3,0,0,0,13,13,0,1,11,0,2,3
53381573,0,,,4,4,0,0,0,0,4,4,0,1,1,0,4,4,0,4,4,0,3,3,0,0,0,0,0,0,0,0,0,0,0,0,0,4,4,4,0,0,0,0,0,0,0,0,0,0,3,0,3,0
53381574,0,,,74,33,41,4,1,3,70,32,38,37,16,21,70,32,38,70,32,38,33,16,17,13,4,9,2,0,2,0,0,0,1,1,0,38,38,14,14,8,2,0,0,0,23,21,2,0,25,0,10,7
53381575,0,,,293,150,143,20,12,8,273,138,135,145,72,73,267,136,131,262,133,129,128,66,62,65,33,32,23,12,11,5,2,3,2,1,1,123,123,30,47,23,17,4,2,0,90,68,22,5,81,0,16,29
53381576,0,,,671,340,331,71,40,31,600,300,300,383,204,179,577,283,294,564,276,288,217,96,121,106,44,62,27,10,17,4,0,4,2,0,2,236,236,42,71,52,43,11,15,2,194,143,51,16,148,1,24,32
53381577,0,,,344,153,191,58,31,27,280,120,160,172,86,86,270,116,154,267,113,154,108,34,74,72,17,55,47,9,38,11,0,11,10,4,6,103,102,19,33,15,22,6,5,2,81,68,13,15,37,4,4,15
53381578,0,,,55,27,28,5,2,3,50,25,25,32,17,15,50,25,25,49,24,25,18,8,10,3,2,1,1,0,1,0,0,0,0,0,0,23,23,8,4,7,2,2,0,0,14,11,3,1,12,2,2,3
53381579,0,,,234,99,135,40,16,24,181,76,105,142,58,84,176,74,102,171,70,101,39,18,21,17,7,10,2,1,1,0,0,0,4,1,3,109,109,33,39,26,10,1,0,0,70,68,2,10,32,2,11,8
53381583,1,,53381592,32,13,19,4,1,3,36,14,22,17,7,10,36,14,22,36,14,22,19,7,12,17,6,11,3,3,0,0,0,0,0,0,0,11,11,1,9,1,2,2,0,0,14,9,5,0,11,0,0,4
53381584,0,,,146,68,78,15,2,13,131,66,65,71,39,32,128,64,64,126,62,64,60,27,33,23,9,14,11,4,7,1,0,1,0,0,0,50,50,5,19,13,5,5,2,1,45,29,16,0,39,0,3,11
53381585,0,,,74,37,37,3,1,2,71,36,35,36,18,18,69,34,35,67,33,34,35,18,17,19,9,10,4,2,2,2,0,2,0,0,0,31,31,10,10,4,4,2,1,0,21,17,4,0,23,0,8,6
53381586,0,,,200,97,103,22,14,8,178,83,95,118,51,67,170,82,88,167,81,86,60,32,28,29,13,16,5,1,4,0,0,0,2,0,2,68,68,11,14,21,14,6,2,0,56,39,17,5,43,0,7,9
53381587,0,,,377,178,199,56,28,28,321,150,171,210,105,105,313,148,165,304,145,159,111,45,66,68,24,44,27,6,21,3,0,3,3,3,0,121,120,18,36,19,31,6,5,5,101,73,28,10,69,4,7,16
53381588,0,,,637,294,343,124,57,67,513,237,276,351,169,182,487,224,263,471,217,254,162,68,94,82,26,56,36,7,29,8,4,4,1,0,1,211,210,28,65,52,43,14,6,2,182,158,24,28,87,3,9,29
53381589,0,,,170,79,91,30,13,17,138,65,73,103,48,55,133,63,70,130,62,68,35,17,18,9,4,5,0,0,0,0,0,0,1,0,1,63,63,12,19,15,11,5,1,0,51,47,4,10,22,0,4,7
53381592,2,53381583,,8,2,6,*,*,*,*,*,*,*,*,*,*,*,*,*,*,*,*,*,*,*,*,*,*,*,*,*,*,*,*,*,*,4,4,*,*,*,*,*,*,*,*,*,*,*,*,*,*,*
53381594,0,,,51,27,24,7,4,3,44,23,21,25,15,10,44,23,21,44,23,21,19,8,11,10,4,6,6,2,4,0,0,0,0,0,0,16,16,2,3,5,3,2,1,0,14,9,5,2,12,0,2,3
53381598,0,,,384,191,193,46,24,22,338,167,171,223,111,112,321,158,163,317,157,160,115,56,59,55,25,30,16,5,11,2,1,1,7,7,0,162,162,45,55,35,16,7,3,1,116,101,15,14,78,5,19,20
53381599,0,,,2265,1153,1112,447,236,211,1774,883,891,1413,716,697,1704,848,856,1661,826,835,361,167,194,163,61,102,63,20,43,6,2,4,17,11,6,825,824,179,234,171,158,65,10,7,638,564,74,149,224,31,30,68
53381607,0,,,287,145,142,36,25,11,251,120,131,169,90,79,244,116,128,240,114,126,82,30,52,53,19,34,17,2,15,1,0,1,2,1,1,92,92,13,22,22,21,9,2,3,78,51,27,13,51,2,4,8
53381608,0,,,264,132,132,37,17,20,227,115,112,163,85,78,223,113,110,217,112,105,64,30,34,23,7,16,5,2,3,0,0,0,27,14,13,98,98,30,18,18,22,5,4,1,68,49,19,12,45,2,11,9
53381617,0,,,759,370,389,81,35,46,677,335,342,457,247,210,655,328,327,642,321,321,220,88,132,123,50,73,40,16,24,3,1,2,22,19,3,261,261,57,66,57,40,20,12,9,201,142,59,29,145,13,25,30
53381618,0,,,115,59,56,19,10,9,96,49,47,60,34,26,94,47,47,92,45,47,36,15,21,13,6,7,4,2,2,0,0,0,4,3,1,45,45,16,9,9,4,4,3,0,29,20,9,5,25,4,6,6
53381619,0,,,181,90,91,7,3,4,172,86,86,78,37,41,169,85,84,166,83,83,94,49,45,45,21,24,14,5,9,1,0,1,2,1,1,89,89,33,40,6,4,3,2,1,54,47,7,0,64,0,24,23
53381627,0,,,311,157,154,46,26,20,265,131,134,173,87,86,254,124,130,244,119,125,92,44,48,38,17,21,18,9,9,1,1,0,1,0,1,96,96,11,28,17,16,18,3,3,85,60,25,7,60,0,7,17
53381628,0,,,14,6,8,0,0,0,13,6,7,7,3,4,13,6,7,13,6,7,6,3,3,2,1,1,2,1,1,0,0,0,0,0,0,9,9,5,3,1,0,0,0,0,4,4,0,0,4,0,1,1
53381635,0,,,66,31,35,15,5,10,51,26,25,38,20,18,47,23,24,45,23,22,13,6,7,6,3,3,2,1,1,1,0,1,3,1,2,21,21,5,4,1,6,4,1,0,16,13,3,3,9,0,3,1
53381636,0,,,702,370,332,204,114,90,498,256,242,483,251,232,472,240,232,466,237,229,15,5,10,4,1,3,0,0,0,0,0,0,52,26,26,232,232,14,71,64,64,17,1,1,218,214,4,70,13,0,2,3
53381637,0,,,1272,1062,210,91,46,45,1181,1016,165,1132,980,152,1173,1012,161,1144,985,159,49,36,13,5,2,3,3,0,3,0,0,0,49,31,18,1044,1044,925,52,36,22,8,0,1,119,114,5,36,40,462,25,9
53381638,0,,,209,91,118,16,9,7,193,82,111,77,39,38,190,82,108,186,80,106,116,43,73,89,30,59,68,24,44,12,1,11,2,2,0,42,41,5,13,8,10,2,2,1,36,26,10,4,20,0,3,6
53381639,0,,,78,36,42,12,4,8,66,32,34,42,19,23,63,31,32,61,30,31,24,13,11,10,7,3,1,1,0,0,0,0,0,0,0,24,24,4,8,3,4,2,0,3,20,15,5,2,15,0,1,6
53381644,2,53381654,,11,6,5,*,*,*,*,*,*,*,*,*,*,*,*,*,*,*,*,*,*,*,*,*,*,*,*,*,*,*,*,*,*,3,3,*,*,*,*,*,*,*,*,*,*,*,*,*,*,*
53381645,0,,,216,107,109,23,9,14,193,98,95,111,58,53,187,96,91,186,96,90,82,40,42,46,22,24,9,3,6,2,1,1,1,1,0,82,82,22,24,16,8,7,4,1,60,41,19,4,51,0,13,13
53381646,0,,,1075,678,397,136,79,57,938,599,339,785,529,256,916,592,324,862,550,312,153,70,83,65,30,35,19,6,13,0,0,0,17,7,10,261,256,41,73,51,57,17,7,10,214,170,44,53,95,6,8,23
53381647,0,,,1488,730,758,338,174,164,1150,556,594,997,489,508,1105,534,571,1090,530,560,153,67,86,53,17,36,11,3,8,0,0,0,74,34,40,508,508,62,172,109,101,45,12,7,443,390,53,114,111,12,15,27
53381648,0,,,1262,637,625,143,70,73,1117,566,551,715,385,330,1091,551,540,1068,537,531,402,181,221,177,63,114,81,23,58,7,1,6,5,4,1,379,379,56,89,76,67,39,35,17,321,186,135,39,245,2,28,37
53381649,0,,,408,204,204,65,36,29,343,168,175,248,124,124,327,161,166,322,158,164,95,44,51,33,14,19,7,1,6,1,0,1,2,1,1,124,124,18,34,20,23,14,8,7,105,77,28,15,58,1,4,16
53381651,0,,,37,22,15,3,2,1,32,18,14,27,16,11,31,18,13,31,18,13,5,2,3,2,0,2,0,0,0,0,0,0,0,0,0,14,14,3,3,5,2,1,0,0,11,9,2,1,4,0,0,1
53381652,2,53381663,,3,2,1,*,*,*,*,*,*,*,*,*,*,*,*,*,*,*,*,*,*,*,*,*,*,*,*,*,*,*,*,*,*,1,1,*,*,*,*,*,*,*,*,*,*,*,*,*,*,*
53381653,0,,,86,41,45,13,4,9,72,36,36,44,23,21,69,34,35,68,33,35,28,13,15,17,8,9,3,2,1,0,0,0,0,0,0,31,31,7,9,6,6,1,1,1,24,18,6,1,17,0,3,5
53381654,1,,53381644,1053,513,540,126,65,61,917,443,474,675,334,341,889,428,461,869,419,450,242,109,133,118,50,68,34,14,20,1,1,0,20,10,10,396,392,132,109,75,50,21,6,2,260,226,34,40,133,17,35,41
53381655,0,,,78,35,43,13,6,7,64,29,35,38,16,22,64,29,35,64,29,35,26,13,13,12,5,7,5,1,4,1,0,1,7,2,5,39,39,19,8,7,3,2,0,0,20,16,4,2,20,0,10,5
53381656,0,,,692,325,367,99,39,60,593,286,307,360,186,174,575,277,298,566,272,294,233,100,133,105,39,66,39,12,27,5,1,4,0,0,0,198,198,29,50,33,28,18,27,13,169,90,79,29,139,4,11,28
53381657,1,,53381667;53381668,414,205,209,69,39,30,363,174,189,242,122,120,353,165,188,343,161,182,121,52,69,65,25,40,23,8,15,4,0,4,10,5,5,136,136,20,46,30,20,11,10,5,120,81,39,18,77,2,6,18
53381658,0,,,944,472,472,136,74,62,806,398,408,533,273,260,777,384,393,768,380,388,273,125,148,123,54,69,42,15,27,4,2,2,10,4,6,287,287,33,70,70,58,28,14,14,254,172,82,37,166,0,14,25
53381659,0,,,249,134,115,39,21,18,209,113,96,162,89,73,194,103,91,188,100,88,47,24,23,19,9,10,6,3,3,0,0,0,5,3,2,85,85,15,21,19,19,8,2,1,69,61,8,10,32,0,7,8
53381660,2,53381670,,3,2,1,*,*,*,*,*,*,*,*,*,*,*,*,*,*,*,*,*,*,*,*,*,*,*,*,*,*,*,*,*,*,1,1,*,*,*,*,*,*,*,*,*,*,*,*,*,*,*
53381661,0,,,34,19,15,6,3,3,28,16,12,22,13,9,27,15,12,25,14,11,6,3,3,2,1,1,0,0,0,0,0,0,0,0,0,13,13,2,5,2,4,0,0,0,11,11,0,1,4,0,0,2
53381662,0,,,1721,693,1028,109,53,56,1563,618,945,1196,497,699,1522,595,927,1052,461,591,367,121,246,230,58,172,112,16,96,30,1,29,7,4,3,438,433,95,163,93,62,13,3,4,324,292,32,32,180,6,45,58
53381663,1,,53381652,1916,920,996,224,123,101,1618,757,861,962,499,463,1570,727,843,1545,710,835,656,258,398,361,123,238,163,45,118,26,3,23,20,7,13,726,724,217,210,134,98,38,20,8,496,401,95,70,371,9,97,83
53381664,0,,,1446,693,753,222,102,120,1186,574,612,846,417,429,1143,548,595,1119,536,583,340,157,183,143,65,78,36,13,23,1,0,1,12,2,10,583,582,162,185,105,85,24,15,6,409,352,57,70,224,21,45,76
53381665,0,,,573,263,310,49,23,26,490,234,256,330,156,174,471,227,244,464,226,238,160,78,82,63,29,34,16,7,9,1,0,1,8,1,7,260,260,102,72,36,35,11,4,0,155,135,20,12,109,11,28,34
53381667,2,53381657,,8,4,4,*,*,*,*,*,*,*,*,*,*,*,*,*,*,*,*,*,*,*,*,*,*,*,*,*,*,*,*,*,*,3,3,*,*,*,*,*,*,*,*,*,*,*,*,*,*,*
53381668,2,53381657,,12,5,7,*,*,*,*,*,*,*,*,*,*,*,*,*,*,*,*,*,*,*,*,*,*,*,*,*,*,*,*,*,*,3,3,*,*,*,*,*,*,*,*,*,*,*,*,*,*,*
53381670,1,,53381660,365,173,192,68,29,39,293,143,150,262,129,133,280,137,143,272,134,138,31,14,17,11,6,5,1,0,1,0,0,0,2,1,1,173,173,72,48,27,18,8,0,1,98,95,3,24,21,19,1,5
53381672,0,,,2389,1199,1190,303,155,148,1932,952,980,1343,688,655,1888,926,962,1855,909,946,589,264,325,288,115,173,111,36,75,14,1,13,27,15,12,1072,1071,433,281,175,123,38,15,6,619,553,66,91,379,47,123,120
53381673,0,,,3492,1717,1775,359,176,183,3002,1460,1542,2005,1038,967,2902,1414,1488,2863,1389,1474,997,422,575,563,208,355,169,48,121,13,1,12,36,15,21,1591,1591,625,444,238,192,62,23,7,960,803,157,107,697,75,197,187
53381674,0,,,2739,1369,1370,369,204,165,2277,1122,1155,1617,828,789,2199,1089,1110,2156,1069,1087,660,294,366,345,149,196,87,26,61,6,2,4,52,26,26,1130,1128,353,324,209,154,64,16,8,759,649,110,95,416,46,78,120
53381675,0,,,1267,635,632,144,77,67,1106,549,557,733,378,355,1060,531,529,1042,518,524,373,171,202,185,86,99,47,19,28,3,1,2,11,5,6,452,452,81,145,101,67,33,16,9,366,289,77,30,256,2,39,70
53381676,0,,,12,8,4,0,0,0,11,7,4,9,6,3,10,6,4,9,5,4,2,1,1,0,0,0,0,0,0,0,0,0,0,0,0,5,5,1,2,1,1,0,0,0,4,4,0,0,1,0,0,0
53381680,0,,,2254,1169,1085,424,209,215,1773,928,845,1497,805,692,1711,899,812,1664,870,794,276,123,153,101,41,60,29,6,23,2,0,2,38,24,14,990,990,430,190,145,154,47,15,9,550,486,64,122,187,138,42,48
53381681,0,,,1062,532,530,115,58,57,922,459,463,655,335,320,875,436,439,827,408,419,267,124,143,125,55,70,37,15,22,3,1,2,18,8,10,438,436,171,111,67,62,19,5,1,261,229,32,34,128,50,27,35
53381682,0,,,2036,1033,1003,204,107,97,1724,860,864,1210,629,581,1673,832,841,1634,813,821,514,231,283,249,108,141,58,25,33,5,1,4,44,20,24,986,986,432,268,148,90,29,14,5,539,466,73,58,344,106,79,112
53381683,0,,,3863,1896,1967,394,215,179,3282,1576,1706,2125,1050,1075,3190,1533,1657,3117,1505,1612,1157,526,631,662,273,389,222,83,139,16,5,11,35,10,25,1646,1644,533,496,295,216,72,25,7,1081,875,206,119,779,45,180,210
53381684,0,,,2904,1389,1515,298,154,144,2573,1217,1356,1558,770,788,2492,1176,1316,2462,1159,1303,1015,447,568,576,228,348,206,65,141,20,4,16,11,4,7,1077,1075,212,357,242,161,61,25,17,854,659,195,80,641,3,119,176
53381685,0,,,2633,1274,1359,273,121,152,2352,1148,1204,1456,733,723,2295,1121,1174,2250,1101,1149,896,415,481,493,199,294,167,58,109,10,3,7,15,3,12,912,912,146,289,209,142,62,50,14,762,555,207,69,591,11,83,139
53381686,0,,,159,80,79,21,14,7,138,66,72,110,54,56,133,64,69,130,64,66,28,12,16,15,6,9,4,0,4,0,0,0,0,0,0,52,52,6,14,13,10,8,1,0,46,36,10,8,21,0,3,6
53381690,0,,,2942,1454,1488,398,195,203,2498,1233,1265,1828,941,887,2408,1184,1224,2344,1149,1195,670,292,378,331,127,204,114,35,79,16,1,15,36,17,19,1257,1256,448,322,227,180,57,19,3,795,699,96,111,450,70,132,113
53381691,0,,,3187,1548,1639,385,191,194,2758,1329,1429,1860,947,913,2683,1289,1394,2619,1255,1364,898,382,516,500,185,315,201,55,146,22,1,21,46,16,30,1317,1314,474,326,246,172,64,20,12,831,675,156,117,552,91,121,133
53381692,0,,,1031,495,536,101,52,49,913,433,480,616,294,322,896,421,475,872,408,464,297,139,158,137,58,79,30,11,19,1,0,1,25,4,21,444,444,137,154,73,45,25,8,2,302,244,58,38,200,30,31,67
53381693,0,,,3558,1781,1777,393,206,187,3080,1523,1557,1892,979,913,3010,1479,1531,2956,1450,1506,1188,544,644,580,235,345,195,68,127,18,5,13,66,48,18,1506,1504,475,468,264,185,76,22,14,1017,847,170,115,794,63,194,227
53381694,0,,,3829,1864,1965,359,181,178,3415,1642,1773,2034,1057,977,3303,1586,1717,3250,1560,1690,1381,585,796,824,311,513,329,103,226,39,6,33,32,11,21,1495,1492,407,479,278,197,72,49,10,1074,839,235,81,873,35,196,223
53381695,0,,,2242,1117,1125,263,134,129,1958,972,986,1293,667,626,1880,924,956,1846,907,939,665,305,360,362,153,209,111,42,69,9,2,7,3,1,2,799,799,161,224,192,113,68,28,13,634,482,152,67,430,12,69,108
53381696,0,,,2486,1204,1282,272,130,142,2207,1070,1137,1400,713,687,2135,1036,1099,2104,1019,1085,807,357,450,417,157,260,149,47,102,9,2,7,6,2,4,852,850,136,244,212,162,48,28,20,706,515,191,73,517,6,67,122
53381697,0,,,96,43,53,9,5,4,87,38,49,53,22,31,81,36,45,79,36,43,34,16,18,10,2,8,2,0,2,0,0,0,0,0,0,36,36,6,15,7,3,3,2,0,30,24,6,3,24,0,5,7
53381700,0,,,26,14,12,1,0,1,25,14,11,15,9,6,24,13,11,23,12,11,10,5,5,2,1,1,1,1,0,0,0,0,0,0,0,12,12,3,6,2,0,1,0,0,9,9,0,0,6,0,2,4
53381701,0,,,22,11,11,0,0,0,22,11,11,9,4,5,22,11,11,22,11,11,13,7,6,4,3,1,2,1,1,1,1,0,0,0,0,16,16,10,6,0,0,0,0,0,6,6,0,0,10,0,7,3
53381702,0,,,273,131,142,28,15,13,244,115,129,146,68,78,235,111,124,234,111,123,98,47,51,37,18,19,10,8,2,0,0,0,3,1,2,109,109,33,38,13,9,8,7,1,75,52,23,7,67,1,18,17
53381703,0,,,152,73,79,12,6,6,136,65,71,104,48,56,135,64,71,131,63,68,32,17,15,11,6,5,4,2,2,1,0,1,1,1,0,106,106,83,11,4,5,3,0,0,22,21,1,3,24,49,13,6
53381710,0,,,88,49,39,4,2,2,84,47,37,38,21,17,83,46,37,82,45,37,46,26,20,24,12,12,9,6,3,0,0,0,3,1,2,52,52,25,22,2,2,1,0,0,23,21,2,2,33,0,14,13
53381711,0,,,112,55,57,13,6,7,99,49,50,76,38,38,95,49,46,94,48,46,23,11,12,6,2,4,2,0,2,0,0,0,8,4,4,41,41,14,8,9,3,3,1,3,25,16,9,4,16,5,2,4
53381712,0,,,455,227,228,67,34,33,388,193,195,242,126,116,370,184,186,366,182,184,146,67,79,65,28,37,22,6,16,4,2,2,1,0,1,145,145,21,41,33,23,9,12,6,124,82,42,21,85,0,7,16
53381713,0,,,73,38,35,9,5,4,64,33,31,41,22,19,62,32,30,60,30,30,23,11,12,7,2,5,5,1,4,0,0,0,0,0,0,31,31,10,9,7,2,2,1,0,21,16,5,2,16,2,5,3
53381722,0,,,114,63,51,11,7,4,99,54,45,55,31,24,99,54,45,98,53,45,44,23,21,14,4,10,4,1,3,1,0,1,2,1,1,61,61,27,23,6,3,1,1,0,34,31,3,3,33,0,12,12
53381723,1,,53381724;53381734,22,11,11,2,2,0,29,13,16,15,7,8,28,13,15,27,12,15,14,6,8,7,2,5,2,0,2,1,0,1,0,0,0,11,11,10,4,2,2,0,0,0,8,6,2,0,9,0,5,2
53381724,2,53381723,,2,1,1,*,*,*,*,*,*,*,*,*,*,*,*,*,*,*,*,*,*,*,*,*,*,*,*,*,*,*,*,*,*,2,2,*,*,*,*,*,*,*,*,*,*,*,*,*,*,*
53381733,0,,,12,7,5,0,0,0,11,6,5,3,2,1,11,6,5,11,6,5,8,4,4,3,1,2,2,1,1,0,0,0,0,0,0,8,8,4,4,0,0,0,0,0,4,4,0,0,5,0,2,3
53381734,2,53381723,,8,3,5,*,*,*,*,*,*,*,*,*,*,*,*,*,*,*,*,*,*,*,*,*,*,*,*,*,*,*,*,*,*,5,5,*,*,*,*,*,*,*,*,*,*,*,*,*,*,*
53381740,1,,53381750,102,23,79,7,2,5,104,25,79,25,11,14,101,22,79,101,22,79,79,14,65,63,8,55,44,4,40,12,1,11,0,0,0,18,17,4,11,3,3,0,0,0,17,17,0,3,11,0,3,5
53381750,2,53381740,,9,4,5,*,*,*,*,*,*,*,*,*,*,*,*,*,*,*,*,*,*,*,*,*,*,*,*,*,*,*,*,*,*,4,4,*,*,*,*,*,*,*,*,*,*,*,*,*,*,*
53381765,2,53381776,,3,2,1,*,*,*,*,*,*,*,*,*,*,*,*,*,*,*,*,*,*,*,*,*,*,*,*,*,*,*,*,*,*,2,2,*,*,*,*,*,*,*,*,*,*,*,*,*,*,*
53381776,1,,53381765,153,80,73,15,8,7,141,74,67,90,50,40,138,72,66,134,70,64,51,24,27,29,12,17,12,5,7,0,0,0,0,0,0,49,49,8,12,13,10,4,3,1,42,24,18,4,36,1,6,2
53381786,0,,,24,14,10,2,2,0,22,12,10,10,4,6,22,12,10,22,12,10,12,8,4,5,2,3,2,1,1,0,0,0,0,0,0,11,11,3,5,2,0,1,0,0,8,7,1,1,8,0,3,3
53381787,0,,,87,41,46,13,7,6,74,34,40,42,20,22,70,32,38,70,32,38,32,14,18,16,7,9,7,4,3,2,1,1,1,0,1,27,27,6,7,5,4,0,1,4,21,11,10,1,21,0,4,3
53381798,0,,,188,93,95,16,9,7,172,84,88,104,52,52,165,80,85,162,79,83,68,32,36,27,9,18,8,1,7,1,0,1,1,1,0,72,72,19,26,10,9,2,3,3,53,33,20,6,45,1,12,14
53381799,0,,,100,45,55,6,2,4,94,43,51,66,32,34,90,42,48,90,42,48,28,11,17,13,3,10,6,0,6,1,0,1,1,0,1,33,33,4,12,7,3,4,2,1,28,17,11,2,20,0,3,3
53382001,2,53382021,,6,3,3,*,*,*,*,*,*,*,*,*,*,*,*,*,*,*,*,*,*,*,*,*,*,*,*,*,*,*,*,*,*,3,3,*,*,*,*,*,*,*,*,*,*,*,*,*,*,*
53382021,1,,53382001,6,3,3,0,0,0,12,6,6,3,1,2,12,6,6,12,6,6,9,5,4,3,1,2,2,1,1,1,1,0,0,0,0,2,2,0,3,2,0,0,0,0,5,3,2,0,4,0,0,2
53382032,0,,,10,6,4,0,0,0,10,6,4,3,2,1,10,6,4,10,6,4,7,4,3,6,3,3,2,1,1,0,0,0,0,0,0,5,5,1,3,1,0,0,0,0,4,4,0,0,5,0,1,2
53382036,2,53382046,,6,3,3,*,*,*,*,*,*,*,*,*,*,*,*,*,*,*,*,*,*,*,*,*,*,*,*,*,*,*,*,*,*,3,3,*,*,*,*,*,*,*,*,*,*,*,*,*,*,*
53382042,0,,,46,37,9,1,1,0,45,36,9,29,26,3,45,36,9,45,36,9,16,10,6,10,5,5,1,1,0,0,0,0,1,0,1,37,11,5,3,3,0,0,0,0,6,6,0,1,9,0,5,2
53382046,1,,53382036,10,5,5,3,2,1,13,6,7,6,2,4,13,6,7,13,6,7,7,4,3,4,2,2,2,0,2,1,0,1,2,2,0,5,5,3,3,1,1,0,0,0,5,4,1,2,6,0,3,1
53382052,1,,53382053,13,4,9,0,0,0,15,4,11,0,0,0,15,4,11,15,4,11,15,4,11,8,2,6,4,1,3,1,0,1,0,0,0,8,8,3,6,0,0,0,0,0,6,5,1,0,9,0,3,4
53382053,2,53382052,,2,0,2,*,*,*,*,*,*,*,*,*,*,*,*,*,*,*,*,*,*,*,*,*,*,*,*,*,*,*,*,*,*,1,1,*,*,*,*,*,*,*,*,*,*,*,*,*,*,*
53382054,0,,,16,9,7,0,0,0,16,9,7,7,3,4,16,9,7,15,9,6,9,6,3,5,3,2,1,1,0,0,0,0,2,0,2,9,9,3,5,1,0,0,0,0,6,6,0,0,6,0,1,4
53382062,0,,,11,7,4,1,1,0,10,6,4,8,5,3,10,6,4,10,6,4,2,1,1,2,1,1,1,1,0,0,0,0,0,0,0,5,5,1,2,2,0,0,0,0,4,4,0,0,1,0,0,0
53382063,0,,,171,115,56,5,3,2,166,112,54,98,77,21,165,112,53,164,112,52,68,35,33,42,17,25,17,6,11,3,1,2,2,2,0,121,54,23,19,8,3,0,0,1,31,28,3,2,42,0,17,11
53382064,0,,,56,25,31,2,1,1,54,24,30,13,6,7,53,24,29,53,24,29,41,18,23,24,9,15,6,1,5,0,0,0,0,0,0,30,30,11,14,3,2,0,0,0,19,16,3,0,26,0,9,10
53382072,2,53382073,,5,3,2,*,*,*,*,*,*,*,*,*,*,*,*,*,*,*,*,*,*,*,*,*,*,*,*,*,*,*,*,*,*,1,1,*,*,*,*,*,*,*,*,*,*,*,*,*,*,*
53382073,1,,53382072,208,93,115,25,11,14,188,85,103,85,43,42,184,81,103,182,81,101,103,42,61,80,29,51,42,16,26,1,0,1,3,2,1,95,94,46,23,12,8,4,1,1,49,41,8,6,64,2,32,14
53382074,1,,53382084,11,6,5,1,0,1,12,7,5,6,5,1,12,7,5,12,7,5,6,2,4,2,1,1,0,0,0,0,0,0,0,0,0,5,5,3,1,1,0,1,0,0,3,2,1,0,4,0,1,1
53382082,0,,,17,7,10,5,0,5,12,7,5,12,7,5,12,7,5,12,7,5,0,0,0,0,0,0,0,0,0,0,0,0,0,0,0,8,8,4,0,3,1,0,0,0,4,4,0,0,0,1,0,0
53382083,0,,,27,16,11,2,1,1,25,15,10,18,11,7,25,15,10,25,15,10,7,4,3,4,2,2,1,1,0,0,0,0,0,0,0,16,16,9,4,2,1,0,0,0,7,6,1,0,5,3,1,2
53382084,2,53382074,,2,1,1,*,*,*,*,*,*,*,*,*,*,*,*,*,*,*,*,*,*,*,*,*,*,*,*,*,*,*,*,*,*,1,1,*,*,*,*,*,*,*,*,*,*,*,*,*,*,*
53382092,0,,,30,16,14,0,0,0,30,16,14,10,7,3,30,16,14,30,16,14,20,9,11,18,8,10,6,3,3,0,0,0,0,0,0,16,16,6,6,4,0,0,0,0,10,10,0,0,13,0,4,4
53382093,0,,,17,8,9,1,0,1,16,8,8,8,4,4,16,8,8,15,7,8,8,4,4,6,3,3,2,2,0,0,0,0,0,0,0,6,6,0,3,2,0,1,0,0,6,5,1,0,4,0,0,3
53382094,1,,53382095,12,7,5,0,0,0,15,8,7,10,4,6,15,8,7,14,8,6,5,4,1,2,1,1,2,1,1,0,0,0,0,0,0,6,6,1,4,2,0,0,0,0,6,6,0,0,4,0,0,4
53382095,2,53382094,,3,1,2,*,*,*,*,*,*,*,*,*,*,*,*,*,*,*,*,*,*,*,*,*,*,*,*,*,*,*,*,*,*,1,1,*,*,*,*,*,*,*,*,*,*,*,*,*,*,*
53382187,2,53382188,,4,4,0,*,*,*,*,*,*,*,*,*,*,*,*,*,*,*,*,*,*,*,*,*,*,*,*,*,*,*,*,*,*,4,4,*,*,*,*,*,*,*,*,*,*,*,*,*,*,*
53382188,1,,53382187,2,2,0,0,0,0,5,5,0,5,5,0,5,5,0,5,5,0,0,0,0,0,0,0,0,0,0,0,0,0,0,0,0,2,2,6,0,0,0,0,0,0,0,0,0,0,0,0,0,0
53382225,1,,53382235,27,12,15,0,0,0,29,12,17,4,3,1,29,12,17,29,12,17,25,9,16,19,6,13,11,5,6,0,0,0,0,0,0,16,16,9,8,0,1,0,0,0,9,6,3,0,18,0,9,5
53382234,2,53382244,,4,1,3,*,*,*,*,*,*,*,*,*,*,*,*,*,*,*,*,*,*,*,*,*,*,*,*,*,*,*,*,*,*,3,3,*,*,*,*,*,*,*,*,*,*,*,*,*,*,*
53382235,2,53382225,,2,0,2,*,*,*,*,*,*,*,*,*,*,*,*,*,*,*,*,*,*,*,*,*,*,*,*,*,*,*,*,*,*,2,2,*,*,*,*,*,*,*,*,*,*,*,*,*,*,*
53382244,1,,53382234,9,5,4,0,0,0,13,6,7,3,3,0,13,6,7,13,6,7,10,3,7,6,2,4,3,1,2,0,0,0,0,0,0,6,6,6,2,1,0,0,0,0,3,3,0,0,7,0,4,2
53382264,1,,53382274,18,12,6,1,0,1,24,15,9,17,11,6,24,15,9,24,15,9,7,4,3,1,1,0,0,0,0,0,0,0,5,1,4,14,14,18,2,1,0,0,0,0,3,3,0,1,6,5,5,1
53382274,2,53382264,,7,3,4,*,*,*,*,*,*,*,*,*,*,*,*,*,*,*,*,*,*,*,*,*,*,*,*,*,*,*,*,*,*,7,7,*,*,*,*,*,*,*,*,*,*,*,*,*,*,*
53382293,2,53382294,,6,3,3,*,*,*,*,*,*,*,*,*,*,*,*,*,*,*,*,*,*,*,*,*,*,*,*,*,*,*,*,*,*,4,4,*,*,*,*,*,*,*,*,*,*,*,*,*,*,*
53382294,1,,53382293,33,24,9,4,1,3,35,26,9,23,20,3,35,26,9,35,26,9,12,6,6,7,4,3,3,2,1,0,0,0,0,0,0,23,23,21,3,2,0,0,1,0,6,5,1,1,8,2,4,1
53382301,1,,53382311;53382321,54,26,28,2,1,1,55,27,28,22,14,8,55,27,28,53,25,28,33,13,20,25,8,17,13,4,9,3,1,2,2,1,1,26,26,8,13,6,0,1,0,0,20,16,4,1,21,0,6,8
53382303,0,,,66,37,29,2,1,1,64,36,28,26,18,8,64,36,28,64,36,28,38,18,20,12,4,8,5,1,4,0,0,0,0,0,0,29,29,6,13,7,2,1,0,0,23,20,3,1,25,0,4,7
53382304,0,,,80,37,43,1,1,0,79,36,43,50,24,26,79,36,43,79,36,43,29,12,17,16,3,13,8,1,7,1,0,1,0,0,0,33,33,8,11,9,3,1,1,0,25,21,4,0,23,0,6,6
53382305,0,,,12,7,5,2,2,0,9,4,5,4,2,2,8,3,5,8,3,5,5,2,3,1,0,1,1,0,1,0,0,0,0,0,0,6,6,3,2,0,0,1,0,0,3,3,0,0,4,0,2,1
53382306,0,,,36,20,16,0,0,0,36,20,16,17,11,6,36,20,16,36,20,16,19,9,10,15,8,7,6,2,4,2,0,2,0,0,0,16,16,4,7,3,1,1,0,0,12,8,4,0,12,0,3,2
53382307,0,,,350,181,169,35,19,16,312,161,151,170,94,76,305,158,147,300,155,145,142,67,75,77,33,44,28,12,16,0,0,0,0,0,0,145,145,43,45,29,16,9,1,2,99,86,13,5,101,0,35,26
53382308,0,,,30,16,14,2,2,0,28,14,14,12,7,5,27,13,14,26,12,14,16,7,9,6,4,2,2,1,1,0,0,0,0,0,0,14,14,5,5,2,1,1,0,0,9,8,1,0,12,0,5,3
53382309,0,,,32,18,14,2,0,2,30,18,12,10,6,4,30,18,12,30,18,12,20,12,8,15,9,6,6,4,2,1,1,0,0,0,0,17,17,8,6,0,3,0,0,0,9,7,2,0,15,0,6,5
53382311,2,53382301,,1,1,0,*,*,*,*,*,*,*,*,*,*,*,*,*,*,*,*,*,*,*,*,*,*,*,*,*,*,*,*,*,*,1,1,*,*,*,*,*,*,*,*,*,*,*,*,*,*,*
53382314,1,,53382315,12,6,6,3,1,2,14,7,7,7,4,3,14,7,7,14,7,7,7,3,4,0,0,0,0,0,0,0,0,0,0,0,0,4,4,5,1,1,0,0,0,1,3,2,1,1,6,0,4,0
53382315,2,53382314,,5,2,3,*,*,*,*,*,*,*,*,*,*,*,*,*,*,*,*,*,*,*,*,*,*,*,*,*,*,*,*,*,*,4,4,*,*,*,*,*,*,*,*,*,*,*,*,*,*,*
53382316,0,,,195,97,98,7,5,2,188,92,96,95,49,46,184,89,95,183,88,95,93,43,50,62,29,33,22,5,17,3,1,2,0,0,0,87,87,28,30,16,8,3,2,0,59,46,13,2,70,0,24,17
53382317,0,,,24,11,13,1,1,0,23,10,13,13,6,7,23,10,13,23,10,13,10,4,6,5,2,3,1,0,1,1,0,1,0,0,0,12,12,6,2,2,2,0,0,0,6,5,1,1,9,0,6,1
53382318,0,,,121,57,64,10,3,7,111,54,57,59,33,26,108,52,56,105,49,56,52,21,31,29,8,21,12,2,10,0,0,0,0,0,0,54,54,19,18,8,5,2,2,0,35,29,6,2,37,0,13,9
53382319,0,,,11,4,7,0,0,0,11,4,7,3,2,1,11,4,7,11,4,7,8,2,6,7,2,5,3,0,3,1,0,1,0,0,0,6,6,2,3,1,0,0,0,0,4,4,0,0,6,0,2,1
53382321,2,53382301,,2,1,1,*,*,*,*,*,*,*,*,*,*,*,*,*,*,*,*,*,*,*,*,*,*,*,*,*,*,*,*,*,*,1,1,*,*,*,*,*,*,*,*,*,*,*,*,*,*,*
53382325,0,,,18,9,9,0,0,0,18,9,9,9,6,3,18,9,9,17,8,9,9,3,6,7,2,5,3,1,2,0,0,0,0,0,0,9,9,4,3,0,2,0,0,0,4,4,0,0,6,0,2,1
53382326,0,,,94,47,47,4,3,1,90,44,46,50,25,25,89,43,46,87,42,45,40,19,21,24,12,12,10,3,7,0,0,0,0,0,0,42,42,13,15,6,7,1,0,0,28,25,3,1,27,0,8,9
53382329,0,,,52,22,30,0,0,0,50,21,29,15,7,8,50,21,29,50,21,29,35,14,21,29,12,17,14,5,9,1,0,1,0,0,0,24,24,6,11,4,3,0,0,0,17,12,5,0,21,0,6,5
53382333,0,,,23,13,10,2,2,0,21,11,10,8,5,3,21,11,10,21,11,10,13,6,7,9,4,5,2,1,1,1,1,0,0,0,0,12,12,4,6,1,1,0,0,0,8,6,2,1,10,0,4,2
53382334,0,,,13,7,6,2,1,1,11,6,5,5,3,2,11,6,5,11,6,5,6,3,3,3,1,2,1,0,1,0,0,0,0,0,0,5,5,2,2,0,0,0,0,1,3,2,1,0,4,0,1,2
53382335,0,,,47,23,24,0,0,0,47,23,24,29,20,9,47,23,24,47,23,24,18,3,15,8,1,7,3,1,2,0,0,0,0,0,0,6,5,2,3,0,0,0,0,0,2,2,0,0,4,0,2,1
53382336,0,,,66,31,35,1,0,1,65,31,34,27,14,13,64,30,34,64,30,34,38,17,21,18,5,13,12,3,9,2,0,2,0,0,0,28,28,5,14,5,2,2,0,0,23,17,6,0,25,0,4,10
53382337,2,53382347,,2,1,1,*,*,*,*,*,*,*,*,*,*,*,*,*,*,*,*,*,*,*,*,*,*,*,*,*,*,*,*,*,*,1,1,*,*,*,*,*,*,*,*,*,*,*,*,*,*,*
53382338,0,,,76,42,34,8,6,2,68,36,32,27,17,10,67,36,31,67,36,31,41,19,22,21,10,11,5,2,3,2,0,2,4,3,1,34,34,10,15,2,6,0,1,0,23,21,2,0,27,0,7,9
53382339,0,,,91,55,36,2,2,0,87,52,35,46,33,13,84,50,34,80,46,34,41,19,22,22,9,13,11,3,8,2,0,2,0,0,0,44,44,20,13,5,3,2,0,1,24,17,7,1,30,3,11,5
53382343,1,,53382352,30,14,16,5,2,3,27,13,14,11,6,5,27,13,14,27,13,14,16,7,9,13,5,8,5,2,3,0,0,0,0,0,0,15,15,6,7,1,1,1,0,0,10,10,0,1,12,0,5,5
53382344,1,,53382353,95,28,67,0,0,0,98,30,68,26,15,11,98,30,68,98,30,68,72,15,57,60,9,51,45,3,42,11,0,11,0,0,0,20,19,5,8,3,3,0,1,0,15,11,4,0,14,0,3,3
53382345,0,,,18,7,11,0,0,0,18,7,11,7,4,3,18,7,11,18,7,11,11,3,8,6,0,6,1,0,1,0,0,0,0,0,0,8,8,3,2,2,0,1,0,0,5,3,2,0,8,0,3,1
53382346,0,,,92,45,47,17,11,6,75,34,41,45,22,23,70,33,37,69,32,37,30,12,18,12,3,9,8,2,6,1,0,1,2,1,1,32,32,9,9,3,3,5,2,1,22,16,6,6,20,0,7,6
53382347,1,,53382337,693,331,362,84,43,41,596,281,315,358,182,176,582,272,310,576,271,305,238,99,139,140,48,92,68,17,51,9,2,7,12,5,7,242,241,47,76,54,39,20,4,2,189,152,37,31,132,1,29,36
53382348,0,,,55,26,29,0,0,0,52,25,27,18,10,8,52,25,27,52,25,27,34,15,19,20,8,12,11,3,8,1,1,0,1,0,1,26,26,11,7,4,2,2,0,0,14,10,4,0,23,0,10,2
53382349,0,,,54,29,25,3,2,1,48,25,23,33,17,16,48,25,23,45,25,20,15,8,7,6,3,3,5,2,3,0,0,0,0,0,0,22,22,7,6,3,4,2,0,0,14,10,4,0,10,0,3,3
53382352,2,53382343,,2,1,1,*,*,*,*,*,*,*,*,*,*,*,*,*,*,*,*,*,*,*,*,*,*,*,*,*,*,*,*,*,*,1,1,*,*,*,*,*,*,*,*,*,*,*,*,*,*,*
53382353,2,53382344,,3,2,1,*,*,*,*,*,*,*,*,*,*,*,*,*,*,*,*,*,*,*,*,*,*,*,*,*,*,*,*,*,*,1,1,*,*,*,*,*,*,*,*,*,*,*,*,*,*,*
53382354,1,,53382364,177,94,83,17,10,7,167,88,79,79,46,33,165,87,78,164,87,77,88,42,46,44,17,27,21,6,15,2,0,2,0,0,0,79,79,31,29,13,10,2,1,0,55,50,5,5,63,1,23,16
53382356,0,,,1008,453,555,53,27,26,954,425,529,436,225,211,941,420,521,934,419,515,518,200,318,321,100,221,129,21,108,18,6,12,3,1,2,415,413,130,134,79,41,21,5,3,281,227,54,13,320,0,101,73
53382357,0,,,447,195,252,49,31,18,397,164,233,200,99,101,389,159,230,384,158,226,197,65,132,147,37,110,78,18,60,17,1,16,2,1,1,160,159,52,47,29,19,9,2,1,107,92,15,9,85,1,27,21
53382358,0,,,104,48,56,8,5,3,96,43,53,48,25,23,96,43,53,96,43,53,48,18,30,20,6,14,8,1,7,0,0,0,2,1,1,46,46,14,19,6,3,3,0,1,32,27,5,1,34,0,9,9
53382363,0,,,11,6,5,3,2,1,8,4,4,5,3,2,7,3,4,7,3,4,3,1,2,2,1,1,0,0,0,0,0,0,0,0,0,4,4,1,1,1,0,1,0,0,3,3,0,0,2,0,1,1
53382364,2,53382354,,7,4,3,*,*,*,*,*,*,*,*,*,*,*,*,*,*,*,*,*,*,*,*,*,*,*,*,*,*,*,*,*,*,7,7,*,*,*,*,*,*,*,*,*,*,*,*,*,*,*
53382365,2,53382366,,8,4,4,*,*,*,*,*,*,*,*,*,*,*,*,*,*,*,*,*,*,*,*,*,*,*,*,*,*,*,*,*,*,3,3,*,*,*,*,*,*,*,*,*,*,*,*,*,*,*
53382366,1,,53382365,1252,576,676,87,43,44,1142,523,619,640,319,321,1122,512,610,1108,508,600,502,204,298,272,94,178,98,20,78,13,2,11,29,3,26,556,554,201,171,97,56,23,7,2,349,288,61,23,325,11,89,90
53382367,0,,,1458,698,760,199,100,99,1254,595,659,871,425,446,1204,570,634,1177,554,623,383,170,213,186,76,110,56,17,39,4,1,3,27,3,24,606,605,171,181,136,85,23,5,4,431,384,47,50,266,14,87,62
53382368,0,,,480,243,237,38,21,17,440,220,220,271,139,132,425,211,214,417,206,211,169,81,88,76,33,43,20,5,15,3,0,3,0,0,0,187,187,38,70,38,24,12,3,2,146,121,25,10,111,0,25,32
53382369,0,,,1091,501,590,75,36,39,969,443,526,494,262,232,940,425,515,928,417,511,475,181,294,306,97,209,156,28,128,36,3,33,3,2,1,386,384,72,148,87,48,19,5,5,297,242,55,20,241,0,43,78
53382373,2,53382382,,6,3,3,*,*,*,*,*,*,*,*,*,*,*,*,*,*,*,*,*,*,*,*,*,*,*,*,*,*,*,*,*,*,3,3,*,*,*,*,*,*,*,*,*,*,*,*,*,*,*
53382375,0,,,389,195,194,38,25,13,351,170,181,220,110,110,339,165,174,334,164,170,131,60,71,72,29,43,28,11,17,0,0,0,0,0,0,142,142,31,44,31,17,10,5,4,110,84,26,8,92,0,25,22
53382376,0,,,1944,944,1000,239,107,132,1681,823,858,1065,560,505,1644,805,839,1614,789,825,616,263,353,328,130,198,127,41,86,15,2,13,20,7,13,763,761,206,226,159,102,41,19,8,549,448,101,54,401,7,104,98
53382377,0,,,1866,889,977,194,89,105,1646,788,858,982,504,478,1599,763,836,1574,750,824,664,284,380,361,147,214,123,47,76,13,3,10,22,11,11,735,735,181,231,150,113,45,10,5,552,436,116,39,434,10,86,122
53382378,2,53382379,,3,2,1,*,*,*,*,*,*,*,*,*,*,*,*,*,*,*,*,*,*,*,*,*,*,*,*,*,*,*,*,*,*,2,2,*,*,*,*,*,*,*,*,*,*,*,*,*,*,*
53382379,1,,53382378,2659,1313,1346,280,141,139,2289,1121,1168,1417,731,686,2208,1077,1131,2181,1064,1117,872,390,482,488,197,291,180,67,113,21,7,14,37,16,21,1026,1025,242,338,201,160,63,18,5,762,652,110,68,563,6,133,157
53382381,2,53382392,,3,2,1,*,*,*,*,*,*,*,*,*,*,*,*,*,*,*,*,*,*,*,*,*,*,*,*,*,*,*,*,*,*,1,1,*,*,*,*,*,*,*,*,*,*,*,*,*,*,*
53382382,1,,53382373,6,3,3,0,0,0,12,6,6,4,3,1,12,6,6,12,6,6,8,3,5,6,2,4,5,1,4,1,0,1,0,0,0,5,5,5,2,1,0,0,0,0,3,2,1,0,5,0,2,1
53382385,0,,,627,298,329,50,20,30,577,278,299,359,182,177,558,271,287,540,262,278,218,96,122,120,47,73,37,12,25,4,0,4,3,0,3,243,243,58,65,65,39,11,3,2,181,144,37,10,149,1,37,23
53382386,0,,,1943,977,966,274,144,130,1637,820,817,1133,593,540,1583,790,793,1548,776,772,504,227,277,241,97,144,86,26,60,6,2,4,14,9,5,733,733,171,211,147,134,53,12,5,557,473,84,76,344,17,75,88
53382387,0,,,1184,583,601,159,77,82,1025,506,519,660,340,320,992,490,502,967,478,489,365,166,199,198,85,113,69,24,45,7,3,4,9,2,7,447,446,100,136,96,71,29,10,4,342,286,56,32,243,3,64,64
53382388,0,,,230,115,115,28,11,17,194,99,95,148,77,71,188,94,94,181,93,88,46,22,24,20,9,11,3,0,3,0,0,0,7,4,3,100,100,39,28,13,14,3,1,2,58,48,10,9,34,3,10,6
53382389,0,,,374,181,193,48,25,23,311,147,164,191,94,97,306,144,162,306,144,162,120,53,67,51,24,27,13,4,9,1,0,1,7,4,3,148,148,26,62,30,20,6,4,0,117,105,12,9,75,0,15,24
53382392,1,,53382381,160,83,77,12,5,7,151,80,71,72,43,29,151,80,71,150,79,71,79,37,42,43,17,26,23,7,16,1,0,1,0,0,0,81,81,35,24,15,6,1,1,0,47,44,3,2,54,2,23,13
53382393,0,,,37,18,19,3,2,1,34,16,18,14,5,9,33,15,18,33,15,18,20,11,9,9,3,6,4,1,3,1,0,1,0,0,0,21,21,10,7,3,1,0,0,0,11,9,2,1,16,0,8,5
53382395,0,,,177,90,87,18,11,7,159,79,80,96,47,49,156,78,78,153,76,77,63,32,31,22,11,11,6,0,6,4,0,4,2,1,1,63,63,9,21,17,10,3,1,2,54,43,11,6,38,0,5,14
53382396,0,,,581,284,297,37,18,19,544,266,278,363,176,187,529,261,268,522,258,264,181,90,91,81,32,49,28,7,21,1,0,1,6,3,3,228,228,48,84,44,32,16,3,1,180,145,35,10,126,6,22,37
53382397,0,,,782,392,390,112,61,51,669,331,338,485,250,235,645,317,328,634,310,324,184,81,103,96,38,58,30,13,17,3,0,3,12,6,6,317,317,86,100,61,49,12,7,2,231,202,29,29,133,10,37,29
53382398,0,,,183,98,85,29,21,8,151,74,77,121,64,57,144,68,76,143,68,75,30,10,20,14,5,9,7,2,5,0,0,0,3,0,3,70,70,17,17,15,19,1,1,0,51,45,6,11,22,2,7,5
53382399,0,,,939,470,469,96,52,44,838,415,423,566,295,271,812,403,409,799,394,405,272,120,152,136,55,81,41,14,27,7,1,6,10,6,4,355,355,83,97,88,51,27,6,3,266,211,55,18,184,8,39,41
53382400,0,,,13,6,7,0,0,0,13,6,7,4,2,2,13,6,7,13,6,7,9,4,5,6,3,3,1,1,0,0,0,0,0,0,0,7,7,3,2,2,0,0,0,0,4,4,0,0,7,0,3,1
53382403,2,53382410,,1,0,1,*,*,*,*,*,*,*,*,*,*,*,*,*,*,*,*,*,*,*,*,*,*,*,*,*,*,*,*,*,*,1,1,*,*,*,*,*,*,*,*,*,*,*,*,*,*,*
53382405,2,53382435,,2,2,0,*,*,*,*,*,*,*,*,*,*,*,*,*,*,*,*,*,*,*,*,*,*,*,*,*,*,*,*,*,*,2,2,*,*,*,*,*,*,*,*,*,*,*,*,*,*,*
53382407,2,53382439,,3,2,1,*,*,*,*,*,*,*,*,*,*,*,*,*,*,*,*,*,*,*,*,*,*,*,*,*,*,*,*,*,*,2,2,*,*,*,*,*,*,*,*,*,*,*,*,*,*,*
53382410,1,,53382403,25,12,13,1,0,1,25,12,13,12,10,2,24,11,13,23,10,13,13,2,11,12,2,10,5,1,4,0,0,0,0,0,0,14,14,9,4,1,0,0,1,0,6,5,1,0,11,0,7,2
53382420,0,,,21,7,14,0,0,0,21,7,14,10,5,5,21,7,14,21,7,14,11,2,9,8,1,7,5,0,5,0,0,0,0,0,0,9,9,3,3,0,3,0,0,0,6,4,2,0,9,0,3,2
53382421,1,,53382431,9,5,4,0,0,0,11,7,4,5,3,2,11,7,4,11,7,4,6,4,2,5,3,2,0,0,0,0,0,0,0,0,0,6,6,5,3,0,0,0,0,0,3,3,0,0,5,0,4,1
53382431,2,53382421,,2,2,0,*,*,*,*,*,*,*,*,*,*,*,*,*,*,*,*,*,*,*,*,*,*,*,*,*,*,*,*,*,*,2,2,*,*,*,*,*,*,*,*,*,*,*,*,*,*,*
53382434,1,,53382444,19,12,7,0,0,0,17,11,6,7,4,3,17,11,6,17,11,6,10,7,3,4,1,3,0,0,0,0,0,0,0,0,0,11,11,8,3,1,0,1,0,0,4,3,1,0,9,0,6,2
53382435,1,,53382405,20,12,8,0,0,0,22,14,8,9,6,3,22,14,8,22,14,8,13,8,5,5,3,2,4,2,2,1,1,0,0,0,0,11,11,7,3,3,0,0,0,0,6,6,0,0,10,0,5,1
53382438,0,,,32,12,20,0,0,0,32,12,20,7,4,3,32,12,20,32,12,20,25,8,17,16,4,12,9,2,7,1,0,1,0,0,0,23,23,15,7,1,0,0,0,0,8,8,0,0,20,0,13,4
53382439,1,,53382407,101,50,51,10,2,8,94,50,44,45,30,15,94,50,44,93,49,44,49,20,29,32,13,19,19,7,12,0,0,0,0,0,0,45,45,19,11,9,5,2,1,0,28,24,4,4,33,0,13,6
53382443,1,,53382452;53382453,30,11,19,1,1,0,37,13,24,16,6,10,34,13,21,34,13,21,21,7,14,14,5,9,5,0,5,1,0,1,0,0,0,11,11,4,6,4,0,2,0,0,12,8,4,0,15,0,4,4
53382444,2,53382434,,3,2,1,*,*,*,*,*,*,*,*,*,*,*,*,*,*,*,*,*,*,*,*,*,*,*,*,*,*,*,*,*,*,2,2,*,*,*,*,*,*,*,*,*,*,*,*,*,*,*
53382446,0,,,9,4,5,0,0,0,9,4,5,2,2,0,9,4,5,9,4,5,7,2,5,6,2,4,4,1,3,0,0,0,0,0,0,7,7,5,2,0,0,0,0,0,2,2,0,0,5,0,3,2
53382447,0,,,32,16,16,0,0,0,32,16,16,16,10,6,31,15,16,31,15,16,16,6,10,7,1,6,4,0,4,1,0,1,0,0,0,15,15,6,4,2,3,0,0,0,9,5,4,0,11,0,4,2
53382448,0,,,50,25,25,5,3,2,45,22,23,21,11,10,44,21,23,44,21,23,24,11,13,15,4,11,4,2,2,1,1,0,0,0,0,24,24,11,6,5,0,1,0,1,13,10,3,0,18,0,8,2
53382452,2,53382443,,1,0,1,*,*,*,*,*,*,*,*,*,*,*,*,*,*,*,*,*,*,*,*,*,*,*,*,*,*,*,*,*,*,1,1,*,*,*,*,*,*,*,*,*,*,*,*,*,*,*
53382453,2,53382443,,7,3,4,*,*,*,*,*,*,*,*,*,*,*,*,*,*,*,*,*,*,*,*,*,*,*,*,*,*,*,*,*,*,4,4,*,*,*,*,*,*,*,*,*,*,*,*,*,*,*
53382460,0,,,277,132,145,29,14,15,246,117,129,152,76,76,237,115,122,228,108,120,94,41,53,58,24,34,14,6,8,2,1,1,8,4,4,112,112,28,38,20,17,9,0,0,84,73,11,7,63,0,18,27
53382461,0,,,90,44,46,9,5,4,81,39,42,50,29,21,79,38,41,78,37,41,31,10,21,20,6,14,11,2,9,1,0,1,0,0,0,30,30,7,7,6,5,1,2,2,22,17,5,2,21,0,4,5
53382470,0,,,2331,1139,1192,197,104,93,2056,996,1060,1173,604,569,1992,965,1027,1963,946,1017,883,392,491,501,192,309,178,59,119,14,5,9,14,7,7,947,947,238,318,186,142,50,10,3,686,561,125,45,608,5,162,169
53382471,0,,,698,317,381,78,45,33,613,269,344,350,175,175,584,256,328,576,253,323,263,94,169,186,60,126,91,23,68,21,4,17,6,1,5,216,214,37,65,44,44,14,8,2,175,144,31,22,114,0,28,30
53382472,0,,,19,10,9,2,1,1,17,9,8,13,8,5,17,9,8,17,9,8,4,1,3,1,0,1,0,0,0,0,0,0,1,1,0,6,6,1,1,1,2,1,0,0,5,3,2,1,3,0,1,0
53382473,0,,,20,10,10,0,0,0,20,10,10,8,5,3,20,10,10,20,10,10,12,5,7,7,3,4,1,1,0,0,0,0,0,0,0,8,8,0,5,2,1,0,0,0,8,6,2,0,7,0,0,4
53382474,0,,,264,131,133,18,9,9,244,121,123,132,68,64,237,116,121,231,111,120,112,53,59,57,23,34,20,8,12,1,0,1,1,0,1,104,104,18,45,19,15,4,2,1,86,75,11,4,74,0,13,29
53382475,0,,,235,118,117,21,11,10,213,107,106,126,67,59,207,104,103,204,104,100,87,40,47,41,15,26,11,5,6,0,0,0,3,0,3,86,86,17,29,13,18,5,4,0,69,52,17,5,61,0,11,21
53382476,2,53382486,,5,2,3,*,*,*,*,*,*,*,*,*,*,*,*,*,*,*,*,*,*,*,*,*,*,*,*,*,*,*,*,*,*,1,1,*,*,*,*,*,*,*,*,*,*,*,*,*,*,*
53382477,0,,,23,12,11,2,1,1,21,11,10,9,5,4,20,10,10,19,10,9,12,6,6,6,3,3,3,1,2,2,0,2,0,0,0,7,7,1,2,1,2,0,0,1,6,3,3,1,6,0,1,2
53382480,0,,,1010,486,524,142,79,63,819,381,438,487,240,247,799,371,428,785,366,419,332,141,191,152,63,89,41,12,29,4,1,3,63,38,25,464,464,181,130,81,48,12,10,2,270,243,27,42,246,3,109,51
53382481,0,,,1001,501,500,109,53,56,843,417,426,525,267,258,803,399,404,777,385,392,318,150,168,168,76,92,43,17,26,2,0,2,11,3,8,361,361,61,113,82,75,19,6,5,288,245,43,27,202,0,43,66
53382482,0,,,501,251,250,59,32,27,438,216,222,281,140,141,418,206,212,409,203,206,157,76,81,81,35,46,33,10,23,2,1,1,21,11,10,181,181,36,47,45,35,14,2,2,144,121,23,15,105,0,22,25
53382483,0,,,394,190,204,30,22,8,363,167,196,204,100,104,354,163,191,349,162,187,159,67,92,85,29,56,36,12,24,3,1,2,8,2,6,157,157,38,49,37,20,12,0,1,118,94,24,5,112,0,32,25
53382484,0,,,1126,548,578,99,47,52,961,469,492,600,303,297,921,448,473,902,440,462,361,166,195,166,70,96,49,17,32,4,2,2,11,5,6,433,433,83,157,91,68,23,8,3,329,285,44,24,235,2,52,67
53382485,0,,,65,36,29,3,2,1,60,34,26,36,24,12,59,33,26,58,32,26,24,10,14,16,7,9,8,4,4,1,1,0,0,0,0,22,22,2,9,4,5,0,1,1,19,16,3,1,14,0,2,4
53382486,1,,53382476,398,198,200,25,14,11,378,186,192,237,125,112,366,180,186,350,174,176,141,61,80,68,28,40,26,11,15,2,1,1,0,0,0,143,143,31,35,37,23,10,7,1,113,79,34,4,93,1,20,14
53382487,0,,,577,285,292,64,36,28,510,247,263,291,149,142,492,237,255,479,229,250,219,98,121,121,51,70,47,14,33,2,1,1,6,3,3,206,204,42,61,46,29,21,2,3,160,129,31,13,138,0,32,37
53382488,0,,,106,56,50,2,1,1,104,55,49,63,33,30,100,53,47,97,51,46,41,22,19,18,10,8,5,4,1,0,0,0,2,1,1,27,25,8,9,5,1,2,0,0,17,16,1,1,19,0,6,5
53382490,0,,,320,151,169,31,16,15,260,123,137,160,75,85,247,114,133,239,113,126,100,48,52,43,18,25,11,5,6,3,2,1,1,0,1,112,112,14,40,23,24,6,4,1,90,72,18,4,64,0,9,24
53382491,0,,,316,138,178,26,8,18,282,126,156,133,67,66,279,125,154,276,125,151,149,59,90,89,28,61,55,15,40,15,1,14,6,3,3,91,90,10,30,24,14,9,2,1,78,68,10,5,57,0,9,21
53382492,0,,,78,42,36,17,6,11,59,34,25,45,25,20,58,33,25,53,30,23,14,9,5,4,3,1,0,0,0,0,0,0,17,9,8,37,37,17,7,5,8,0,0,0,20,19,1,6,10,0,6,3
53382493,0,,,450,220,230,49,23,26,373,184,189,252,132,120,357,176,181,347,171,176,121,52,69,64,23,41,25,10,15,3,0,3,3,2,1,164,164,28,54,37,31,7,5,2,128,109,19,8,78,0,16,28
53382494,0,,,502,246,256,62,33,29,431,209,222,268,137,131,411,195,216,401,189,212,163,72,91,84,32,52,32,13,19,2,0,2,5,2,3,188,188,42,60,33,33,14,3,3,143,122,21,17,108,0,29,33
53382495,0,,,88,42,46,16,8,8,71,33,38,59,29,30,69,33,36,67,31,36,12,4,8,7,1,6,5,0,5,2,0,2,0,0,0,31,31,5,9,7,6,4,0,0,26,24,2,6,9,0,2,2
53382496,0,,,364,191,173,33,20,13,331,171,160,188,105,83,315,161,154,310,159,151,143,66,77,78,36,42,21,9,12,3,1,2,1,0,1,128,128,26,34,32,19,7,7,3,102,76,26,8,90,2,17,21
53382497,0,,,236,117,119,17,9,8,218,107,111,138,70,68,215,106,109,211,103,108,80,37,43,33,14,19,8,4,4,1,0,1,1,0,1,96,96,23,37,16,12,6,1,1,72,60,12,6,55,0,14,14
53382498,0,,,17,7,10,1,0,1,16,7,9,9,4,5,16,7,9,15,7,8,7,3,4,2,1,1,1,0,1,0,0,0,0,0,0,6,6,0,2,3,1,0,0,0,6,6,0,0,4,0,0,0
53382499,0,,,27,14,13,2,1,1,25,13,12,9,5,4,25,13,12,25,13,12,16,8,8,5,2,3,1,0,1,0,0,0,0,0,0,13,13,4,5,3,1,0,0,0,9,8,1,0,11,0,4,3
53382502,0,,,91,44,47,7,3,4,84,41,43,41,22,19,81,40,41,79,39,40,43,19,24,23,9,14,8,2,6,0,0,0,0,0,0,33,33,6,10,9,4,2,2,0,27,19,8,0,26,0,4,8
53382503,0,,,36,17,19,5,4,1,31,13,18,20,10,10,29,13,16,28,12,16,11,3,8,8,2,6,4,1,3,0,0,0,1,1,0,13,13,2,5,2,2,2,0,0,11,9,2,1,9,0,2,3
53382504,1,,53382514,36,15,21,3,1,2,35,15,20,18,7,11,35,15,20,35,15,20,17,8,9,11,6,5,3,1,2,0,0,0,0,0,0,13,13,1,8,2,1,1,1,0,13,10,3,1,10,0,1,5
53382505,0,,,52,24,28,10,4,6,42,20,22,26,13,13,39,19,20,39,19,20,16,7,9,10,4,6,4,2,2,0,0,0,1,0,1,18,18,4,4,4,3,2,1,0,14,11,3,3,10,0,3,3
53382506,0,,,110,56,54,15,10,5,95,46,49,52,29,23,93,44,49,92,44,48,43,17,26,18,8,10,6,0,6,0,0,0,0,0,0,39,39,7,12,10,6,1,2,1,32,24,8,3,26,0,5,6
53382507,0,,,188,96,92,21,10,11,167,86,81,103,57,46,163,82,81,161,82,79,64,29,35,39,16,23,20,9,11,1,1,0,1,0,1,61,60,7,21,12,11,7,2,0,52,38,14,8,34,0,4,9
53382508,0,,,276,132,144,39,22,17,236,110,126,170,86,84,225,103,122,224,103,121,66,24,42,41,15,26,16,5,11,1,0,1,0,0,0,112,112,28,34,27,16,7,0,0,82,70,12,11,46,0,12,8
53382509,0,,,2464,1214,1250,346,187,159,2090,1010,1080,1429,722,707,2033,978,1055,1992,954,1038,661,288,373,350,143,207,108,32,76,7,1,6,14,5,9,954,954,260,262,183,158,57,26,8,680,551,129,97,438,47,87,121
53382514,2,53382504,,2,1,1,*,*,*,*,*,*,*,*,*,*,*,*,*,*,*,*,*,*,*,*,*,*,*,*,*,*,*,*,*,*,1,1,*,*,*,*,*,*,*,*,*,*,*,*,*,*,*
53382517,0,,,153,80,73,17,10,7,136,70,66,79,41,38,133,69,64,132,68,64,57,29,28,28,14,14,10,6,4,0,0,0,1,0,1,54,54,11,15,13,7,4,3,1,43,31,12,3,35,0,6,9
53382518,0,,,8,4,4,0,0,0,8,4,4,3,2,1,8,4,4,8,4,4,5,2,3,1,0,1,0,0,0,0,0,0,0,0,0,4,4,0,4,0,0,0,0,0,4,4,0,0,3,0,0,2
53382519,0,,,318,147,171,21,7,14,294,139,155,160,79,81,290,139,151,287,138,149,134,60,74,81,34,47,32,12,20,4,2,2,5,0,5,135,135,46,37,28,13,5,5,1,88,63,25,5,87,9,20,20
53382527,0,,,75,37,38,8,5,3,67,32,35,44,21,23,66,31,35,65,31,34,23,11,12,7,3,4,3,1,2,1,0,1,0,0,0,29,29,7,10,6,3,0,3,0,22,17,5,1,17,0,5,4
53382528,0,,,105,54,51,9,6,3,92,47,45,60,34,26,88,44,44,85,41,44,32,13,19,12,5,7,1,0,1,1,0,1,3,2,1,44,44,12,18,6,5,0,2,1,31,28,3,2,22,1,6,7
53382529,0,,,422,205,217,55,27,28,367,178,189,228,116,112,348,169,179,343,164,179,139,62,77,64,25,39,22,9,13,5,2,3,3,2,1,149,149,29,43,37,23,6,7,4,119,87,32,11,92,0,18,23
53382538,0,,,141,72,69,16,8,8,125,64,61,82,43,39,118,59,59,112,56,56,43,21,22,21,10,11,7,3,4,0,0,0,0,0,0,50,50,8,20,6,7,8,0,1,41,33,8,3,27,0,5,11
53382539,0,,,513,236,277,45,24,21,468,212,256,263,139,124,460,207,253,453,202,251,205,73,132,101,30,71,27,5,22,2,0,2,7,3,4,211,211,69,57,38,27,12,8,0,140,99,41,15,137,19,35,30
53382549,0,,,57,28,29,11,3,8,46,25,21,28,16,12,45,24,21,44,23,21,18,9,9,9,5,4,1,1,0,0,0,0,0,0,0,21,21,6,4,5,4,1,0,1,14,11,3,4,12,0,3,2
53382551,1,,53382552,51,28,23,0,0,0,58,30,28,15,11,4,58,30,28,58,30,28,43,19,24,30,13,17,9,2,7,1,1,0,0,0,0,28,28,15,14,5,0,0,0,0,19,18,1,0,29,0,12,10
53382552,2,53382551,,7,2,5,*,*,*,*,*,*,*,*,*,*,*,*,*,*,*,*,*,*,*,*,*,*,*,*,*,*,*,*,*,*,6,6,*,*,*,*,*,*,*,*,*,*,*,*,*,*,*
53382563,0,,,94,49,45,7,6,1,87,43,44,21,13,8,87,43,44,87,43,44,66,30,36,38,15,23,16,4,12,1,1,0,2,1,1,52,52,22,22,5,2,1,0,0,30,28,2,2,45,2,18,18
53382564,0,,,35,13,22,0,0,0,35,13,22,7,3,4,35,13,22,35,13,22,28,10,18,22,7,15,8,5,3,0,0,0,0,0,0,23,23,11,12,0,0,0,0,0,12,12,0,0,21,0,10,8
53382565,1,,53382566,86,38,48,6,4,2,83,35,48,39,16,23,83,35,48,81,35,46,44,19,25,32,13,19,19,8,11,1,0,1,0,0,0,43,43,17,16,8,1,1,0,1,27,22,5,3,32,0,14,10
53382566,2,53382565,,3,1,2,*,*,*,*,*,*,*,*,*,*,*,*,*,*,*,*,*,*,*,*,*,*,*,*,*,*,*,*,*,*,1,1,*,*,*,*,*,*,*,*,*,*,*,*,*,*,*
53382580,0,,,20,10,10,3,2,1,17,8,9,7,4,3,17,8,9,17,8,9,10,4,6,9,3,6,5,2,3,2,1,1,0,0,0,8,8,1,4,2,0,1,0,0,7,5,2,1,6,0,1,2
53382584,2,53382594,,5,2,3,*,*,*,*,*,*,*,*,*,*,*,*,*,*,*,*,*,*,*,*,*,*,*,*,*,*,*,*,*,*,2,2,*,*,*,*,*,*,*,*,*,*,*,*,*,*,*
53382590,0,,,16,8,8,0,0,0,14,7,7,6,4,2,14,7,7,14,7,7,8,3,5,1,0,1,1,0,1,0,0,0,0,0,0,9,9,4,4,0,1,0,0,0,4,4,0,0,5,0,2,3
53382591,0,,,11,5,6,0,0,0,11,5,6,6,3,3,11,5,6,11,5,6,5,2,3,3,1,2,0,0,0,0,0,0,0,0,0,7,7,3,4,0,0,0,0,0,4,4,0,0,5,0,2,0
53382594,1,,53382584,10,5,5,0,0,0,15,7,8,9,5,4,15,7,8,15,7,8,6,2,4,3,1,2,1,0,1,0,0,0,0,0,0,4,4,0,4,1,1,0,0,0,6,6,0,0,4,0,0,1
53382600,0,,,2227,1066,1161,242,105,137,1958,942,1016,1308,658,650,1882,902,980,1824,869,955,650,284,366,329,120,209,129,41,88,8,1,7,34,18,16,851,850,219,258,159,119,61,27,7,618,475,143,60,438,26,80,110
53382601,0,,,789,378,411,58,31,27,720,341,379,436,223,213,704,332,372,697,328,369,284,118,166,139,48,91,51,16,35,4,1,3,34,14,20,342,342,131,86,63,32,19,4,7,206,152,54,15,193,25,50,39
53382603,0,,,762,371,391,83,34,49,622,307,315,404,195,209,599,295,304,584,288,296,218,112,106,101,50,51,23,9,14,0,0,0,9,8,1,304,304,104,64,65,37,20,11,3,198,156,42,20,137,2,22,33
53382604,0,,,668,315,353,114,57,57,546,254,292,390,184,206,521,240,281,498,229,269,156,70,86,65,30,35,20,7,13,0,0,0,7,1,6,244,243,48,72,67,36,13,6,1,194,162,32,22,100,1,18,22
53382605,0,,,1393,679,714,157,79,78,1211,586,625,795,398,397,1166,564,602,1138,549,589,416,188,228,211,89,122,57,25,32,3,1,2,4,1,3,517,516,124,146,92,102,38,10,4,390,313,77,41,271,16,50,77
53382606,0,,,895,396,499,89,36,53,799,356,443,474,222,252,767,347,420,746,337,409,325,134,191,149,58,91,23,9,14,0,0,0,12,5,7,428,428,168,139,68,32,10,10,1,258,235,23,23,237,3,103,58
53382610,0,,,400,198,202,43,24,19,353,171,182,230,117,113,341,167,174,334,163,171,123,54,69,70,30,40,24,9,15,2,1,1,3,2,1,160,160,51,34,37,25,9,3,1,107,82,25,11,79,16,11,11
53382611,0,,,171,89,82,8,5,3,163,84,79,93,49,44,160,83,77,157,82,75,70,35,35,38,20,18,8,4,4,0,0,0,3,1,2,64,64,8,27,14,8,7,0,0,56,42,14,3,45,0,6,16
53382612,0,,,202,85,117,16,4,12,174,72,102,125,54,71,172,71,101,171,71,100,49,18,31,25,7,18,8,1,7,1,0,1,11,5,6,116,116,80,10,13,7,2,3,1,36,20,16,5,33,38,7,7
53382615,0,,,130,64,66,17,6,11,99,50,49,74,37,37,92,45,47,90,44,46,25,13,12,8,3,5,3,2,1,0,0,0,3,0,3,49,49,7,17,15,8,1,0,1,38,37,1,4,18,0,4,9
53382616,0,,,1163,568,595,106,47,59,1046,515,531,639,329,310,1012,496,516,1000,491,509,407,186,221,194,80,114,63,16,47,8,0,8,6,0,6,410,410,58,142,103,57,24,19,7,347,258,89,24,276,1,39,73
53382617,0,,,266,126,140,29,15,14,237,111,126,184,93,91,222,106,116,213,100,113,53,18,35,24,8,16,4,2,2,0,0,0,0,0,0,91,91,12,29,21,17,7,5,0,78,64,14,6,38,0,7,8
53382621,0,,,270,130,140,40,25,15,230,105,125,154,69,85,222,103,119,219,101,118,76,36,40,26,14,12,10,6,4,1,0,1,2,1,1,99,99,22,23,27,20,4,2,1,76,63,13,14,47,6,7,11
53382622,0,,,256,128,128,36,20,16,220,108,112,150,78,72,213,105,108,210,104,106,70,30,40,27,10,17,9,2,7,1,0,1,1,1,0,92,92,16,27,27,13,4,2,3,76,60,16,14,45,0,7,10
53382626,0,,,998,509,489,126,67,59,871,442,429,580,308,272,830,413,417,816,403,413,291,134,157,120,51,69,38,13,25,1,1,0,3,1,2,349,348,60,112,74,56,24,14,8,288,219,69,34,200,0,39,51
53382627,0,,,1807,857,950,191,80,111,1616,777,839,963,487,476,1559,740,819,1533,729,804,653,290,363,361,144,217,137,56,81,10,4,6,14,5,9,660,660,126,227,130,100,39,29,9,532,406,126,49,429,17,75,112
53382628,0,,,576,296,280,63,37,26,513,259,254,372,187,185,490,246,244,480,242,238,141,72,69,73,31,42,24,10,14,4,2,2,8,5,3,209,208,42,52,60,32,15,6,1,166,128,38,19,105,3,24,21
53382629,0,,,24,10,14,4,3,1,20,7,13,16,5,11,19,7,12,19,7,12,4,2,2,1,0,1,0,0,0,0,0,0,0,0,0,7,7,0,1,3,2,1,0,0,7,4,3,0,3,0,0,0
53382630,0,,,43,18,25,4,1,3,39,17,22,25,10,15,39,17,22,39,17,22,14,7,7,6,3,3,4,3,1,1,1,0,0,0,0,16,16,6,4,1,2,1,1,1,10,6,4,1,10,1,4,2
53382631,0,,,1515,753,762,169,92,77,1316,643,673,855,424,431,1272,624,648,1249,610,639,461,219,242,248,106,142,91,38,53,10,3,7,35,16,19,633,633,214,170,117,81,32,14,5,413,333,80,43,304,48,71,81
53382632,0,,,53,28,25,5,4,1,48,24,24,33,17,16,46,24,22,45,24,21,15,7,8,4,3,1,0,0,0,0,0,0,0,0,0,20,20,3,9,4,1,2,1,0,16,12,4,2,9,0,1,3
53382636,0,,,121,56,65,2,0,2,119,56,63,94,43,51,116,54,62,115,54,61,25,13,12,7,2,5,1,0,1,0,0,0,0,0,0,48,48,11,11,18,6,2,0,0,37,34,3,1,19,0,4,5
53382637,0,,,698,330,368,84,41,43,614,289,325,395,190,205,591,280,311,575,275,300,219,99,120,107,44,63,30,11,19,3,1,2,6,3,3,259,259,57,77,57,40,17,7,4,201,160,41,21,144,7,28,42
53382638,0,,,1018,514,504,93,58,35,924,455,469,611,303,308,883,434,449,864,427,437,313,152,161,143,59,84,45,14,31,6,2,4,7,3,4,367,367,61,123,87,52,28,11,5,303,236,67,20,217,1,39,56
53382639,0,,,1115,534,581,138,69,69,977,465,512,608,319,289,947,453,494,929,445,484,369,146,223,212,75,137,95,16,79,21,3,18,11,7,4,400,399,86,129,84,70,15,10,5,312,255,57,40,195,12,37,47
53382641,1,,53382651,109,57,52,13,7,6,98,51,47,58,30,28,95,49,46,94,49,45,40,21,19,20,8,12,6,2,4,0,0,0,0,0,0,41,41,8,15,12,1,3,3,0,34,23,11,2,28,0,5,7
53382648,2,53382649,,4,1,3,*,*,*,*,*,*,*,*,*,*,*,*,*,*,*,*,*,*,*,*,*,*,*,*,*,*,*,*,*,*,1,1,*,*,*,*,*,*,*,*,*,*,*,*,*,*,*
53382649,1,,53382648,1906,924,982,241,127,114,1662,792,870,1049,522,527,1603,766,837,1570,752,818,613,270,343,342,146,196,102,38,64,7,0,7,32,16,16,725,725,159,228,150,124,46,15,4,561,445,116,61,406,14,83,125
53382651,2,53382641,,2,1,1,*,*,*,*,*,*,*,*,*,*,*,*,*,*,*,*,*,*,*,*,*,*,*,*,*,*,*,*,*,*,1,1,*,*,*,*,*,*,*,*,*,*,*,*,*,*,*
53382659,0,,,74,34,40,7,4,3,63,28,35,34,15,19,62,28,34,60,26,34,29,13,16,14,5,9,4,1,3,0,0,0,1,0,1,31,31,5,15,6,4,1,0,0,23,19,4,1,20,0,4,8
53382668,2,53382678,,6,2,4,*,*,*,*,*,*,*,*,*,*,*,*,*,*,*,*,*,*,*,*,*,*,*,*,*,*,*,*,*,*,2,2,*,*,*,*,*,*,*,*,*,*,*,*,*,*,*
53382676,1,,53382686,13,7,6,0,0,0,79,48,31,53,31,22,79,48,31,75,45,30,26,17,9,10,5,5,1,1,0,0,0,0,0,0,0,5,5,1,3,3,0,0,0,0,6,6,0,0,5,0,1,2
53382677,0,,,14,7,7,3,2,1,11,5,6,11,5,6,9,5,4,9,5,4,0,0,0,0,0,0,0,0,0,0,0,0,1,0,1,4,4,0,1,0,3,0,0,0,4,4,0,0,0,0,0,0
53382678,1,,53382668,325,173,152,27,13,14,304,162,142,195,110,85,295,156,139,289,153,136,109,52,57,55,25,30,19,5,14,2,0,2,13,12,1,129,129,34,42,27,16,4,8,0,96,79,17,6,73,5,11,20
53382679,1,,53382689,485,252,233,53,29,24,438,227,211,284,153,131,423,219,204,418,217,201,154,74,80,62,29,33,21,9,12,2,1,1,5,4,1,177,177,49,52,29,23,14,10,4,130,98,32,8,109,7,23,30
53382681,0,,,12,4,8,0,0,0,12,4,8,3,1,2,12,4,8,12,4,8,9,3,6,6,3,3,3,1,2,0,0,0,0,0,0,5,5,1,3,0,0,1,0,0,4,3,1,0,5,0,1,2
53382686,2,53382676,,66,41,25,*,*,*,*,*,*,*,*,*,*,*,*,*,*,*,*,*,*,*,*,*,*,*,*,*,*,*,*,*,*,4,2,*,*,*,*,*,*,*,*,*,*,*,*,*,*,*
53382687,0,,,11,6,5,1,1,0,10,5,5,6,4,2,10,5,5,10,5,5,4,1,3,3,1,2,2,1,1,0,0,0,2,2,0,6,6,3,2,0,1,0,0,0,3,3,0,0,3,1,1,0
53382688,0,,,72,33,39,9,5,4,63,28,35,41,18,23,61,27,34,61,27,34,22,10,12,15,7,8,4,2,2,0,0,0,12,4,8,37,37,19,9,3,4,2,0,0,18,16,2,1,15,10,5,5
53382689,2,53382679,,7,5,2,*,*,*,*,*,*,*,*,*,*,*,*,*,*,*,*,*,*,*,*,*,*,*,*,*,*,*,*,*,*,4,4,*,*,*,*,*,*,*,*,*,*,*,*,*,*,*
53382690,0,,,34,18,16,1,0,1,33,18,15,20,12,8,32,18,14,32,18,14,13,6,7,7,3,4,0,0,0,0,0,0,0,0,0,13,13,2,6,3,1,0,0,1,11,9,2,0,9,0,2,3
53382691,0,,,28,14,14,0,0,0,28,14,14,19,9,10,28,14,14,28,14,14,9,5,4,3,1,2,2,1,1,0,0,0,0,0,0,11,11,4,1,2,4,0,0,0,7,6,1,0,5,0,1,1
53382709,0,,,151,69,82,18,7,11,133,62,71,76,40,36,131,60,71,131,60,71,57,22,35,30,11,19,13,5,8,0,0,0,1,1,0,56,56,14,19,3,14,3,2,1,42,27,15,5,38,0,7,14
53382710,0,,,95,46,49,4,3,1,81,39,42,46,26,20,79,38,41,77,38,39,35,13,22,15,5,10,7,0,7,1,0,1,0,0,0,37,37,6,14,10,5,1,1,0,28,21,7,0,22,0,5,6
53382711,0,,,71,35,36,5,4,1,61,29,32,36,16,20,59,28,31,58,28,30,25,13,12,10,4,6,7,2,5,0,0,0,5,1,4,24,24,2,7,7,6,2,0,0,21,16,5,1,16,0,2,5
53382713,0,,,70,33,37,1,1,0,69,32,37,38,19,19,66,31,35,65,31,34,31,13,18,13,4,9,3,0,3,0,0,0,0,0,0,25,25,3,7,11,1,2,1,0,22,13,9,0,20,0,2,4
53382715,1,,53382716,74,39,35,2,2,0,72,37,35,42,22,20,70,36,34,70,36,34,30,15,15,22,10,12,12,6,6,1,1,0,0,0,0,28,28,7,8,9,2,2,0,1,22,14,8,0,19,0,3,5
53382716,2,53382715,,1,1,0,*,*,*,*,*,*,*,*,*,*,*,*,*,*,*,*,*,*,*,*,*,*,*,*,*,*,*,*,*,*,1,1,*,*,*,*,*,*,*,*,*,*,*,*,*,*,*
53382719,0,,,28,16,12,1,0,1,27,16,11,13,10,3,27,16,11,27,16,11,14,6,8,3,1,2,2,0,2,1,0,1,0,0,0,18,18,10,6,2,0,0,0,0,8,7,1,1,9,0,4,2
53382720,0,,,154,74,80,11,7,4,143,67,76,100,47,53,135,65,70,133,64,69,43,20,23,19,7,12,9,3,6,0,0,0,1,0,1,58,58,12,19,13,9,2,2,1,46,35,11,2,31,0,7,9
53382723,0,,,36,16,20,6,1,5,30,15,15,15,7,8,29,14,15,29,14,15,15,8,7,8,4,4,4,2,2,0,0,0,0,0,0,11,11,2,4,1,2,0,1,1,9,5,4,1,9,0,2,3
53382724,0,,,82,42,40,6,2,4,76,40,36,43,26,17,74,39,35,73,39,34,33,14,19,11,4,7,4,1,3,1,0,1,0,0,0,32,32,10,8,6,5,2,0,1,22,15,7,2,22,5,5,4
53382725,0,,,15,6,9,0,0,0,15,6,9,6,3,3,15,6,9,15,6,9,9,3,6,3,0,3,1,0,1,0,0,0,0,0,0,6,6,0,4,1,1,0,0,0,6,6,0,0,6,0,0,2
53382730,0,,,408,201,207,76,47,29,332,154,178,209,97,112,318,151,167,315,149,166,123,57,66,50,25,25,21,9,12,1,0,1,1,0,1,152,152,32,45,36,23,10,6,0,120,101,19,23,85,1,21,23
53382732,0,,,373,166,207,43,18,25,323,145,178,196,87,109,314,144,170,307,141,166,127,58,69,53,19,34,17,5,12,1,0,1,2,0,2,151,151,38,55,25,22,5,5,1,110,90,20,10,82,0,25,23
53382733,0,,,154,77,77,10,3,7,144,74,70,87,46,41,140,73,67,138,71,67,57,28,29,26,12,14,7,3,4,0,0,0,1,1,0,56,56,12,16,11,13,1,2,1,44,31,13,2,37,0,7,11
53382740,0,,,1237,604,633,135,66,69,1055,516,539,699,345,354,1030,506,524,988,479,509,356,171,185,152,67,85,63,25,38,3,0,3,66,27,39,550,549,190,173,88,63,28,5,2,350,317,33,41,245,42,67,83
53382741,0,,,2256,922,1334,74,35,39,1759,701,1058,1504,583,921,1746,697,1049,1351,566,785,255,118,137,140,61,79,51,19,32,3,1,2,39,17,22,1812,1811,1611,89,44,36,22,7,2,196,150,46,23,172,738,39,46
53382742,0,,,1056,480,576,108,57,51,927,415,512,707,312,395,899,398,501,801,365,436,220,103,117,101,43,58,25,9,16,0,0,0,23,2,21,534,534,300,94,45,59,22,11,3,231,181,50,17,157,143,32,40
53382743,2,53382753,,1,1,0,*,*,*,*,*,*,*,*,*,*,*,*,*,*,*,*,*,*,*,*,*,*,*,*,*,*,*,*,*,*,1,1,*,*,*,*,*,*,*,*,*,*,*,*,*,*,*
53382750,0,,,366,195,171,44,22,22,318,172,146,236,132,104,297,160,137,288,156,132,82,40,42,36,19,17,12,6,6,2,1,1,25,19,6,140,140,46,36,16,26,7,4,5,92,67,25,8,58,17,10,13
53382751,0,,,1267,538,729,74,41,33,1038,425,613,825,338,487,1016,413,603,857,368,489,213,87,126,102,39,63,33,7,26,2,0,2,9,6,3,874,874,682,83,57,26,17,5,4,191,158,33,15,142,298,43,35
53382752,0,,,2099,999,1100,126,72,54,1818,853,965,1264,613,651,1755,816,939,1607,753,854,554,240,314,300,121,179,100,35,65,11,1,10,22,10,12,1187,1186,757,190,107,62,40,23,7,425,324,101,24,369,335,83,97
53382753,1,,53382743,872,453,419,134,68,66,732,382,350,530,286,244,713,370,343,696,361,335,202,96,106,91,42,49,21,8,13,3,1,2,17,12,5,327,327,71,102,71,49,25,7,3,253,217,36,35,137,10,21,32
53382754,0,,,156,80,76,16,7,9,138,72,66,97,55,42,134,69,65,132,68,64,41,17,24,19,7,12,7,2,5,0,0,0,6,1,5,62,62,21,13,11,13,2,1,1,41,29,12,4,30,1,4,4
53382755,1,,53382765;53382766,178,82,96,14,7,7,178,84,94,115,58,57,176,83,93,171,81,90,63,26,37,31,13,18,15,6,9,0,0,0,1,0,1,61,61,13,16,14,13,7,3,0,53,38,15,2,45,0,11,4
53382756,0,,,42,22,20,5,2,3,37,20,17,26,15,11,37,20,17,37,20,17,11,5,6,6,2,4,3,0,3,0,0,0,0,0,0,17,17,5,4,4,3,1,0,0,12,7,5,0,9,0,1,2
53382760,0,,,62,33,29,4,3,1,58,30,28,41,22,19,56,28,28,56,28,28,17,8,9,8,2,6,5,1,4,0,0,0,0,0,0,26,26,10,4,7,3,1,1,0,15,11,4,1,13,0,5,1
53382761,0,,,252,127,125,23,11,12,229,116,113,131,72,59,223,112,111,218,108,110,98,44,54,33,14,19,9,4,5,0,0,0,1,1,0,95,95,17,34,23,12,6,1,2,76,63,13,4,63,0,13,21
53382762,0,,,1683,792,891,135,75,60,1544,716,828,842,435,407,1507,696,811,1485,687,798,702,281,421,392,145,247,156,48,108,22,7,15,21,14,7,735,734,247,246,119,73,34,9,6,485,397,88,33,480,33,150,117
53382763,0,,,112,48,64,5,1,4,106,47,59,64,28,36,100,47,53,93,42,51,42,19,23,24,11,13,4,2,2,0,0,0,0,0,0,51,51,15,21,8,4,3,0,0,36,33,3,2,28,0,10,10
53382764,0,,,570,289,281,89,41,48,476,248,228,330,180,150,461,241,220,451,234,217,146,68,78,70,27,43,17,7,10,2,0,2,21,16,5,219,219,61,56,45,32,17,7,1,156,128,28,16,100,9,26,22
53382765,2,53382755,,6,5,1,*,*,*,*,*,*,*,*,*,*,*,*,*,*,*,*,*,*,*,*,*,*,*,*,*,*,*,*,*,*,2,2,*,*,*,*,*,*,*,*,*,*,*,*,*,*,*
53382766,2,53382755,,8,4,4,*,*,*,*,*,*,*,*,*,*,*,*,*,*,*,*,*,*,*,*,*,*,*,*,*,*,*,*,*,*,3,3,*,*,*,*,*,*,*,*,*,*,*,*,*,*,*
53382769,2,53382778,,1,1,0,*,*,*,*,*,*,*,*,*,*,*,*,*,*,*,*,*,*,*,*,*,*,*,*,*,*,*,*,*,*,1,1,*,*,*,*,*,*,*,*,*,*,*,*,*,*,*
53382770,0,,,419,206,213,50,27,23,365,177,188,214,105,109,354,170,184,345,169,176,151,72,79,84,33,51,29,9,20,2,1,1,1,0,1,147,147,24,56,26,18,11,7,5,123,87,36,8,99,1,13,24
53382771,0,,,614,307,307,57,26,31,549,277,272,331,183,148,539,271,268,526,263,263,218,94,124,112,45,67,49,19,30,5,2,3,5,0,5,236,236,48,79,58,29,15,6,1,185,142,43,20,142,1,23,40
53382772,0,,,1817,867,950,186,87,99,1583,756,827,901,473,428,1547,739,808,1521,726,795,682,283,399,434,160,274,199,56,143,29,6,23,39,28,11,741,738,284,193,116,78,38,21,8,446,349,97,50,416,28,133,92
53382773,0,,,1094,525,569,106,46,60,981,476,505,609,305,304,953,462,491,942,453,489,372,171,201,181,79,102,62,25,37,8,1,7,3,2,1,455,454,124,154,87,61,19,4,5,328,274,54,29,253,17,60,73
53382774,0,,,189,103,86,52,32,20,137,71,66,130,67,63,132,68,64,128,66,62,7,4,3,2,1,1,0,0,0,0,0,0,0,0,0,62,62,5,17,17,16,7,0,0,57,56,1,20,6,0,2,0
53382775,0,,,605,286,319,83,41,42,516,239,277,298,152,146,498,227,271,484,224,260,218,87,131,127,45,82,76,21,55,17,3,14,3,2,1,190,189,35,47,43,42,9,8,5,154,120,34,21,100,5,11,32
53382776,0,,,149,72,77,40,19,21,109,53,56,91,43,48,97,46,51,93,46,47,18,10,8,11,6,5,1,0,1,0,0,0,14,10,4,53,53,14,10,10,12,5,2,0,39,36,3,12,13,0,7,3
53382777,0,,,228,118,110,18,11,7,210,107,103,112,59,53,204,105,99,202,103,99,98,48,50,46,21,25,19,8,11,0,0,0,2,0,2,82,82,11,29,19,16,4,3,0,71,54,17,4,64,0,9,19
53382778,1,,53382769,225,113,112,8,4,4,218,110,108,128,71,57,213,109,104,210,107,103,90,39,51,48,17,31,18,2,16,1,0,1,0,0,0,84,84,15,31,16,17,4,1,1,69,49,20,0,57,0,5,20
53382779,0,,,65,36,29,3,1,2,62,35,27,30,18,12,59,34,25,57,32,25,32,17,15,19,7,12,10,3,7,2,1,1,1,0,1,26,26,6,10,4,4,1,1,0,20,14,6,0,20,0,4,3
53382782,0,,,35,18,17,1,0,1,34,18,16,24,14,10,32,16,16,31,16,15,10,4,6,5,1,4,2,0,2,0,0,0,0,0,0,14,14,2,7,3,0,2,0,0,12,10,2,0,7,1,0,3
53382783,0,,,2112,1050,1062,222,115,107,1853,916,937,1291,644,647,1807,895,912,1754,872,882,562,272,290,310,126,184,113,37,76,9,1,8,25,12,13,824,821,278,224,156,106,43,9,5,539,458,81,63,310,54,80,80
53382784,0,,,1025,515,510,153,69,84,867,443,424,625,321,304,834,423,411,811,410,401,242,122,120,100,47,53,30,11,19,2,1,1,8,5,3,396,395,87,128,80,73,17,9,1,304,271,33,54,161,6,36,55
53382788,0,,,15,9,6,0,0,0,15,9,6,3,2,1,15,9,6,15,9,6,12,7,5,6,4,2,2,1,1,1,1,0,0,0,0,6,6,1,3,1,0,1,0,0,5,4,1,0,6,0,1,2
53382789,0,,,45,22,23,3,1,2,42,21,21,18,9,9,42,21,21,42,21,21,24,12,12,11,6,5,3,2,1,0,0,0,0,0,0,18,18,3,6,6,3,0,0,0,15,11,4,2,15,0,2,5
53382790,0,,,78,11,67,0,0,0,78,11,67,1,1,0,78,11,67,78,11,67,77,10,67,75,9,66,63,5,58,15,1,14,0,0,0,2,0,0,0,0,0,0,0,0,0,0,0,0,0,0,0,0
53382793,0,,,138,46,92,6,2,4,132,44,88,38,17,21,130,43,87,130,43,87,94,27,67,79,21,58,48,8,40,15,1,14,0,0,0,33,32,4,13,9,4,1,1,0,28,24,4,1,24,0,3,9
53382794,0,,,900,433,467,99,43,56,778,380,398,556,270,286,763,371,392,742,360,382,222,110,112,105,51,54,37,18,19,3,1,2,32,7,25,410,410,157,119,68,44,14,5,3,250,213,37,35,148,40,36,39
53382795,0,,,78,35,43,18,10,8,60,25,35,51,22,29,56,23,33,55,23,32,9,3,6,4,1,3,2,0,2,0,0,0,9,5,4,34,34,10,12,6,5,0,1,0,24,24,0,6,7,0,2,1
53382797,0,,,19,8,11,0,0,0,19,8,11,5,3,2,19,8,11,19,8,11,14,5,9,6,1,5,5,1,4,0,0,0,0,0,0,11,11,6,3,1,1,0,0,0,5,3,2,0,8,0,3,1
53383003,0,,,101,46,55,14,6,8,87,40,47,42,18,24,84,40,44,83,40,43,45,22,23,26,11,15,12,3,9,1,0,1,1,0,1,45,45,15,15,7,5,3,0,0,30,24,6,4,29,0,8,7
53383004,0,,,33,17,16,7,5,2,26,12,14,12,5,7,25,12,13,25,12,13,14,7,7,9,4,5,3,2,1,1,0,1,0,0,0,11,11,1,5,1,3,0,0,1,10,8,2,2,9,0,1,3
53383005,0,,,40,20,20,8,4,4,32,16,16,15,8,7,30,16,14,29,15,14,17,8,9,14,6,8,3,1,2,0,0,0,0,0,0,14,14,3,3,3,4,0,1,0,11,11,0,2,10,0,3,3
53383006,1,,53383016,16,7,9,2,2,0,22,9,13,12,5,7,22,9,13,22,9,13,10,4,6,6,2,4,1,0,1,0,0,0,0,0,0,9,9,5,5,3,0,0,0,0,7,5,2,0,8,0,2,1
53383013,0,,,74,34,40,16,9,7,58,25,33,39,16,23,55,25,30,54,25,29,19,9,10,13,5,8,6,3,3,0,0,0,1,1,0,33,33,14,6,7,3,3,0,0,19,16,3,7,15,5,6,3
53383014,0,,,16,8,8,1,0,1,15,8,7,7,5,2,14,7,7,14,7,7,8,3,5,6,2,4,2,1,1,0,0,0,0,0,0,8,8,4,2,1,0,1,0,0,4,3,1,0,5,0,2,2
53383016,2,53383006,,8,4,4,*,*,*,*,*,*,*,*,*,*,*,*,*,*,*,*,*,*,*,*,*,*,*,*,*,*,*,*,*,*,4,4,*,*,*,*,*,*,*,*,*,*,*,*,*,*,*
53383023,2,53383024,,8,5,3,*,*,*,*,*,*,*,*,*,*,*,*,*,*,*,*,*,*,*,*,*,*,*,*,*,*,*,*,*,*,5,5,*,*,*,*,*,*,*,*,*,*,*,*,*,*,*
53383024,1,,53383023,11,7,4,1,1,0,18,11,7,5,3,2,18,11,7,18,11,7,13,8,5,6,4,2,2,1,1,0,0,0,0,0,0,6,6,5,4,2,0,0,0,0,6,6,0,1,9,0,5,4
53383034,0,,,12,6,6,0,0,0,12,6,6,6,3,3,12,6,6,12,6,6,6,3,3,3,1,2,0,0,0,0,0,0,0,0,0,5,5,1,3,0,0,1,0,0,4,3,1,0,4,0,0,3
53383044,1,,53383054;53383064;53383074,10,6,4,3,2,1,16,8,8,6,3,3,16,8,8,16,8,8,10,5,5,10,5,5,2,2,0,0,0,0,0,0,0,4,4,0,6,1,1,0,0,0,8,8,0,1,6,0,0,4
53383054,2,53383044,,4,2,2,*,*,*,*,*,*,*,*,*,*,*,*,*,*,*,*,*,*,*,*,*,*,*,*,*,*,*,*,*,*,2,2,*,*,*,*,*,*,*,*,*,*,*,*,*,*,*
53383064,2,53383044,,2,1,1,*,*,*,*,*,*,*,*,*,*,*,*,*,*,*,*,*,*,*,*,*,*,*,*,*,*,*,*,*,*,1,1,*,*,*,*,*,*,*,*,*,*,*,*,*,*,*
53383074,2,53383044,,3,1,2,*,*,*,*,*,*,*,*,*,*,*,*,*,*,*,*,*,*,*,*,*,*,*,*,*,*,*,*,*,*,1,1,*,*,*,*,*,*,*,*,*,*,*,*,*,*,*
53383204,2,53383269,,2,2,0,*,*,*,*,*,*,*,*,*,*,*,*,*,*,*,*,*,*,*,*,*,*,*,*,*,*,*,*,*,*,2,2,*,*,*,*,*,*,*,*,*,*,*,*,*,*,*
53383269,1,,53383204,111,54,57,11,5,6,102,51,51,68,36,32,97,48,49,94,46,48,34,15,19,16,7,9,9,4,5,1,0,1,0,0,0,50,50,21,15,8,4,2,2,0,31,30,1,3,21,0,6,9
53383305,0,,,200,94,106,15,9,6,185,85,100,102,49,53,181,85,96,178,82,96,83,36,47,43,15,28,16,5,11,2,0,2,0,0,0,76,76,18,20,22,10,3,0,3,57,42,15,4,53,0,13,11
53383306,0,,,970,482,488,93,49,44,877,433,444,583,286,297,848,420,428,832,410,422,294,147,147,148,69,79,51,22,29,7,3,4,10,6,4,350,350,58,111,87,59,21,11,3,289,236,53,24,189,1,37,52
53383307,0,,,2015,1015,1000,234,121,113,1737,870,867,1098,591,507,1695,845,850,1663,829,834,639,279,360,316,130,186,121,38,83,9,2,7,35,19,16,813,810,234,249,149,119,40,13,6,554,481,73,61,400,16,105,112
53383308,0,,,1344,673,671,140,78,62,1204,595,609,762,391,371,1157,570,587,1134,558,576,442,204,238,227,102,125,81,27,54,4,2,2,16,8,8,502,502,93,170,112,80,33,10,4,406,330,76,23,297,4,53,78
53383309,0,,,672,340,332,93,50,43,570,283,287,424,210,214,542,265,277,539,264,275,146,73,73,66,30,36,22,9,13,0,0,0,7,1,6,255,254,57,83,49,41,18,4,2,191,165,26,19,101,5,19,29
53383314,0,,,169,83,86,5,1,4,164,82,82,75,41,34,164,82,82,164,82,82,89,41,48,49,17,32,24,9,15,0,0,0,0,0,0,72,72,15,32,13,9,3,0,0,57,43,14,1,58,0,10,20
53383315,0,,,79,41,38,4,2,2,75,39,36,35,19,16,71,38,33,70,37,33,40,20,20,18,9,9,5,1,4,0,0,0,1,0,1,32,32,5,15,8,2,1,0,1,27,22,5,1,25,0,4,7
53383316,0,,,650,316,334,63,36,27,586,279,307,370,189,181,568,269,299,557,265,292,216,90,126,104,40,64,38,11,27,6,0,6,1,1,0,249,249,58,73,59,35,16,7,1,189,153,36,23,147,0,37,32
53383317,0,,,1617,805,812,232,115,117,1376,681,695,915,473,442,1320,646,674,1289,632,657,461,208,253,237,106,131,81,28,53,9,2,7,37,13,24,640,639,176,194,124,84,42,14,5,455,389,66,67,304,7,83,84
53383318,0,,,906,414,492,128,66,62,736,327,409,539,253,286,701,306,395,679,292,387,197,74,123,105,28,77,58,12,46,15,1,14,18,10,8,308,307,51,94,75,58,21,5,3,244,211,33,34,102,1,28,26
53383319,0,,,1502,740,762,247,117,130,1252,623,629,961,488,473,1185,587,598,1148,567,581,291,135,156,117,51,66,32,9,23,3,0,3,15,5,10,517,517,68,155,124,116,43,8,3,443,394,49,59,196,1,25,45
53383324,1,,53383333,357,185,172,27,17,10,333,169,164,188,103,85,329,167,162,323,162,161,145,66,79,74,32,42,27,11,16,3,1,2,3,1,2,140,140,34,46,32,15,12,3,0,108,83,25,5,103,0,21,28
53383325,0,,,434,207,227,34,15,19,400,192,208,255,122,133,382,181,201,376,177,199,145,70,75,57,21,36,14,5,9,1,0,1,7,2,5,172,172,25,76,40,22,6,2,1,145,129,16,5,91,1,14,36
53383326,0,,,1647,816,831,224,117,107,1418,696,722,881,449,432,1364,665,699,1324,649,675,537,247,290,246,109,137,71,25,46,12,2,10,29,12,17,653,653,152,227,130,90,38,11,5,495,431,64,57,344,14,81,115
53383327,0,,,2825,1346,1479,333,174,159,2477,1166,1311,1495,755,740,2423,1138,1285,2387,1116,1271,982,411,571,565,212,353,193,53,140,21,4,17,29,11,18,1061,1057,271,360,202,140,56,18,10,776,671,105,112,551,15,132,156
53383328,0,,,1261,620,641,180,99,81,1080,521,559,684,344,340,1046,505,541,1027,498,529,396,177,219,239,98,141,103,35,68,11,1,10,11,7,4,429,428,84,130,79,91,29,10,5,339,277,62,50,212,3,42,49
53383329,0,,,2102,1025,1077,412,219,193,1671,798,873,1358,658,700,1571,754,817,1521,725,796,313,140,173,132,53,79,29,7,22,4,0,4,48,22,26,746,745,141,200,157,169,65,10,3,592,534,58,119,217,12,42,63
53383333,2,53383324,,3,1,2,*,*,*,*,*,*,*,*,*,*,*,*,*,*,*,*,*,*,*,*,*,*,*,*,*,*,*,*,*,*,2,2,*,*,*,*,*,*,*,*,*,*,*,*,*,*,*
53383334,1,,53383343,238,114,124,13,3,10,224,111,113,134,71,63,214,107,107,207,105,102,90,40,50,53,22,31,13,1,12,3,0,3,1,0,1,91,91,22,33,14,12,6,4,1,69,63,6,1,60,0,15,20
53383335,0,,,650,315,335,101,60,41,549,255,294,330,158,172,531,245,286,522,240,282,219,97,122,117,42,75,65,15,50,11,0,11,16,8,8,214,213,36,59,61,35,14,4,4,177,145,32,17,112,1,21,28
53383336,0,,,3144,1581,1563,419,195,224,2715,1380,1335,2076,1082,994,2582,1304,1278,2506,1264,1242,639,298,341,301,131,170,77,33,44,4,1,3,46,19,27,1178,1178,253,328,291,204,71,27,4,915,825,90,104,432,16,99,136
53383337,0,,,2028,971,1057,251,139,112,1773,829,944,1078,517,561,1700,788,912,1661,774,887,695,312,383,359,145,214,118,39,79,5,1,4,38,14,24,799,798,185,260,170,128,35,16,4,611,522,89,69,469,8,125,132
53383338,0,,,1134,571,563,171,92,79,959,476,483,633,325,308,924,456,468,898,442,456,326,151,175,135,65,70,49,22,27,1,0,1,4,0,4,407,407,73,139,81,55,40,15,4,333,291,42,33,219,2,40,72
53383339,0,,,1840,880,960,263,126,137,1574,752,822,1132,557,575,1524,729,795,1482,708,774,442,195,247,223,86,137,101,32,69,15,4,11,16,4,12,666,663,125,204,145,125,39,18,7,529,437,92,86,297,3,66,85
53383343,2,53383334,,1,1,0,*,*,*,*,*,*,*,*,*,*,*,*,*,*,*,*,*,*,*,*,*,*,*,*,*,*,*,*,*,*,1,1,*,*,*,*,*,*,*,*,*,*,*,*,*,*,*
53383345,0,,,564,280,284,76,45,31,488,235,253,306,153,153,465,227,238,454,220,234,182,82,100,92,43,49,26,8,18,1,0,1,2,1,1,205,204,39,66,43,33,17,3,3,163,133,30,16,118,0,27,32
53383346,0,,,1065,500,565,130,73,57,931,424,507,574,280,294,904,411,493,886,400,486,357,144,213,220,68,152,109,28,81,11,1,10,4,2,2,353,351,69,101,74,69,15,17,6,277,215,62,35,193,1,41,44
53383347,0,,,1208,585,623,170,90,80,1024,488,536,703,347,356,978,464,514,948,451,497,321,141,180,162,62,100,65,19,46,5,1,4,8,5,3,446,445,91,131,107,76,37,2,1,343,297,46,54,194,10,39,56
53383348,0,,,1738,859,879,297,142,155,1438,717,721,986,507,479,1374,684,690,1341,667,674,452,210,242,218,102,116,59,21,38,5,2,3,9,5,4,620,620,117,174,142,117,47,18,5,499,423,76,80,286,7,48,97
53383349,0,,,1648,793,855,277,149,128,1368,643,725,951,453,498,1310,618,692,1282,607,675,417,190,227,192,82,110,64,31,33,7,2,5,22,8,14,583,583,109,168,131,102,47,20,6,471,400,71,79,278,7,55,78
53383354,0,,,105,48,57,10,4,6,95,44,51,48,26,22,93,43,50,93,43,50,47,18,29,21,8,13,7,2,5,2,1,1,0,0,0,35,35,6,8,8,8,3,2,0,29,22,7,2,27,0,5,5
53383355,0,,,607,297,310,65,32,33,542,265,277,344,171,173,522,256,266,512,250,262,198,94,104,107,50,57,40,19,21,3,1,2,0,0,0,204,204,36,51,48,38,18,9,4,168,131,37,15,130,0,26,31
53383356,0,,,1299,642,657,180,90,90,1114,548,566,738,387,351,1076,528,548,1051,512,539,376,161,215,196,76,120,79,22,57,8,1,7,10,5,5,472,470,100,149,85,86,33,14,3,368,313,55,47,231,7,46,70
53383357,0,,,1749,872,877,185,91,94,1556,773,783,973,508,465,1515,754,761,1478,733,745,583,265,318,319,141,178,123,48,75,12,3,9,26,13,13,676,672,175,197,140,119,26,14,1,490,421,69,52,344,16,81,93
53383358,0,,,1136,584,552,177,104,73,938,459,479,629,323,306,908,448,460,885,436,449,309,136,173,147,59,88,45,14,31,5,2,3,20,8,12,453,453,127,133,82,73,27,8,3,322,286,36,52,204,1,59,65
53383359,0,,,1194,607,587,172,89,83,1003,507,496,725,383,342,958,486,472,936,476,460,278,124,154,141,61,80,39,12,27,1,0,1,23,17,6,486,486,154,131,85,75,27,10,4,319,275,44,52,185,26,46,49
53383360,0,,,98,42,56,7,3,4,91,39,52,39,20,19,88,38,50,86,37,49,52,19,33,28,7,21,15,4,11,2,0,2,0,0,0,49,49,18,20,6,3,2,0,0,31,29,2,1,37,0,15,11
53383361,0,,,18,11,7,0,0,0,18,11,7,8,5,3,18,11,7,18,11,7,10,6,4,4,3,1,1,1,0,0,0,0,1,1,0,10,10,3,6,1,0,0,0,0,7,7,0,0,7,0,2,3
53383364,0,,,9,4,5,0,0,0,9,4,5,8,4,4,9,4,5,9,4,5,1,0,1,1,0,1,0,0,0,0,0,0,0,0,0,4,4,1,2,0,1,0,0,0,3,3,0,0,1,0,1,0
53383365,0,,,576,288,288,67,38,29,509,250,259,336,176,160,493,243,250,479,237,242,173,74,99,66,21,45,23,7,16,4,0,4,6,2,4,205,205,33,73,35,42,14,3,5,172,144,28,12,114,0,24,33
53383366,0,,,929,476,453,129,74,55,797,402,395,566,292,274,780,394,386,765,385,380,231,110,121,98,45,53,36,15,21,4,0,4,9,3,6,383,383,111,109,88,51,18,2,4,266,238,28,47,146,10,27,45
53383367,0,,,1415,704,711,189,92,97,1204,600,604,834,433,401,1157,576,581,1134,565,569,370,167,203,177,70,107,66,20,46,10,1,9,10,7,3,558,557,147,160,118,85,34,11,2,399,342,57,63,250,15,64,60
53383368,0,,,1183,586,597,161,87,74,1014,492,522,689,351,338,983,472,511,966,463,503,325,141,184,177,68,109,70,21,49,9,2,7,11,2,9,444,443,104,145,86,67,25,10,6,338,288,50,61,191,14,39,57
53383369,0,,,1046,510,536,132,67,65,906,440,466,628,313,315,870,424,446,854,416,438,278,127,151,114,48,66,27,6,21,5,0,5,10,4,6,409,408,98,126,86,71,14,10,3,301,259,42,41,186,13,43,54
53383374,2,53383375,,6,3,3,*,*,*,*,*,*,*,*,*,*,*,*,*,*,*,*,*,*,*,*,*,*,*,*,*,*,*,*,*,*,4,4,*,*,*,*,*,*,*,*,*,*,*,*,*,*,*
53383375,1,,53383374,805,401,404,86,44,42,724,360,364,473,241,232,696,347,349,677,338,339,251,119,132,115,44,71,47,17,30,6,1,5,7,2,5,280,280,46,85,67,51,23,9,3,238,201,37,18,162,0,34,43
53383376,0,,,1123,548,575,139,73,66,982,474,508,637,323,314,941,455,486,918,442,476,345,151,194,178,64,114,66,20,46,9,1,8,10,3,7,401,400,82,119,79,69,34,11,6,316,261,55,26,225,1,53,52
53383377,0,,,1005,479,526,133,70,63,859,403,456,509,270,239,824,388,436,812,381,431,350,133,217,206,68,138,104,17,87,25,1,24,4,3,1,372,370,106,111,67,61,16,9,0,262,239,23,25,159,14,31,65
53383378,0,,,215,103,112,37,17,20,176,85,91,131,68,63,166,79,87,163,76,87,45,17,28,22,8,14,5,2,3,0,0,0,0,0,0,78,78,14,22,22,14,2,3,1,63,51,12,16,31,3,5,6
53383379,0,,,988,476,512,132,69,63,856,407,449,701,333,368,797,382,415,767,370,397,155,74,81,49,26,23,11,5,6,0,0,0,17,8,9,357,357,52,115,87,79,17,5,2,301,284,17,15,104,5,23,35
53383382,0,,,18,6,12,0,0,0,18,6,12,7,2,5,18,6,12,18,6,12,11,4,7,4,1,3,0,0,0,0,0,0,0,0,0,7,7,1,4,1,0,0,1,0,6,5,1,0,7,0,1,3
53383383,0,,,110,58,52,3,2,1,105,54,51,55,30,25,105,54,51,101,53,48,50,24,26,21,9,12,10,4,6,1,0,1,1,0,1,45,45,9,13,17,6,0,0,0,35,29,6,0,34,0,6,9
53383384,0,,,415,209,206,23,13,10,386,192,194,233,121,112,377,188,189,370,185,185,153,71,82,69,30,39,32,12,20,4,0,4,5,3,2,160,160,29,64,33,21,6,4,3,127,103,24,6,104,0,19,30
53383385,0,,,682,328,354,74,35,39,608,293,315,356,177,179,594,288,306,583,284,299,252,116,136,125,56,69,50,12,38,6,0,6,6,1,5,255,255,55,86,52,34,14,10,4,198,152,46,17,170,1,37,46
53383386,0,,,351,173,178,40,16,24,311,157,154,204,112,92,297,146,151,291,143,148,107,45,62,60,23,37,26,6,20,6,1,5,0,0,0,119,119,24,31,24,23,7,5,5,94,69,25,6,72,0,13,11
53383387,0,,,1168,577,591,176,88,88,992,489,503,637,316,321,959,474,485,943,468,475,355,173,182,147,61,86,41,13,28,5,1,4,4,0,4,419,419,79,120,98,75,32,10,5,338,287,51,41,231,4,46,59
53383388,0,,,933,452,481,131,69,62,794,381,413,538,265,273,771,371,400,754,359,395,256,116,140,135,56,79,46,16,30,6,1,5,9,5,4,358,358,89,98,74,66,25,5,1,268,220,48,37,176,2,43,37
53383389,0,,,967,438,529,185,95,90,778,342,436,459,223,236,744,327,417,730,319,411,319,119,200,203,67,136,100,16,84,20,1,19,12,5,7,315,313,79,111,56,41,16,9,1,232,203,29,24,143,3,37,52
53383393,0,,,46,22,24,4,1,3,42,21,21,24,13,11,41,20,21,40,20,20,18,8,10,9,3,6,5,2,3,1,0,1,0,0,0,19,19,5,5,6,2,1,0,0,14,12,2,1,12,0,5,2
53383394,0,,,270,135,135,32,20,12,236,114,122,155,79,76,231,113,118,228,113,115,81,35,46,36,13,23,15,3,12,1,1,0,4,2,2,82,81,14,25,17,16,5,4,0,66,51,15,11,48,1,9,13
53383395,0,,,1419,715,704,153,77,76,1261,636,625,849,443,406,1196,598,598,1173,588,585,412,193,219,199,88,111,50,18,32,1,0,1,19,8,11,525,519,133,180,105,67,27,2,5,379,328,51,40,267,6,64,85
53383396,0,,,1967,1003,964,195,98,97,1751,893,858,1203,634,569,1679,852,827,1628,825,803,548,259,289,251,115,136,56,18,38,2,0,2,33,15,18,713,709,165,217,149,117,45,6,10,534,460,74,47,347,6,75,110
53383397,0,,,2382,1201,1181,312,175,137,2064,1023,1041,1501,756,745,1973,968,1005,1924,946,978,563,267,296,244,101,143,73,22,51,3,1,2,112,62,50,948,948,252,289,183,136,72,13,3,689,619,70,71,367,33,73,135
53383398,0,,,2325,1120,1205,332,171,161,1983,944,1039,1405,691,714,1897,903,994,1856,880,976,578,253,325,264,111,153,64,20,44,3,0,3,22,10,12,879,879,173,282,195,167,47,10,5,699,631,68,100,383,16,74,125
53383399,0,,,1323,651,672,138,70,68,1178,578,600,770,397,373,1133,551,582,1108,538,570,408,181,227,175,72,103,54,14,40,3,0,3,9,3,6,533,533,129,186,101,79,28,7,3,399,349,50,36,271,13,65,89
53383400,0,,,1169,586,583,170,95,75,981,484,497,787,392,395,947,466,481,920,457,463,194,92,102,88,38,50,19,7,12,1,0,1,31,16,15,476,476,146,131,91,73,23,5,7,318,277,41,55,134,20,30,40
53383401,0,,,2226,1059,1167,261,114,147,1812,874,938,1202,601,601,1747,845,902,1708,823,885,610,273,337,307,144,163,67,24,43,4,1,3,207,88,119,905,905,240,282,188,138,42,9,6,630,564,66,74,395,13,90,137
53383402,0,,,2183,1074,1109,214,119,95,1723,836,887,1184,571,613,1668,813,855,1639,799,840,539,265,274,213,103,110,47,21,26,1,1,0,251,126,125,917,917,248,319,180,115,39,12,4,608,553,55,57,365,14,82,132
53383403,0,,,262,125,137,42,27,15,198,88,110,127,57,70,193,87,106,192,86,106,71,31,40,35,15,20,9,1,8,1,0,1,24,8,16,103,103,36,18,24,12,8,5,0,66,53,13,10,45,6,9,10
53383404,0,,,102,49,53,5,3,2,96,46,50,62,32,30,94,46,48,94,46,48,34,14,20,15,5,10,3,1,2,0,0,0,9,5,4,47,47,15,17,10,3,1,1,0,32,26,6,2,24,9,3,7
53383405,0,,,250,117,133,24,13,11,225,103,122,148,66,82,219,100,119,215,98,117,77,37,40,47,22,25,18,10,8,2,2,0,29,4,25,111,111,44,27,18,15,5,1,1,67,54,13,5,50,24,10,14
53383406,0,,,367,157,210,21,12,9,344,144,200,168,79,89,334,140,194,330,138,192,176,65,111,124,39,85,72,16,56,19,1,18,0,0,0,102,100,10,31,28,23,6,1,1,89,70,19,8,63,0,6,16
53383407,0,,,126,62,64,18,9,9,108,53,55,81,38,43,101,48,53,96,45,51,27,15,12,12,7,5,1,1,0,0,0,0,1,0,1,42,42,5,14,8,9,4,1,1,37,33,4,2,17,0,2,8
53383408,0,,,342,163,179,25,13,12,311,148,163,157,77,80,303,144,159,295,140,155,154,71,83,90,44,46,30,12,18,3,1,2,2,0,2,133,133,22,54,32,13,8,4,0,107,90,17,6,96,0,19,33
53383409,0,,,526,256,270,45,16,29,479,239,240,267,131,136,467,234,233,459,227,232,212,108,104,116,51,65,39,19,20,4,1,3,2,0,2,192,192,29,75,37,27,19,3,2,158,124,34,12,133,0,18,41
53383410,0,,,1773,868,905,288,143,145,1469,716,753,1141,575,566,1397,680,717,1352,652,700,328,141,187,129,52,77,32,7,25,1,0,1,29,11,18,646,645,129,192,130,126,51,12,5,509,438,71,84,218,5,41,71
53383411,0,,,3663,1775,1888,403,205,198,2958,1410,1548,2004,988,1016,2873,1370,1503,2809,1348,1461,954,422,532,444,186,258,122,39,83,12,1,11,331,155,176,1590,1590,546,467,275,197,68,31,6,974,848,126,112,630,46,151,201
53383412,0,,,2492,1238,1254,273,125,148,1925,953,972,1357,696,661,1858,919,939,1822,898,924,568,257,311,249,107,142,75,25,50,7,0,7,156,87,69,1096,1096,378,314,204,150,33,13,4,656,596,60,70,379,41,84,120
53383413,0,,,534,262,272,70,35,35,427,206,221,276,130,146,412,200,212,404,196,208,151,76,75,67,31,36,23,11,12,2,1,1,3,0,3,210,210,53,62,46,31,14,3,1,148,131,17,14,100,4,28,32
53383414,0,,,274,99,175,21,10,11,250,87,163,79,42,37,247,85,162,247,85,162,171,45,126,145,35,110,98,19,79,29,3,26,0,0,0,58,56,9,23,11,9,2,2,0,47,42,5,5,28,0,5,12
53383415,0,,,596,293,303,51,27,24,535,260,275,294,158,136,518,252,266,513,249,264,241,102,139,160,58,102,87,27,60,14,7,7,7,2,5,225,224,70,75,38,26,8,6,1,148,129,19,17,113,10,23,34
53383416,0,,,298,150,148,43,25,18,255,125,130,179,87,92,237,114,123,235,114,121,76,38,38,40,18,22,8,6,2,1,1,0,1,1,0,100,100,16,30,17,24,7,3,3,83,73,10,12,53,0,10,17
53383417,0,,,317,159,158,25,13,12,287,144,143,174,91,83,283,142,141,279,141,138,113,53,60,57,24,33,26,10,16,2,1,1,4,3,1,124,124,25,48,22,21,4,3,1,99,71,28,7,75,1,11,19
53383418,0,,,184,79,105,29,10,19,155,69,86,99,43,56,152,68,84,149,68,81,56,26,30,27,14,13,11,4,7,2,0,2,2,1,1,68,68,13,23,14,9,7,2,0,55,43,12,8,38,1,6,7
53383419,0,,,160,84,76,23,13,10,135,70,65,94,51,43,130,66,64,129,65,64,41,19,22,19,8,11,6,1,5,1,0,1,1,0,1,62,62,12,18,21,7,3,1,0,49,41,8,9,26,0,4,6
53383420,0,,,262,132,130,24,14,10,231,113,118,165,82,83,225,108,117,219,107,112,66,31,35,23,9,14,6,1,5,1,0,1,6,2,4,107,107,29,30,25,17,6,0,0,76,69,7,7,45,3,12,12
53383421,0,,,1673,855,818,187,94,93,1346,688,658,1012,530,482,1304,655,649,1277,642,635,334,158,176,131,56,75,38,12,26,3,0,3,121,62,59,704,704,227,195,133,98,41,10,0,445,390,55,61,227,17,50,70
53383422,0,,,2116,1071,1045,313,153,160,1670,846,824,1186,606,580,1589,803,786,1550,783,767,484,240,244,208,98,110,64,22,42,3,1,2,49,23,26,894,894,298,247,141,150,50,5,3,581,531,50,81,320,37,68,120
53383423,0,,,2224,1146,1078,359,190,169,1694,856,838,1352,706,646,1621,815,806,1563,785,778,342,150,192,175,70,105,67,19,48,7,2,5,130,67,63,979,978,432,184,149,154,41,15,3,529,484,45,105,194,115,43,68
53383424,0,,,218,81,137,10,5,5,207,75,132,58,28,30,206,74,132,204,72,132,149,47,102,119,32,87,76,13,63,15,2,13,0,0,0,49,47,4,21,12,8,1,1,0,43,37,6,3,32,0,2,14
53383425,0,,,592,294,298,86,42,44,502,251,251,375,196,179,476,237,239,463,230,233,127,55,72,51,17,34,23,5,18,1,0,1,2,1,1,235,235,57,68,57,39,13,0,1,177,150,27,19,88,8,20,29
53383426,0,,,39,18,21,7,4,3,32,14,18,19,9,10,31,14,17,30,14,16,13,5,8,8,4,4,3,2,1,0,0,0,0,0,0,14,14,2,6,3,1,0,2,0,12,8,4,1,9,0,1,3
53383427,0,,,758,398,360,108,71,37,639,319,320,446,236,210,618,309,309,608,305,303,193,83,110,107,42,65,39,8,31,3,0,3,8,5,3,284,284,73,81,51,40,29,6,4,210,170,40,28,132,8,28,33
53383428,0,,,578,277,301,82,39,43,492,236,256,326,165,161,472,226,246,460,222,238,166,71,95,78,32,46,40,11,29,7,2,5,7,3,4,196,195,35,51,55,32,14,5,3,159,130,29,20,97,0,22,21
53383429,0,,,844,425,419,77,47,30,766,377,389,464,245,219,741,363,378,719,346,373,302,132,170,157,59,98,60,13,47,6,0,6,3,1,2,294,293,53,86,66,61,18,4,5,236,183,53,21,182,0,36,46
53383430,0,,,1295,635,660,156,82,74,1038,503,535,761,377,384,1010,494,516,986,480,506,277,126,151,107,44,63,29,8,21,2,0,2,33,15,18,466,466,57,164,115,99,19,10,2,378,340,38,34,187,1,29,64
53383431,0,,,3008,1480,1528,491,245,246,2388,1167,1221,1895,953,942,2296,1131,1165,2242,1104,1138,493,214,279,226,95,131,49,19,30,5,1,4,148,69,79,1307,1307,493,310,233,188,61,16,6,793,699,94,153,347,84,84,91
53383432,0,,,3114,1565,1549,400,205,195,2442,1206,1236,1906,967,939,2364,1169,1195,2283,1134,1149,536,239,297,249,111,138,79,35,44,5,3,2,227,117,110,1562,1561,770,357,203,171,46,9,5,757,687,70,118,352,198,88,114
53383433,0,,,3922,2078,1844,401,206,195,2868,1491,1377,2244,1192,1052,2796,1453,1343,2723,1413,1310,624,299,325,232,94,138,58,19,39,7,1,6,179,91,88,2159,2158,1256,392,273,167,53,14,3,816,738,78,133,430,351,138,123
53383434,0,,,2026,1203,823,270,154,116,1714,1017,697,1369,834,535,1649,985,664,1627,975,652,345,183,162,155,67,88,60,22,38,8,2,6,55,45,10,673,668,192,179,133,127,30,7,0,464,420,44,77,166,32,27,53
53383435,0,,,3550,1733,1817,482,239,243,2988,1443,1545,2241,1130,1111,2858,1364,1494,2799,1337,1462,747,313,434,370,133,237,157,37,120,31,3,28,97,52,45,1465,1460,452,447,277,198,67,16,3,982,910,72,146,423,81,99,131
53383436,0,,,1448,718,730,327,171,156,1101,535,566,797,399,398,1065,517,548,1048,511,537,304,136,168,132,58,74,35,12,23,1,0,1,29,13,16,560,560,140,157,105,117,36,4,1,417,394,23,100,212,13,61,65
53383437,0,,,216,107,109,42,20,22,173,87,86,130,63,67,170,85,85,166,82,84,43,24,19,18,10,8,3,1,2,0,0,0,3,1,2,80,80,15,26,18,12,7,2,0,64,59,5,13,30,0,6,8
53383438,0,,,777,365,412,97,49,48,680,316,364,484,224,260,649,302,347,633,295,338,196,92,104,101,44,57,26,9,17,1,0,1,3,1,2,287,287,50,96,69,45,19,5,3,236,198,38,27,130,3,23,39
53383439,0,,,343,164,179,30,18,12,310,144,166,200,91,109,297,138,159,293,135,158,110,53,57,63,31,32,17,10,7,2,1,1,1,0,1,131,131,24,47,30,19,8,2,1,106,86,20,8,72,3,14,20
53383440,0,,,1037,495,542,97,46,51,919,437,482,538,260,278,893,427,466,874,418,456,381,177,204,164,70,94,45,17,28,5,1,4,24,9,15,405,404,76,162,86,56,17,7,0,321,289,32,22,221,4,36,87
53383441,0,,,2329,1173,1156,531,275,256,1738,868,870,1381,722,659,1672,834,838,1644,823,821,357,146,211,198,80,118,80,26,54,11,4,7,29,11,18,880,879,263,199,146,197,56,13,5,609,554,55,142,208,49,44,52
53383442,0,,,1677,809,868,291,139,152,1357,655,702,900,460,440,1308,634,674,1286,622,664,457,195,262,262,104,158,120,39,81,12,4,8,10,5,5,611,610,165,160,123,104,44,12,2,443,397,46,73,240,13,55,70
53383443,0,,,1694,895,799,225,115,110,1418,757,661,1111,621,490,1381,739,642,1340,711,629,307,136,171,114,51,63,25,7,18,0,0,0,49,20,29,793,793,335,195,122,108,27,6,0,448,413,35,78,203,51,46,63
53383444,0,,,3900,1892,2008,520,258,262,3263,1570,1693,2472,1230,1242,3190,1529,1661,3126,1502,1624,791,340,451,386,141,245,158,48,110,26,2,24,167,49,118,1826,1823,764,507,296,186,61,6,3,1026,968,58,179,455,177,128,149
53383445,0,,,4391,2160,2231,692,353,339,3611,1757,1854,2714,1350,1364,3459,1676,1783,3379,1631,1748,897,407,490,349,154,195,86,27,59,3,0,3,80,30,50,1815,1815,496,593,326,297,81,17,5,1295,1190,105,223,591,86,113,217
53383446,0,,,2886,1389,1497,601,290,311,2271,1090,1181,1820,895,925,2149,1030,1119,2095,1005,1090,451,195,256,201,78,123,62,25,37,4,3,1,55,26,29,1016,1015,143,306,241,246,66,8,5,854,787,67,175,304,11,58,91
53383447,0,,,802,375,427,152,71,81,647,301,346,511,244,267,603,280,323,587,276,311,136,57,79,59,22,37,12,3,9,3,0,3,13,5,8,236,235,40,44,57,59,27,6,2,194,166,28,35,67,1,10,12
53383448,0,,,946,471,475,158,79,79,767,377,390,588,301,287,738,359,379,723,348,375,179,76,103,81,32,49,22,8,14,2,2,0,13,5,8,376,376,111,98,67,70,24,4,2,259,219,40,48,126,12,34,28
53383449,0,,,534,269,265,69,32,37,456,231,225,309,163,146,438,219,219,430,213,217,147,68,79,74,35,39,31,13,18,4,2,2,5,2,3,204,204,52,58,40,35,13,3,3,147,116,31,23,96,3,22,27
53383450,0,,,14,7,7,2,0,2,12,7,5,11,7,4,12,7,5,12,7,5,1,0,1,1,0,1,0,0,0,0,0,0,0,0,0,7,7,3,2,1,1,0,0,0,4,4,0,1,1,0,0,0
53383451,0,,,1543,772,771,161,95,66,1316,645,671,916,486,430,1266,618,648,1244,607,637,400,159,241,233,76,157,98,27,71,19,1,18,27,6,21,673,672,259,177,117,89,23,7,0,402,370,32,41,229,74,58,76
53383452,0,,,1624,734,890,156,81,75,1386,609,777,831,391,440,1334,583,751,1303,568,735,555,218,337,261,92,169,52,10,42,3,0,3,93,35,58,787,787,333,234,105,81,23,8,3,435,383,52,39,432,8,205,87
53383453,0,,,3533,1795,1738,500,251,249,2918,1489,1429,2263,1204,1059,2809,1424,1385,2755,1395,1360,655,285,370,307,132,175,83,27,56,8,2,6,122,58,64,1646,1646,692,409,257,205,68,13,2,932,842,90,161,450,111,134,127
53383454,0,,,5642,2814,2828,752,399,353,4719,2319,2400,3564,1831,1733,4557,2229,2328,4471,2179,2292,1155,488,667,527,185,342,191,48,143,16,2,14,176,69,107,2578,2570,979,768,425,294,73,21,10,1543,1442,101,234,750,114,228,221
53383455,0,,,3939,1995,1944,510,268,242,3333,1670,1663,2399,1239,1160,3211,1609,1602,3140,1576,1564,934,431,503,445,197,248,113,42,71,6,1,5,137,71,66,1784,1779,667,517,315,191,67,16,6,1087,1007,80,165,614,104,180,195
53383456,0,,,3867,1863,2004,620,312,308,3210,1525,1685,2286,1146,1140,3074,1446,1628,2993,1405,1588,924,379,545,492,177,315,153,34,119,16,3,13,124,62,62,1500,1496,392,454,281,256,82,23,8,1092,971,121,171,595,34,174,161
53383457,0,,,2114,1010,1104,344,192,152,1739,800,939,1120,554,566,1673,765,908,1653,754,899,619,246,373,365,134,231,171,51,120,28,4,24,8,3,5,740,738,183,228,135,134,40,14,4,545,488,57,116,276,16,58,84
53383458,0,,,2883,1410,1473,355,190,165,2486,1196,1290,1798,895,903,2393,1151,1242,2335,1131,1204,688,301,387,345,140,205,91,27,64,4,0,4,33,11,22,1133,1132,271,364,239,173,58,19,8,846,742,104,102,460,23,102,135
53383459,0,,,2440,1181,1259,355,173,182,2051,988,1063,1411,712,699,1980,951,1029,1937,931,1006,640,276,364,306,126,180,76,23,53,5,1,4,24,12,12,938,937,210,312,189,148,52,16,10,709,621,88,97,418,23,85,113
53383460,0,,,725,379,346,114,60,54,569,292,277,434,226,208,546,279,267,514,261,253,135,66,69,53,29,24,13,5,8,1,0,1,16,9,7,300,300,105,75,47,46,19,6,2,184,166,18,34,91,20,22,27
53383461,0,,,3997,1968,2029,503,262,241,3204,1555,1649,2190,1106,1084,3111,1516,1595,3046,1483,1563,1014,449,565,476,212,264,110,37,73,11,1,10,70,23,47,1661,1660,468,519,334,243,81,10,5,1122,1030,92,170,671,51,167,208
53383462,0,,,3151,1558,1593,399,198,201,2648,1315,1333,1946,989,957,2562,1261,1301,2513,1237,1276,702,326,376,330,153,177,78,28,50,5,1,4,79,19,60,1336,1336,409,390,279,188,51,15,4,892,801,91,149,467,53,109,141
53383463,0,,,3006,1532,1474,439,226,213,2487,1269,1218,1870,990,880,2406,1228,1178,2347,1202,1145,617,279,338,277,109,168,84,29,55,5,3,2,120,43,77,1370,1368,563,333,224,177,54,12,5,786,708,78,134,411,91,115,111
53383464,0,,,3225,1616,1609,424,225,199,2717,1337,1380,1853,946,907,2629,1289,1340,2578,1260,1318,864,391,473,425,178,247,134,45,89,16,1,15,120,61,59,1433,1433,478,463,245,175,53,14,5,934,849,85,113,594,60,169,184
53383465,0,,,3924,1978,1946,355,192,163,3455,1707,1748,2135,1136,999,3377,1676,1701,3328,1649,1679,1320,571,749,756,310,446,267,107,160,13,5,8,127,67,60,1929,1929,800,606,281,170,47,22,3,1100,982,118,105,937,81,336,255
53383466,0,,,4171,2035,2136,457,232,225,3619,1740,1879,2407,1228,1179,3535,1697,1838,3486,1673,1813,1212,512,700,695,258,437,233,61,172,24,3,21,106,46,60,1821,1812,662,569,335,189,43,11,3,1115,1027,88,178,684,91,217,197
53383467,0,,,1805,834,971,249,140,109,1511,670,841,937,452,485,1479,654,825,1459,648,811,574,218,356,402,126,276,235,52,183,58,7,51,20,7,13,682,672,238,189,110,95,28,11,1,421,375,46,65,220,31,58,62
53383468,0,,,2160,1074,1086,299,153,146,1824,900,924,1297,664,633,1769,875,894,1725,850,875,527,236,291,242,101,141,49,15,34,4,1,3,49,24,25,915,914,285,279,169,118,48,13,2,610,544,66,87,367,36,109,104
53383469,0,,,2627,1274,1353,342,175,167,2194,1056,1138,1580,783,797,2099,1011,1088,2057,987,1070,614,273,341,283,110,173,69,23,46,7,3,4,36,11,25,1154,1152,407,340,195,146,49,6,9,718,635,83,97,425,44,118,116
53383470,0,,,1015,509,506,151,73,78,809,399,410,565,283,282,778,386,392,758,378,380,244,116,128,85,40,45,12,3,9,2,1,1,8,3,5,407,407,97,135,85,60,27,3,0,291,268,23,57,161,7,27,55
53383471,0,,,4515,2255,2260,612,314,298,3648,1789,1859,2583,1305,1278,3516,1727,1789,3451,1693,1758,1065,484,581,459,200,259,108,35,73,7,0,7,72,28,44,1893,1891,563,574,369,282,79,15,9,1259,1155,104,189,691,72,150,225
53383472,0,,,3843,1888,1955,514,262,252,3211,1544,1667,2181,1104,1077,3109,1492,1617,3028,1451,1577,1030,440,590,517,199,318,140,40,100,14,2,12,59,22,37,1669,1668,565,494,304,207,74,18,6,1072,977,95,153,689,48,216,208
53383473,0,,,2992,1491,1501,331,155,176,2510,1256,1254,1847,978,869,2442,1209,1233,2393,1187,1206,663,278,385,368,138,230,118,29,89,12,0,12,92,29,63,1521,1519,774,372,185,133,40,10,5,721,659,62,96,403,145,131,114
53383474,0,,,5727,2756,2971,557,268,289,4967,2374,2593,3350,1705,1645,4823,2305,2518,4742,2258,2484,1617,669,948,921,352,569,291,104,187,19,1,18,200,82,118,2739,2737,1093,871,415,242,86,25,5,1600,1439,161,152,1086,115,312,327
53383475,0,,,4794,2244,2550,408,194,214,4295,1989,2306,2526,1262,1264,4177,1926,2251,4106,1883,2223,1769,727,1042,1037,389,648,385,127,258,38,9,29,152,74,78,2284,2276,889,742,357,215,53,13,7,1367,1181,186,92,1238,56,460,311
53383476,0,,,4388,2124,2264,442,213,229,3822,1844,1978,2592,1305,1287,3717,1786,1931,3636,1746,1890,1230,539,691,633,255,378,210,78,132,15,6,9,121,64,57,2061,2059,771,629,389,199,55,13,3,1254,1144,110,148,870,80,293,249
53383477,0,,,3336,1651,1685,527,300,227,2732,1301,1431,2058,1018,1040,2604,1237,1367,2526,1202,1324,674,283,391,378,143,235,153,43,110,30,3,27,59,28,31,1342,1340,439,349,250,218,59,20,5,883,807,76,138,385,59,109,100
53383478,0,,,2539,1257,1282,491,248,243,1991,976,1015,1462,752,710,1923,951,972,1886,928,958,529,224,305,286,99,187,104,25,79,12,2,10,40,14,26,910,906,276,209,184,171,50,11,5,613,568,45,133,238,63,63,68
53383479,0,,,1760,817,943,208,94,114,1460,670,790,966,457,509,1417,653,764,1382,636,746,494,213,281,290,120,170,122,40,82,22,3,19,66,29,37,800,798,339,215,118,92,24,7,3,438,390,48,65,270,62,69,90
53383480,0,,,377,185,192,51,27,24,317,152,165,186,89,97,304,149,155,297,145,152,131,63,68,67,32,35,18,10,8,3,1,2,6,2,4,139,139,24,50,29,24,7,3,2,112,98,14,14,82,2,14,31
53383481,0,,,4342,2150,2192,571,288,283,3540,1729,1811,2571,1283,1288,3421,1672,1749,3340,1631,1709,969,446,523,401,170,231,85,31,54,8,2,6,42,18,24,1758,1757,448,568,359,268,92,20,2,1241,1134,107,159,640,46,125,223
53383482,0,,,4788,2382,2406,581,291,290,3919,1915,2004,2801,1442,1359,3773,1832,1941,3703,1800,1903,1118,473,645,573,228,345,169,49,120,14,3,11,65,21,44,2060,2056,729,557,403,264,82,14,7,1265,1152,113,182,693,85,195,166
53383483,0,,,4365,2139,2226,464,229,235,3750,1819,1931,2496,1291,1205,3645,1761,1884,3580,1724,1856,1254,528,726,747,292,455,241,87,154,10,3,7,125,55,70,2113,2111,873,641,310,204,62,17,4,1199,1084,115,153,877,127,305,253
53383484,0,,,5325,2605,2720,471,254,217,4627,2227,2400,2980,1517,1463,4516,2171,2345,4432,2130,2302,1647,710,937,943,363,580,328,112,216,30,5,25,200,73,127,2758,2756,1319,760,373,223,54,21,6,1403,1258,145,152,1163,146,445,321
53383485,0,,,4255,2077,2178,305,158,147,3766,1816,1950,2062,1097,965,3713,1784,1929,3666,1758,1908,1704,719,985,1009,375,634,403,126,277,60,8,52,92,52,40,2189,2187,1034,627,307,146,54,15,4,1132,979,153,79,1143,92,424,304
53383486,0,,,5715,2699,3016,465,236,229,5141,2390,2751,2933,1477,1456,5024,2324,2700,4928,2277,2651,2208,913,1295,1324,477,847,571,181,390,70,17,53,118,57,61,2561,2557,971,800,414,274,74,16,8,1561,1338,223,119,1365,79,488,339
53383487,0,,,4340,2284,2056,463,244,219,3672,1910,1762,2680,1465,1215,3482,1782,1700,3258,1620,1638,992,445,547,536,233,303,149,58,91,4,1,3,219,118,101,2100,2092,1039,492,289,202,52,15,3,1035,942,93,132,675,262,213,194
53383488,0,,,3097,1687,1410,424,225,199,2557,1365,1192,1962,1100,862,2388,1250,1138,2175,1099,1076,595,265,330,311,132,179,102,29,73,8,1,7,140,76,64,1425,1418,731,269,179,176,44,14,5,677,611,66,104,371,263,113,109
53383489,0,,,2652,1211,1441,314,163,151,2281,1019,1262,1389,698,691,2200,977,1223,2145,947,1198,892,321,571,585,187,398,296,61,235,73,6,67,33,15,18,1018,1011,359,292,176,133,38,7,6,643,589,54,99,366,64,111,104
53383490,0,,,2315,1130,1185,313,155,158,1927,933,994,1272,631,641,1848,888,960,1822,872,950,655,302,353,300,132,168,76,26,50,3,0,3,25,7,18,928,927,252,288,187,133,43,17,7,656,593,63,77,437,26,106,139
53383491,0,,,3856,1913,1943,421,210,211,3207,1563,1644,2041,1032,1009,3134,1526,1608,3084,1502,1582,1166,531,635,556,245,311,150,54,96,18,4,14,61,37,24,1714,1712,564,548,330,198,56,15,1,1081,980,101,137,755,54,194,250
53383492,0,,,5351,2551,2800,511,252,259,4632,2177,2455,2929,1485,1444,4496,2112,2384,4407,2062,2345,1703,692,1011,877,325,552,228,60,168,30,3,27,272,120,152,2552,2550,1025,758,434,255,60,14,4,1461,1342,119,148,1201,76,514,300
53383493,0,,,4506,2167,2339,520,268,252,3850,1816,2034,2775,1369,1406,3672,1726,1946,3570,1670,1900,1075,447,628,618,232,386,221,77,144,26,7,19,79,33,46,1975,1969,742,546,342,246,70,21,2,1199,1088,111,135,678,101,215,187
53383494,0,,,4218,2016,2202,370,181,189,3691,1751,1940,2400,1212,1188,3545,1659,1886,3415,1602,1813,1291,539,752,787,295,492,296,90,206,21,5,16,128,53,75,2076,2074,950,570,283,202,61,5,3,1097,959,138,102,898,206,291,240
53383495,0,,,4397,2175,2222,388,204,184,3790,1833,1957,2340,1222,1118,3716,1795,1921,3670,1773,1897,1450,611,839,815,301,514,327,91,236,32,7,25,168,64,104,2393,2390,1250,632,282,155,52,15,4,1112,998,114,113,1005,215,393,270
53383496,0,,,3747,1850,1897,294,143,151,3306,1625,1681,2016,1074,942,3243,1587,1656,3177,1549,1628,1290,551,739,729,274,455,273,85,188,28,7,21,71,39,32,1980,1977,995,517,248,156,41,15,5,966,846,120,70,947,157,380,215
53383497,0,,,4011,2078,1933,317,147,170,3494,1780,1714,2383,1296,1087,3387,1723,1664,3165,1586,1579,1111,484,627,571,234,337,210,75,135,20,3,17,91,48,43,1979,1972,1017,471,258,160,44,15,7,935,814,121,88,773,243,245,194
53383498,0,,,764,362,402,58,35,23,656,292,364,493,220,273,645,284,361,581,261,320,163,72,91,86,35,51,38,11,27,6,2,4,17,4,13,352,349,199,78,38,17,8,7,2,148,129,19,15,109,57,36,26
53383499,0,,,1113,541,572,163,80,83,910,440,470,650,325,325,876,423,453,855,411,444,260,115,145,126,49,77,38,14,24,1,0,1,16,6,10,470,470,154,136,75,74,22,7,2,306,273,33,45,178,37,37,58
53383500,0,,,136,74,62,5,3,2,129,70,59,79,48,31,124,68,56,121,67,54,50,22,28,27,12,15,9,3,6,1,1,0,0,0,0,59,59,12,31,6,7,2,1,0,45,40,5,2,31,0,4,12
53383501,0,,,115,66,49,5,4,1,110,62,48,70,41,29,109,61,48,108,60,48,40,21,19,23,13,10,6,3,3,0,0,0,0,0,0,43,43,7,14,11,8,3,0,0,36,25,11,1,29,0,5,7
53383503,0,,,115,54,61,11,6,5,104,48,56,49,22,27,101,48,53,100,47,53,55,26,29,32,14,18,6,1,5,2,0,2,1,0,1,43,43,11,11,7,11,2,0,1,32,24,8,0,34,0,9,8
53383508,0,,,19,9,10,0,0,0,19,9,10,8,5,3,19,9,10,19,9,10,11,4,7,9,3,6,3,2,1,0,0,0,0,0,0,7,7,1,2,2,2,0,0,0,6,3,3,0,7,0,1,2
53383509,0,,,47,25,22,1,1,0,46,24,22,23,13,10,46,24,22,46,24,22,23,11,12,14,8,6,9,5,4,0,0,0,0,0,0,25,25,8,12,5,0,0,0,0,16,15,1,1,17,0,6,7
53383510,0,,,452,219,233,45,20,25,407,199,208,250,121,129,392,192,200,382,186,196,157,78,79,72,32,40,19,5,14,2,0,2,10,0,10,171,171,42,47,37,26,14,4,1,128,104,24,7,106,8,27,24
53383511,0,,,26,13,13,4,4,0,22,9,13,14,5,9,21,8,13,20,8,12,8,4,4,1,0,1,1,0,1,1,0,1,0,0,0,7,7,0,1,3,1,1,1,0,7,4,3,1,4,0,0,1
53383512,0,,,84,42,42,6,3,3,78,39,39,41,22,19,76,38,38,76,38,38,37,17,20,16,9,7,7,4,3,2,1,1,0,0,0,28,28,4,10,3,7,2,1,1,23,14,9,2,22,0,2,5
53383513,0,,,147,76,71,13,6,7,134,70,64,70,40,30,133,69,64,129,66,63,64,30,34,42,21,21,14,8,6,1,0,1,0,0,0,51,51,8,18,11,7,3,2,2,43,32,11,3,40,0,6,10
53383516,0,,,49,19,30,0,0,0,49,19,30,24,11,13,49,19,30,49,19,30,25,8,17,18,5,13,5,1,4,0,0,0,0,0,0,22,22,5,8,8,1,0,0,0,17,14,3,0,18,0,5,2
53383517,0,,,114,57,57,10,7,3,103,49,54,38,18,20,102,49,53,99,48,51,65,31,34,42,21,21,16,8,8,0,0,0,0,0,0,56,56,20,22,9,3,1,1,0,35,30,5,2,42,0,17,17
53383520,0,,,651,326,325,78,36,42,567,287,280,375,196,179,543,273,270,531,270,261,192,91,101,104,42,62,47,21,26,5,2,3,14,7,7,241,241,57,67,44,45,22,4,2,181,147,34,17,126,6,26,32
53383521,0,,,489,238,251,53,23,30,423,209,214,268,138,130,403,198,205,390,189,201,155,71,84,90,38,52,32,13,19,1,0,1,3,1,2,174,174,24,58,44,28,15,5,0,146,127,19,11,100,1,14,30
53383522,0,,,486,244,242,60,35,25,417,204,213,259,135,124,404,196,208,394,192,202,158,69,89,80,33,47,20,6,14,3,1,2,0,0,0,176,176,39,46,45,25,12,5,4,135,100,35,15,107,0,27,21
53383523,1,,53383524,226,104,122,23,10,13,208,96,112,115,54,61,203,94,109,199,91,108,93,42,51,53,23,30,22,9,13,3,0,3,1,1,0,82,82,13,29,20,14,4,4,0,71,53,18,4,61,0,11,16
53383524,2,53383523,,5,2,3,*,*,*,*,*,*,*,*,*,*,*,*,*,*,*,*,*,*,*,*,*,*,*,*,*,*,*,*,*,*,2,2,*,*,*,*,*,*,*,*,*,*,*,*,*,*,*
53383526,0,,,281,146,135,13,8,5,268,138,130,117,58,59,259,134,125,256,133,123,151,80,71,85,45,40,34,18,16,3,2,1,2,1,1,90,89,18,34,15,13,4,2,3,71,51,20,1,68,0,11,21
53383530,0,,,1308,660,648,202,104,98,1093,548,545,727,383,344,1054,525,529,1032,512,520,366,165,201,179,84,95,56,21,35,4,0,4,4,2,2,450,450,67,127,110,95,37,7,7,378,310,68,56,231,4,34,65
53383531,0,,,1186,586,600,166,89,77,998,486,512,703,349,354,953,468,485,930,459,471,295,137,158,154,63,91,50,16,34,4,0,4,5,2,3,413,413,58,125,98,85,38,9,0,348,296,52,36,198,0,37,51
53383532,0,,,442,219,223,58,30,28,380,187,193,256,129,127,364,179,185,360,177,183,124,58,66,71,31,40,30,13,17,3,1,2,1,1,0,159,159,31,45,41,23,10,7,2,125,100,25,13,80,1,13,17
53383533,1,,53383534,341,161,180,44,17,27,305,147,158,179,91,88,296,143,153,294,141,153,126,56,70,67,26,41,33,11,22,3,0,3,0,0,0,117,117,18,40,30,18,7,4,4,103,73,30,14,80,0,12,20
53383534,2,53383533,,8,3,5,*,*,*,*,*,*,*,*,*,*,*,*,*,*,*,*,*,*,*,*,*,*,*,*,*,*,*,*,*,*,4,4,*,*,*,*,*,*,*,*,*,*,*,*,*,*,*
53383535,0,,,131,70,61,7,4,3,124,66,58,61,39,22,124,66,58,122,66,56,63,27,36,31,15,16,10,2,8,0,0,0,0,0,0,56,56,14,23,9,7,2,1,0,42,38,4,2,40,0,7,13
53383536,0,,,176,77,99,12,2,10,164,75,89,89,43,46,161,73,88,158,73,85,75,32,43,34,14,20,14,4,10,2,1,1,0,0,0,71,71,18,27,9,10,5,2,0,53,38,15,3,48,0,9,17
53383540,0,,,787,389,398,109,52,57,667,330,337,493,245,248,641,317,324,614,298,316,174,85,89,82,36,46,22,11,11,2,1,1,19,7,12,286,286,45,92,79,44,19,2,5,237,211,26,28,117,1,23,31
53383541,0,,,1396,683,713,168,91,77,1214,584,630,750,372,378,1179,566,613,1161,554,607,464,212,252,254,112,142,84,29,55,11,3,8,16,1,15,509,506,98,164,114,77,33,10,10,404,325,79,44,288,12,47,86
53383542,0,,,966,435,531,131,60,71,834,375,459,510,262,248,817,365,452,804,357,447,324,113,211,199,58,141,102,20,82,20,3,17,2,1,1,267,263,31,82,52,65,24,6,3,230,189,41,34,137,0,23,37
53383543,0,,,1516,722,794,178,91,87,1328,626,702,852,410,442,1288,608,680,1269,598,671,476,216,260,233,91,142,88,28,60,6,0,6,5,3,2,569,569,102,200,136,79,30,16,6,460,368,92,53,315,3,62,98
53383544,0,,,476,243,233,73,36,37,402,206,196,256,132,124,388,198,190,378,194,184,146,74,72,70,37,33,21,8,13,1,0,1,4,1,3,175,175,43,53,26,31,13,6,3,131,116,15,20,101,1,26,25
53383545,0,,,595,295,300,65,36,29,526,257,269,315,161,154,509,247,262,497,242,255,211,96,115,126,56,70,48,19,29,4,2,2,0,0,0,218,218,47,61,58,27,10,11,4,170,130,40,19,140,1,35,37
53383546,2,53383555,,3,2,1,*,*,*,*,*,*,*,*,*,*,*,*,*,*,*,*,*,*,*,*,*,*,*,*,*,*,*,*,*,*,2,2,*,*,*,*,*,*,*,*,*,*,*,*,*,*,*
53383550,0,,,622,299,323,64,35,29,543,255,288,398,189,209,526,249,277,510,243,267,145,66,79,57,24,33,21,7,14,4,1,3,14,7,7,274,274,94,86,43,35,11,3,2,180,160,20,13,92,18,17,31
53383551,0,,,293,134,159,28,12,16,265,122,143,151,82,69,256,118,138,247,113,134,114,40,74,70,20,50,35,8,27,4,0,4,2,1,1,88,87,15,20,25,14,7,3,3,71,53,18,8,54,0,10,11
53383552,0,,,1741,856,885,265,134,131,1458,714,744,989,507,482,1404,682,722,1365,659,706,469,207,262,229,93,136,83,27,56,10,1,9,25,16,9,670,670,147,215,145,112,33,10,8,511,444,67,73,321,12,82,84
53383553,0,,,947,454,493,128,72,56,818,381,437,528,264,264,793,367,426,780,360,420,290,117,173,149,50,99,63,20,43,7,1,6,11,2,9,344,343,66,117,65,56,27,7,5,275,221,54,34,185,7,40,49
53383554,0,,,426,205,221,66,36,30,359,169,190,240,114,126,341,159,182,330,154,176,119,55,64,43,17,26,9,4,5,1,0,1,14,1,13,156,156,36,48,27,26,12,3,4,119,98,21,14,74,10,12,31
53383555,1,,53383546,565,281,284,63,34,29,503,247,256,302,153,149,485,237,248,472,229,243,201,94,107,105,45,60,33,9,24,4,2,2,2,0,2,203,203,36,69,46,32,11,5,6,167,133,34,20,129,0,23,37
53383556,0,,,218,112,106,15,11,4,203,101,102,118,59,59,197,99,98,194,96,98,85,42,43,52,24,28,23,11,12,0,0,0,1,0,1,87,87,20,30,21,9,5,0,2,66,53,13,4,60,0,13,15
53383560,0,,,1646,807,839,194,87,107,1400,689,711,1002,517,485,1358,669,689,1327,651,676,398,172,226,196,76,120,54,19,35,6,1,5,30,11,19,718,718,236,229,124,83,34,7,5,465,403,62,65,272,26,71,72
53383561,0,,,849,432,417,97,45,52,751,386,365,548,298,250,725,367,358,709,359,350,203,88,115,98,35,63,28,10,18,2,1,1,11,3,8,340,338,91,104,69,49,16,7,2,244,207,37,26,146,4,40,28
53383562,0,,,1695,819,876,242,133,109,1450,684,766,972,478,494,1386,649,737,1351,632,719,478,206,272,239,99,140,77,24,53,6,2,4,12,5,7,635,635,134,201,141,98,33,20,8,496,425,71,72,311,4,74,90
53383563,0,,,1122,562,560,151,82,69,961,474,487,652,328,324,935,462,473,910,450,460,309,146,163,122,53,69,23,11,12,1,0,1,12,5,7,416,416,84,126,104,61,21,17,3,328,278,50,41,204,8,32,63
53383564,0,,,343,159,184,21,11,10,322,148,174,210,101,109,316,144,172,312,142,170,112,47,65,54,23,31,14,3,11,0,0,0,16,2,14,140,140,36,45,34,14,7,4,0,103,89,14,6,78,9,18,17
53383565,0,,,750,358,392,103,53,50,616,296,320,415,202,213,589,280,309,569,271,298,201,94,107,103,46,57,34,14,20,3,1,2,3,3,0,276,275,53,98,61,40,14,4,5,220,193,27,26,135,2,31,40
53383566,0,,,263,129,134,14,6,8,249,123,126,141,74,67,241,120,121,238,119,119,108,49,59,60,25,35,22,5,17,1,0,1,2,0,2,95,95,15,31,27,14,3,2,3,79,55,24,4,69,0,8,14
53383567,2,53383577,,5,2,3,*,*,*,*,*,*,*,*,*,*,*,*,*,*,*,*,*,*,*,*,*,*,*,*,*,*,*,*,*,*,1,1,*,*,*,*,*,*,*,*,*,*,*,*,*,*,*
53383570,0,,,2028,958,1070,143,71,72,1684,801,883,1008,523,485,1647,781,866,1611,760,851,676,278,398,408,157,251,168,54,114,27,6,21,60,28,32,939,933,443,268,112,82,18,6,4,463,408,55,45,421,68,179,104
53383571,0,,,1526,715,811,179,82,97,1317,615,702,808,400,408,1286,601,685,1268,592,676,509,215,294,270,104,166,95,30,65,12,3,9,20,9,11,691,690,245,224,110,79,24,6,2,434,380,54,46,350,19,109,97
53383572,0,,,1928,930,998,253,119,134,1652,799,853,1177,593,584,1601,775,826,1571,761,810,475,206,269,254,109,145,64,21,43,6,1,5,34,13,21,815,815,252,253,144,107,47,10,2,547,469,78,81,334,13,92,81
53383573,0,,,455,212,243,53,30,23,392,175,217,255,117,138,384,171,213,379,171,208,137,58,79,60,22,38,30,9,21,4,1,3,1,1,0,168,167,33,57,37,25,10,4,1,131,108,23,19,86,1,16,21
53383574,0,,,1028,494,534,129,64,65,889,425,464,584,295,289,847,404,443,829,396,433,305,130,175,148,58,90,54,18,36,5,0,5,3,1,2,392,392,90,112,91,63,28,7,1,299,245,54,36,202,1,49,44
53383575,0,,,934,471,463,124,74,50,795,389,406,521,266,255,775,373,402,763,366,397,274,123,151,130,50,80,57,20,37,7,0,7,17,7,10,353,353,90,103,65,54,25,11,5,258,206,52,35,182,17,39,50
53383576,0,,,331,160,171,34,18,16,296,141,155,164,85,79,290,138,152,286,135,151,132,56,76,75,31,44,31,12,19,2,1,1,1,1,0,123,123,28,39,23,18,9,4,2,95,72,23,6,94,0,21,21
53383577,1,,53383567,195,94,101,13,7,6,187,89,98,111,58,53,179,84,95,175,83,92,76,31,45,37,13,24,10,3,7,1,0,1,0,0,0,74,74,12,27,19,10,5,2,0,62,44,18,2,52,0,6,12
53383578,2,53383587,,4,2,2,*,*,*,*,*,*,*,*,*,*,*,*,*,*,*,*,*,*,*,*,*,*,*,*,*,*,*,*,*,*,3,3,*,*,*,*,*,*,*,*,*,*,*,*,*,*,*
53383580,0,,,2611,1255,1356,257,133,124,2234,1058,1176,1452,745,707,2178,1023,1155,2149,1008,1141,782,313,469,431,157,274,165,52,113,12,0,12,32,18,14,1243,1236,542,343,175,120,47,5,4,679,597,82,80,532,50,191,128
53383581,0,,,2543,1212,1331,217,97,120,2161,1014,1147,1445,720,725,2102,983,1119,2062,960,1102,716,294,422,360,130,230,134,39,95,21,4,17,94,27,67,1322,1320,688,325,151,94,52,8,2,606,518,88,76,512,72,227,90
53383582,0,,,1303,621,682,125,62,63,1099,520,579,721,341,380,1069,500,569,1045,489,556,378,179,199,195,88,107,38,12,26,3,1,2,40,12,28,670,670,314,192,86,53,17,6,2,334,296,38,36,267,24,107,74
53383583,0,,,1019,501,518,121,63,58,884,432,452,579,298,281,852,411,441,834,401,433,305,134,171,146,59,87,43,11,32,1,0,1,2,1,1,407,406,101,141,76,52,25,8,3,302,268,34,17,199,9,35,71
53383584,0,,,656,302,354,81,44,37,559,249,310,346,181,165,548,243,305,541,238,303,213,68,145,145,37,108,80,13,67,26,3,23,4,2,2,232,231,70,56,57,25,15,6,2,159,133,26,24,89,15,16,18
53383585,0,,,1021,504,517,144,70,74,859,427,432,603,314,289,837,412,425,819,401,418,256,113,143,137,51,86,53,19,34,7,0,7,1,0,1,381,381,82,122,75,65,22,7,8,291,241,50,42,172,4,32,47
53383586,0,,,789,384,405,94,52,42,693,331,362,413,212,201,673,321,352,661,316,345,280,119,161,153,60,93,64,14,50,10,4,6,2,0,2,268,267,51,79,57,54,14,7,5,214,170,44,23,157,1,33,38
53383587,1,,53383578,809,394,415,135,71,64,678,325,353,401,204,197,654,316,338,636,306,330,277,121,156,180,70,110,92,27,65,18,4,14,5,1,4,267,266,54,68,71,48,20,7,1,214,185,29,30,140,0,39,35
53383588,0,,,664,316,348,47,22,25,617,294,323,352,167,185,593,281,312,575,273,302,265,127,138,153,67,86,50,22,28,8,3,5,2,1,1,243,243,39,85,55,36,23,4,1,204,163,41,9,168,1,26,52
53383589,0,,,75,33,42,6,2,4,69,31,38,29,12,17,69,31,38,67,29,38,40,19,21,17,6,11,9,1,8,1,0,1,0,0,0,28,28,7,10,6,0,2,2,1,21,14,7,2,26,0,6,6
53383590,0,,,407,213,194,37,25,12,352,177,175,204,114,90,350,176,174,347,173,174,148,63,85,71,30,41,19,6,13,2,1,1,5,2,3,197,197,85,53,31,21,4,2,1,103,84,19,11,100,10,29,28
53383591,0,,,2659,1267,1392,279,148,131,2297,1070,1227,1491,721,770,2233,1042,1191,2177,1017,1160,806,349,457,411,163,248,112,37,75,11,3,8,49,16,33,1278,1275,570,331,187,127,43,14,3,684,599,85,77,580,54,253,141
53383592,0,,,2170,1020,1150,206,107,99,1766,795,971,1087,535,552,1719,769,950,1671,745,926,679,260,419,426,142,284,186,42,144,35,3,32,33,8,25,848,842,329,245,124,84,41,19,0,488,425,63,75,365,30,138,72
53383593,0,,,924,430,494,111,50,61,808,377,431,529,257,272,780,360,420,759,352,407,279,120,159,146,54,92,57,14,43,13,0,13,14,2,12,364,362,103,105,82,47,17,7,1,253,217,36,24,180,0,59,35
53383594,0,,,1437,665,772,139,63,76,1287,596,691,738,381,357,1238,563,675,1212,550,662,549,215,334,345,124,221,162,35,127,38,3,35,14,6,8,490,487,106,162,102,58,41,11,7,375,305,70,38,259,9,50,74
53383595,0,,,650,324,326,79,50,29,564,269,295,405,198,207,548,261,287,541,258,283,159,71,88,64,26,38,24,7,17,0,0,0,13,0,13,276,276,79,97,42,43,12,2,1,193,170,23,28,111,11,22,35
53383596,0,,,754,361,393,81,36,45,671,323,348,396,197,199,655,316,339,646,310,336,275,126,149,143,60,83,57,21,36,7,2,5,3,1,2,279,279,55,87,65,43,18,9,2,223,179,44,20,181,4,36,45
53383597,0,,,815,399,416,100,58,42,714,340,374,422,210,212,690,330,360,677,325,352,292,130,162,160,62,98,62,22,40,7,3,4,3,2,1,306,306,66,99,58,50,21,12,0,238,187,51,18,192,0,43,51
53383598,1,,53383599,744,350,394,74,33,41,677,319,358,382,187,195,658,311,347,644,305,339,295,132,163,161,64,97,64,19,45,8,1,7,0,0,0,276,276,66,75,68,32,23,10,4,212,153,59,17,193,2,45,38
53383599,2,53383598,,7,2,5,*,*,*,*,*,*,*,*,*,*,*,*,*,*,*,*,*,*,*,*,*,*,*,*,*,*,*,*,*,*,2,2,*,*,*,*,*,*,*,*,*,*,*,*,*,*,*
53383600,0,,,16,7,9,1,1,0,14,6,8,10,3,7,14,6,8,14,6,8,4,3,1,1,1,0,0,0,0,0,0,0,1,0,1,8,8,3,2,3,0,0,0,0,5,5,0,0,4,0,1,0
53383609,0,,,39,20,19,2,2,0,37,18,19,28,14,14,35,18,17,33,17,16,9,4,5,3,1,2,0,0,0,0,0,0,0,0,0,16,16,3,6,4,3,0,0,0,13,12,1,0,6,0,2,1
53383619,0,,,158,74,84,4,3,1,154,71,83,93,47,46,151,71,80,144,68,76,61,24,37,35,12,23,11,3,8,0,0,0,2,0,2,60,60,16,16,12,9,5,1,1,44,33,11,1,44,0,12,8
53383624,0,,,130,59,71,6,2,4,124,57,67,61,33,28,122,56,66,119,55,64,63,24,39,31,10,21,14,3,11,0,0,0,0,0,0,53,53,12,22,9,5,4,0,1,41,29,12,1,43,0,10,14
53383625,0,,,94,49,45,2,1,1,92,48,44,48,27,21,90,46,44,89,45,44,44,21,23,22,10,12,14,6,8,3,1,2,5,4,1,44,36,7,16,8,3,1,1,0,29,25,4,1,28,0,5,8
53383626,0,,,161,82,79,5,3,2,156,79,77,81,39,42,155,78,77,149,77,72,75,40,35,45,25,20,7,4,3,0,0,0,0,0,0,65,65,18,21,10,10,5,1,0,47,35,12,2,51,0,13,15
53383627,0,,,333,162,171,33,14,19,300,148,152,150,81,69,296,145,151,292,142,150,150,67,83,72,30,42,32,14,18,3,0,3,8,2,6,123,123,33,33,26,14,8,5,4,90,56,34,9,99,4,21,21
53383628,0,,,162,74,88,9,2,7,153,72,81,72,34,38,150,71,79,148,70,78,81,38,43,45,17,28,23,8,15,2,0,2,0,0,0,63,63,15,23,12,6,2,4,1,48,34,14,3,51,1,12,14
53383629,0,,,55,25,30,0,0,0,55,25,30,27,12,15,53,23,30,52,22,30,28,13,15,20,11,9,6,3,3,0,0,0,0,0,0,23,23,4,10,5,4,0,0,0,19,15,4,0,19,0,4,6
53383661,0,,,145,73,72,16,11,5,129,62,67,65,31,34,125,60,65,125,60,65,64,31,33,36,18,18,8,4,4,1,0,1,0,0,0,57,57,9,27,11,4,3,3,0,48,36,12,2,41,0,5,19
53383662,0,,,351,155,196,46,15,31,305,140,165,186,91,95,293,134,159,285,127,158,119,49,70,61,24,37,16,6,10,0,0,0,3,1,2,128,128,27,36,34,15,8,6,2,101,79,22,12,82,0,21,14
53383663,0,,,160,76,84,1,0,1,159,76,83,66,35,31,158,75,83,158,75,83,93,41,52,56,23,33,17,4,13,1,0,1,0,0,0,79,79,26,33,13,6,1,0,0,53,47,6,1,65,0,19,21
53383664,0,,,58,33,25,0,0,0,58,33,25,29,17,12,57,32,25,56,31,25,29,16,13,18,8,10,6,2,4,1,0,1,0,0,0,31,31,14,11,3,2,1,0,0,16,13,3,0,23,1,9,6
53383670,0,,,29,18,11,0,0,0,29,18,11,20,11,9,27,17,10,27,17,10,9,7,2,5,4,1,2,2,0,1,1,0,0,0,0,12,12,4,3,2,2,1,0,0,8,6,2,0,8,0,4,0
53383671,0,,,145,68,77,26,14,12,119,54,65,73,30,43,111,49,62,108,49,59,46,24,22,28,13,15,7,4,3,0,0,0,1,1,0,57,57,9,28,9,5,4,1,1,48,43,5,7,29,0,5,15
53383672,0,,,34,17,17,2,1,1,32,16,16,13,8,5,30,14,16,30,14,16,19,8,11,9,3,6,2,1,1,0,0,0,0,0,0,14,14,3,5,4,1,1,0,0,11,7,4,0,13,0,3,4
53383674,0,,,18,8,10,0,0,0,18,8,10,10,4,6,17,8,9,17,8,9,8,4,4,6,2,4,1,0,1,0,0,0,0,0,0,9,9,2,6,0,1,0,0,0,7,7,0,0,6,1,0,4
53383680,0,,,32,14,18,0,0,0,32,14,18,14,6,8,32,14,18,32,14,18,18,8,10,12,5,7,3,1,2,0,0,0,0,0,0,13,13,3,5,2,2,1,0,0,9,6,3,0,10,0,1,4
53383685,2,53383694,,8,4,4,*,*,*,*,*,*,*,*,*,*,*,*,*,*,*,*,*,*,*,*,*,*,*,*,*,*,*,*,*,*,3,3,*,*,*,*,*,*,*,*,*,*,*,*,*,*,*
53383690,1,,53383691,28,12,16,2,0,2,30,14,16,14,8,6,29,14,15,29,14,15,16,6,10,13,5,8,9,4,5,1,0,1,0,0,0,11,11,3,5,3,1,0,1,0,10,6,4,0,11,0,3,2
53383691,2,53383690,,4,2,2,*,*,*,*,*,*,*,*,*,*,*,*,*,*,*,*,*,*,*,*,*,*,*,*,*,*,*,*,*,*,2,2,*,*,*,*,*,*,*,*,*,*,*,*,*,*,*
53383694,1,,53383685,13,5,8,0,0,0,21,9,12,12,6,6,21,9,12,21,9,12,9,3,6,5,2,3,2,0,2,0,0,0,0,0,0,5,5,2,4,0,0,1,1,0,6,4,2,0,6,0,1,2
53383700,0,,,18,9,9,3,1,2,15,8,7,10,5,5,15,8,7,15,8,7,5,3,2,1,0,1,0,0,0,0,0,0,0,0,0,8,8,2,4,1,0,1,0,0,6,6,0,1,4,0,1,2
53383703,0,,,43,24,19,4,4,0,39,20,19,20,9,11,39,20,19,38,20,18,19,11,8,13,8,5,4,3,1,0,0,0,0,0,0,17,17,2,6,7,2,0,0,0,15,13,2,2,12,0,1,5
53383704,1,,53383705,1213,615,598,154,85,69,1034,518,516,717,376,341,997,506,491,960,483,477,317,142,175,154,66,88,42,17,25,1,0,1,11,6,5,492,492,145,142,96,69,27,11,3,343,292,51,42,214,11,52,55
53383705,2,53383704,,2,1,1,*,*,*,*,*,*,*,*,*,*,*,*,*,*,*,*,*,*,*,*,*,*,*,*,*,*,*,*,*,*,1,1,*,*,*,*,*,*,*,*,*,*,*,*,*,*,*
53383706,2,53383707,,2,0,2,*,*,*,*,*,*,*,*,*,*,*,*,*,*,*,*,*,*,*,*,*,*,*,*,*,*,*,*,*,*,1,1,*,*,*,*,*,*,*,*,*,*,*,*,*,*,*
53383707,1,,53383706,97,47,50,5,1,4,94,46,48,46,23,23,90,44,46,89,43,46,48,23,25,31,13,18,7,4,3,0,0,0,0,0,0,35,35,7,10,14,0,1,3,1,29,20,9,1,31,0,7,4
53383708,2,53383718,,3,2,1,*,*,*,*,*,*,*,*,*,*,*,*,*,*,*,*,*,*,*,*,*,*,*,*,*,*,*,*,*,*,1,1,*,*,*,*,*,*,*,*,*,*,*,*,*,*,*
53383710,0,,,843,425,418,45,20,25,794,403,391,415,222,193,773,391,382,762,380,382,379,181,198,208,92,116,70,26,44,3,1,2,8,0,8,344,344,78,138,63,34,24,5,2,264,206,58,10,249,6,51,79
53383711,0,,,132,69,63,5,2,3,127,67,60,63,37,26,125,65,60,121,64,57,64,30,34,31,13,18,9,1,8,0,0,0,0,0,0,53,53,15,16,10,8,2,1,1,37,31,6,1,45,0,14,11
53383713,0,,,88,43,45,12,4,8,76,39,37,51,27,24,70,36,34,67,35,32,25,12,13,14,8,6,5,3,2,0,0,0,0,0,0,31,31,5,11,4,7,3,1,0,25,22,3,2,16,0,1,8
53383714,0,,,1396,730,666,168,88,80,1169,607,562,859,473,386,1132,589,543,1099,566,533,310,134,176,130,58,72,36,11,25,3,1,2,17,8,9,635,635,238,185,104,74,26,6,2,391,355,36,59,212,39,54,62
53383717,0,,,153,83,70,8,3,5,145,80,65,79,44,35,142,78,64,140,78,62,66,36,30,29,13,16,10,5,5,0,0,0,5,4,1,60,60,19,15,13,8,0,3,2,41,29,12,3,46,4,11,7
53383718,1,,53383708,80,38,42,5,3,2,78,37,41,44,20,24,78,37,41,75,35,40,34,17,17,22,12,10,3,1,2,2,1,1,0,0,0,30,30,5,12,6,6,0,2,0,26,20,6,1,22,0,4,6
53383719,2,53383729,,4,3,1,*,*,*,*,*,*,*,*,*,*,*,*,*,*,*,*,*,*,*,*,*,*,*,*,*,*,*,*,*,*,2,2,*,*,*,*,*,*,*,*,*,*,*,*,*,*,*
53383720,1,,53383730,189,77,112,12,4,8,179,74,105,98,40,58,175,72,103,172,70,102,81,34,47,40,14,26,17,5,12,0,0,0,1,0,1,67,67,12,24,17,9,4,2,2,57,31,26,2,55,0,8,9
53383721,0,,,72,34,38,7,4,3,64,29,35,37,16,21,64,29,35,64,29,35,27,13,14,13,6,7,2,1,1,0,0,0,0,0,0,27,27,6,8,7,3,1,2,0,21,16,5,3,17,0,3,7
53383722,0,,,632,299,333,48,24,24,583,275,308,301,153,148,561,265,296,551,259,292,282,122,160,142,57,85,50,16,34,6,2,4,1,0,1,230,230,36,91,42,32,15,13,1,194,137,57,10,177,0,28,60
53383723,0,,,289,159,130,31,20,11,255,136,119,147,85,62,250,134,116,243,129,114,108,51,57,46,16,30,20,5,15,3,0,3,1,0,1,122,122,41,35,21,16,4,4,1,81,64,17,9,71,12,12,21
53383724,0,,,449,212,237,33,18,15,396,186,210,239,127,112,388,183,205,384,183,201,157,59,98,100,35,65,29,11,18,3,1,2,4,0,4,215,214,87,67,34,18,6,1,1,121,102,19,12,109,12,37,24
53383725,0,,,367,194,173,14,11,3,353,183,170,210,122,88,346,181,165,323,164,159,143,61,82,96,39,57,27,11,16,1,0,1,1,1,0,188,188,91,52,25,10,4,5,1,95,75,20,5,103,16,39,25
53383727,0,,,455,212,243,155,74,81,296,136,160,255,124,131,286,133,153,280,131,149,41,12,29,27,6,21,16,3,13,4,0,4,5,3,2,125,124,5,15,33,53,15,3,0,118,111,7,43,17,0,4,3
53383728,0,,,47,24,23,4,2,2,43,22,21,18,11,7,42,22,20,41,22,19,25,11,14,18,9,9,3,2,1,0,0,0,0,0,0,17,17,3,5,5,2,1,1,0,13,10,3,1,15,0,3,4
53383729,1,,53383719,292,149,143,21,12,9,275,140,135,150,78,72,268,137,131,265,135,130,125,62,63,62,25,37,22,9,13,3,1,2,0,0,0,108,108,23,36,21,18,7,4,1,86,66,20,4,80,0,16,23
53383730,2,53383720,,4,2,2,*,*,*,*,*,*,*,*,*,*,*,*,*,*,*,*,*,*,*,*,*,*,*,*,*,*,*,*,*,*,3,3,*,*,*,*,*,*,*,*,*,*,*,*,*,*,*
53383732,0,,,468,229,239,26,10,16,442,219,223,230,123,107,433,217,216,423,212,211,212,96,116,124,51,73,40,16,24,6,2,4,5,2,3,175,175,37,58,36,25,10,6,3,137,94,43,2,137,0,23,35
53383734,0,,,291,129,162,33,14,19,253,111,142,151,70,81,245,107,138,240,106,134,102,41,61,54,22,32,22,7,15,4,1,3,2,1,1,141,141,55,42,27,14,3,0,0,83,71,12,12,76,1,39,12
53383735,0,,,2237,1055,1182,153,75,78,1996,933,1063,1211,597,614,1950,907,1043,1790,850,940,785,336,449,429,164,265,163,56,107,14,4,10,11,5,6,1156,1156,570,303,141,93,31,16,2,576,470,106,40,534,93,157,152
53383736,0,,,599,291,308,39,20,19,542,257,285,291,152,139,530,250,280,517,247,270,251,105,146,150,62,88,50,20,30,6,2,4,0,0,0,275,275,100,90,43,28,8,4,2,175,142,33,10,165,17,37,51
53383737,0,,,1577,761,816,172,88,84,1373,656,717,975,475,500,1322,630,692,1278,607,671,398,181,217,191,77,114,63,21,42,2,1,1,4,1,3,596,596,106,205,132,110,36,5,2,479,430,49,30,272,0,64,94
53383738,0,,,1290,620,670,115,49,66,1136,552,584,681,345,336,1088,525,563,1054,508,546,455,207,248,240,95,145,83,28,55,2,0,2,16,12,4,539,539,136,199,93,85,20,5,1,390,339,51,30,304,5,82,103
53383739,0,,,1140,554,586,106,49,57,1024,499,525,586,279,307,996,485,511,974,476,498,438,220,218,169,71,98,59,14,45,3,2,1,24,14,10,481,481,117,175,110,59,16,1,3,359,311,48,28,300,3,78,95
53383741,0,,,37,15,22,5,1,4,32,14,18,18,9,9,32,14,18,31,13,18,14,5,9,8,2,6,1,1,0,0,0,0,1,0,1,12,12,1,4,3,1,3,0,0,11,8,3,3,9,0,1,2
53383742,0,,,140,54,86,3,1,2,137,53,84,53,28,25,136,52,84,133,52,81,84,25,59,63,14,49,42,5,37,12,0,12,0,0,0,35,32,9,10,6,5,0,1,1,22,18,4,1,23,0,6,4
53383743,0,,,31,13,18,2,1,1,29,12,17,15,7,8,28,11,17,27,11,16,14,5,9,7,2,5,2,1,1,1,0,1,0,0,0,11,11,1,6,1,0,3,0,0,10,6,4,1,9,0,1,2
53383744,0,,,178,76,102,7,4,3,168,70,98,62,28,34,165,68,97,161,66,95,106,42,64,72,22,50,44,7,37,8,1,7,0,0,0,64,63,25,22,11,2,2,0,1,38,30,8,2,42,0,16,12
53383745,0,,,93,41,52,5,3,2,84,37,47,49,21,28,81,36,45,72,34,38,35,16,19,11,3,8,5,0,5,1,0,1,1,0,1,45,45,19,13,8,3,1,0,1,26,20,6,2,22,1,5,5
53383746,0,,,639,325,314,64,36,28,575,289,286,353,176,177,560,280,280,551,278,273,222,113,109,96,51,45,26,13,13,2,1,1,0,0,0,256,256,43,118,44,36,9,3,3,210,193,17,16,138,0,26,66
53383747,0,,,1075,533,542,72,38,34,977,482,495,548,280,268,963,475,488,944,464,480,429,202,227,203,89,114,70,30,40,4,2,2,13,4,9,445,445,115,157,95,46,20,8,4,319,255,64,23,284,7,67,78
53383748,0,,,454,234,220,30,19,11,412,211,201,235,132,103,410,209,201,404,207,197,177,79,98,76,34,42,28,9,19,4,0,4,4,3,1,187,186,59,68,30,20,4,4,1,122,102,20,7,114,5,33,33
53383749,0,,,378,182,196,20,7,13,358,175,183,190,99,91,345,168,177,339,164,175,168,76,92,92,35,57,35,12,23,1,1,0,3,0,3,150,150,34,55,32,12,13,3,1,116,94,22,4,110,0,26,35
53383751,0,,,116,55,61,12,3,9,103,51,52,62,30,32,101,50,51,101,50,51,41,21,20,25,11,14,10,4,6,0,0,0,1,1,0,51,50,14,21,3,10,2,0,0,36,31,5,4,29,0,10,8
53383752,2,53383753,,9,6,3,*,*,*,*,*,*,*,*,*,*,*,*,*,*,*,*,*,*,*,*,*,*,*,*,*,*,*,*,*,*,2,2,*,*,*,*,*,*,*,*,*,*,*,*,*,*,*
53383753,1,,53383752,93,49,44,6,3,3,96,52,44,50,28,22,94,51,43,93,50,43,46,24,22,23,11,12,11,4,7,1,0,1,0,0,0,33,33,5,11,7,8,2,2,0,30,23,7,1,26,0,3,7
53383754,0,,,16,8,8,2,1,1,14,7,7,8,5,3,14,7,7,14,7,7,6,2,4,2,0,2,1,0,1,0,0,0,1,1,0,5,5,1,1,1,1,0,1,0,4,2,2,1,4,0,1,1
53383755,0,,,450,234,216,21,12,9,427,221,206,215,117,98,418,217,201,413,215,198,212,104,108,100,48,52,32,15,17,4,1,3,4,3,1,181,181,38,69,43,19,3,9,0,142,113,29,5,140,2,29,37
53383756,0,,,753,369,384,55,21,34,691,344,347,382,200,182,678,334,344,665,327,338,309,144,165,176,74,102,55,21,34,6,4,2,3,2,1,294,294,62,113,57,32,15,14,1,231,176,55,10,203,1,40,60
53383757,0,,,106,31,75,0,0,0,106,31,75,6,3,3,106,31,75,106,31,75,100,28,72,89,22,67,67,16,51,11,1,10,0,0,0,6,5,1,2,2,0,0,0,0,4,3,1,0,4,0,1,1
53383758,0,,,227,117,110,16,7,9,208,107,101,143,73,70,203,104,99,203,104,99,65,34,31,18,7,11,7,2,5,0,0,0,0,0,0,81,81,13,31,19,8,6,1,3,67,57,10,6,40,2,3,17
53383759,0,,,19,9,10,5,4,1,14,5,9,8,2,6,12,5,7,12,5,7,6,3,3,2,0,2,2,0,2,1,0,1,0,0,0,6,6,1,2,1,0,1,1,0,5,4,1,1,4,0,1,2
53383760,0,,,57,28,29,3,2,1,54,26,28,32,15,17,50,25,25,50,25,25,22,11,11,11,6,5,5,2,3,0,0,0,0,0,0,21,21,6,6,3,4,0,0,2,15,7,8,0,18,0,5,1
53383761,0,,,55,28,27,3,1,2,52,27,25,34,20,14,50,25,25,47,23,24,18,7,11,9,2,7,8,2,6,2,0,2,0,0,0,17,17,3,3,5,1,3,2,0,14,9,5,0,13,0,3,1
53383762,0,,,66,34,32,2,1,1,64,33,31,40,19,21,61,32,29,60,31,29,24,14,10,13,6,7,3,1,2,0,0,0,3,0,3,25,25,6,6,8,3,0,2,0,19,13,6,0,20,0,5,4
53383763,0,,,27,22,5,0,0,0,27,22,5,7,5,2,27,22,5,27,22,5,20,17,3,16,14,2,6,4,2,0,0,0,0,0,0,5,4,2,1,1,0,0,0,0,2,2,0,0,2,0,1,1
53383764,1,,53383774,44,21,23,3,2,1,50,22,28,19,8,11,50,22,28,49,22,27,31,14,17,16,7,9,3,0,3,0,0,0,1,0,1,19,19,4,9,6,2,1,0,0,18,14,4,1,21,0,4,8
53383765,0,,,186,95,91,7,5,2,179,90,89,92,47,45,178,90,88,175,88,87,87,43,44,44,19,25,15,5,10,1,0,1,0,0,0,69,69,9,30,15,8,3,3,1,60,46,14,2,56,0,6,19
53383766,0,,,287,142,145,29,20,9,248,117,131,128,63,65,232,109,123,223,105,118,120,54,66,64,28,36,18,7,11,1,0,1,0,0,0,105,104,27,40,14,9,8,4,2,73,56,17,4,78,0,16,28
53383774,2,53383764,,9,3,6,*,*,*,*,*,*,*,*,*,*,*,*,*,*,*,*,*,*,*,*,*,*,*,*,*,*,*,*,*,*,3,3,*,*,*,*,*,*,*,*,*,*,*,*,*,*,*
53383775,0,,,62,32,30,4,2,2,57,29,28,29,14,15,56,28,28,56,28,28,28,15,13,9,5,4,2,0,2,0,0,0,0,0,0,25,25,4,8,10,3,0,0,0,20,16,4,0,18,0,1,6
53383776,0,,,91,45,46,8,5,3,83,40,43,41,23,18,83,40,43,82,40,42,42,17,25,26,10,16,7,1,6,0,0,0,0,0,0,38,38,8,15,10,3,1,1,0,30,25,5,0,28,0,4,8
53383777,0,,,14,7,7,0,0,0,14,7,7,6,4,2,14,7,7,14,7,7,8,3,5,5,1,4,3,0,3,1,0,1,0,0,0,6,6,1,3,1,1,0,0,0,5,3,2,0,6,0,1,0
53383785,0,,,52,27,25,0,0,0,51,27,24,31,17,14,50,27,23,50,27,23,20,10,10,8,3,5,2,1,1,0,0,0,0,0,0,22,22,6,7,5,3,1,0,0,16,14,2,0,14,0,3,2
53383786,0,,,38,19,19,0,0,0,37,18,19,21,11,10,34,15,19,34,15,19,16,7,9,11,5,6,1,0,1,0,0,0,0,0,0,16,16,5,2,7,2,0,0,0,11,10,1,0,11,0,3,1
53383787,0,,,146,71,75,14,9,5,132,62,70,73,36,37,129,61,68,126,58,68,59,26,33,26,7,19,9,1,8,2,0,2,0,0,0,48,48,5,20,11,3,3,4,2,43,25,18,4,39,0,4,9
53383788,0,,,71,36,35,2,0,2,69,36,33,32,18,14,69,36,33,68,35,33,37,18,19,20,10,10,9,4,5,0,0,0,0,0,0,26,26,4,8,7,5,2,0,0,22,14,8,0,24,0,3,6
53383789,0,,,67,34,33,0,0,0,67,34,33,40,21,19,65,33,32,64,33,31,27,13,14,11,4,7,3,1,2,0,0,0,0,0,0,26,26,8,8,3,3,2,2,0,18,11,7,0,18,0,4,5
53383795,0,,,26,15,11,2,1,1,24,14,10,9,6,3,22,12,10,22,12,10,15,8,7,10,6,4,1,1,0,0,0,0,0,0,0,10,10,1,5,2,1,1,0,0,9,9,0,0,8,0,1,5
53383796,0,,,23,11,12,0,0,0,23,11,12,7,2,5,23,11,12,23,11,12,16,9,7,5,3,2,2,0,2,0,0,0,0,0,0,10,10,2,5,2,0,1,0,0,8,7,1,0,10,0,2,5
53383797,0,,,207,96,111,5,5,0,201,90,111,106,50,56,194,88,106,189,86,103,95,40,55,56,22,34,30,12,18,1,0,1,0,0,0,72,72,11,25,15,11,4,5,1,60,35,25,0,61,0,9,15
53384020,2,53384040,,2,1,1,*,*,*,*,*,*,*,*,*,*,*,*,*,*,*,*,*,*,*,*,*,*,*,*,*,*,*,*,*,*,1,1,*,*,*,*,*,*,*,*,*,*,*,*,*,*,*
53384030,2,53384040,,7,5,2,*,*,*,*,*,*,*,*,*,*,*,*,*,*,*,*,*,*,*,*,*,*,*,*,*,*,*,*,*,*,4,4,*,*,*,*,*,*,*,*,*,*,*,*,*,*,*
53384040,1,,53384020;53384030,15,9,6,0,0,0,24,15,9,6,4,2,24,15,9,24,15,9,18,11,7,8,5,3,5,2,3,1,1,0,0,0,0,7,7,5,4,1,2,0,0,0,7,6,1,0,11,0,4,4
53384047,2,53384086,,2,2,0,*,*,*,*,*,*,*,*,*,*,*,*,*,*,*,*,*,*,*,*,*,*,*,*,*,*,*,*,*,*,2,2,*,*,*,*,*,*,*,*,*,*,*,*,*,*,*
53384050,0,,,60,29,31,7,3,4,53,26,27,23,9,14,53,26,27,53,26,27,30,17,13,17,8,9,6,3,3,1,1,0,0,0,0,19,19,4,4,5,2,1,1,2,15,10,5,2,18,0,4,3
53384057,2,53384067,,6,4,2,*,*,*,*,*,*,*,*,*,*,*,*,*,*,*,*,*,*,*,*,*,*,*,*,*,*,*,*,*,*,4,4,*,*,*,*,*,*,*,*,*,*,*,*,*,*,*
53384060,0,,,43,23,20,1,0,1,42,23,19,15,10,5,41,23,18,41,23,18,27,13,14,19,10,9,7,4,3,2,1,1,0,0,0,19,19,3,11,4,0,0,1,0,16,13,3,0,16,0,1,9
53384061,0,,,29,12,17,3,1,2,26,11,15,10,5,5,26,11,15,26,11,15,16,6,10,8,3,5,6,2,4,1,0,1,0,0,0,9,9,2,2,2,1,0,1,1,7,3,4,2,9,0,2,2
53384067,1,,53384057,6,3,3,0,0,0,12,7,5,6,4,2,12,7,5,12,7,5,6,3,3,2,0,2,2,0,2,1,0,1,0,0,0,2,2,2,3,0,1,0,0,0,4,4,0,0,4,0,1,0
53384070,0,,,73,31,42,9,2,7,64,29,35,39,19,20,63,29,34,63,29,34,25,10,15,16,6,10,6,1,5,0,0,0,1,0,1,19,19,3,2,4,4,2,1,3,16,8,8,1,14,0,2,2
53384071,0,,,12,6,6,0,0,0,12,6,6,0,0,0,12,6,6,12,6,6,12,6,6,5,4,1,4,3,1,1,1,0,0,0,0,7,7,3,3,1,0,0,0,0,4,3,1,0,7,0,3,3
53384072,0,,,14,7,7,2,1,1,12,6,6,9,5,4,11,5,6,11,5,6,3,1,2,1,0,1,1,0,1,0,0,0,0,0,0,6,6,3,1,0,1,1,0,0,3,3,0,0,2,0,1,1
53384075,2,53384076,,4,2,2,*,*,*,*,*,*,*,*,*,*,*,*,*,*,*,*,*,*,*,*,*,*,*,*,*,*,*,*,*,*,1,1,*,*,*,*,*,*,*,*,*,*,*,*,*,*,*
53384076,1,,53384075,22,12,10,1,0,1,25,14,11,14,8,6,23,13,10,22,12,10,11,6,5,7,4,3,2,1,1,0,0,0,0,0,0,9,9,2,4,0,4,0,0,0,8,6,2,0,6,0,1,3
53384077,0,,,38,16,22,0,0,0,38,16,22,14,6,8,38,16,22,38,16,22,24,10,14,13,4,9,11,3,8,1,0,1,0,0,0,22,22,10,10,1,0,1,0,0,11,10,1,0,18,0,7,2
53384081,0,,,9,5,4,0,0,0,9,5,4,4,3,1,9,5,4,9,5,4,5,2,3,3,1,2,3,1,2,0,0,0,0,0,0,4,4,2,0,1,1,0,0,0,2,1,1,0,4,0,2,0
53384082,0,,,9,5,4,0,0,0,9,5,4,1,1,0,9,5,4,9,5,4,8,4,4,5,2,3,3,1,2,0,0,0,0,0,0,7,7,5,2,0,0,0,0,0,2,2,0,0,6,1,4,2
53384086,1,,53384047,57,27,30,2,1,1,57,28,29,21,10,11,57,28,29,56,28,28,36,18,18,27,13,14,18,10,8,1,1,0,0,0,0,27,27,10,12,4,2,1,0,0,19,16,3,0,23,1,6,8
53384087,0,,,11,6,5,0,0,0,11,6,5,4,3,1,11,6,5,11,6,5,7,3,4,5,2,3,2,1,1,0,0,0,1,1,0,7,7,3,4,0,0,0,0,0,4,3,1,0,4,1,1,3
53384091,0,,,49,25,24,0,0,0,49,25,24,28,14,14,48,25,23,48,25,23,21,11,10,11,4,7,1,0,1,0,0,0,0,0,0,21,21,3,11,5,1,1,0,0,18,17,1,0,15,0,3,5
53384095,2,53384096,,6,3,3,*,*,*,*,*,*,*,*,*,*,*,*,*,*,*,*,*,*,*,*,*,*,*,*,*,*,*,*,*,*,3,3,*,*,*,*,*,*,*,*,*,*,*,*,*,*,*
53384096,1,,53384095,63,33,30,4,3,1,65,33,32,28,16,12,64,32,32,64,32,32,37,17,20,18,7,11,7,3,4,0,0,0,0,0,0,25,25,7,10,5,3,3,0,0,20,14,6,0,24,0,4,8
53384304,0,,,106,54,52,4,1,3,102,53,49,65,38,27,101,52,49,101,52,49,37,15,22,15,6,9,3,1,2,0,0,0,2,2,0,48,48,13,20,8,6,1,0,0,33,28,5,1,26,1,4,7
53384305,0,,,536,268,268,44,27,17,492,241,251,297,151,146,468,229,239,455,224,231,195,90,105,95,38,57,19,6,13,3,0,3,25,13,12,138,134,39,35,30,22,7,0,1,93,77,16,9,69,3,19,14
53384306,0,,,34,19,15,0,0,0,34,19,15,26,16,10,33,18,15,32,18,14,8,3,5,2,1,1,0,0,0,0,0,0,0,0,0,13,13,2,4,4,3,0,0,0,11,10,1,0,5,0,0,1
53384307,0,,,367,191,176,42,21,21,321,168,153,252,134,118,314,165,149,304,157,147,69,34,35,35,19,16,11,7,4,0,0,0,54,24,30,166,166,69,39,29,18,7,3,1,97,79,18,17,47,27,10,10
53384308,0,,,411,197,214,63,36,27,348,161,187,246,118,128,337,158,179,328,155,173,102,43,59,45,14,31,16,2,14,2,0,2,9,4,5,142,142,21,45,32,30,6,5,3,121,107,14,21,70,0,13,22
53384309,0,,,219,110,109,26,15,11,193,95,98,130,68,62,186,91,95,181,90,91,63,27,36,29,11,18,9,1,8,0,0,0,0,0,0,81,81,13,27,20,15,5,0,1,68,57,11,7,41,0,7,14
53384314,0,,,43,19,24,3,1,2,40,18,22,25,11,14,40,18,22,39,17,22,15,7,8,9,5,4,4,3,1,0,0,0,0,0,0,16,16,3,5,4,3,0,1,0,13,11,2,0,8,0,0,4
53384315,0,,,620,296,324,64,27,37,554,268,286,332,177,155,530,255,275,513,246,267,222,91,131,136,44,92,75,17,58,13,1,12,6,4,2,184,183,33,57,30,37,21,3,2,148,119,29,13,85,3,14,23
53384316,0,,,988,500,488,95,50,45,887,448,439,622,327,295,856,432,424,834,424,410,265,121,144,110,49,61,31,11,20,6,2,4,51,24,27,374,374,80,116,82,66,19,7,4,291,248,43,24,177,8,29,48
53384317,0,,,1420,719,701,157,86,71,1257,629,628,880,454,426,1216,611,605,1188,597,591,377,175,202,172,71,101,58,18,40,7,3,4,45,24,21,548,547,131,173,113,85,30,9,6,413,357,56,40,243,21,49,68
53384318,0,,,242,117,125,31,12,19,204,101,103,129,64,65,199,98,101,195,96,99,75,37,38,36,16,20,7,6,1,0,0,0,3,2,1,102,102,27,37,20,11,6,0,1,72,66,6,10,51,3,14,18
53384319,0,,,546,274,272,89,46,43,455,226,229,325,171,154,442,217,225,434,214,220,130,55,75,61,22,39,24,7,17,2,1,1,5,2,3,195,194,38,61,40,38,11,5,1,154,131,23,28,74,5,8,29
53384324,0,,,147,77,70,11,6,5,136,71,65,88,50,38,130,66,64,125,64,61,48,21,27,29,15,14,6,2,4,1,1,0,2,1,1,49,49,7,15,12,5,7,2,1,42,28,14,2,28,0,4,7
53384325,0,,,842,418,424,104,51,53,733,364,369,484,248,236,708,348,360,692,340,352,249,116,133,120,48,72,41,12,29,5,1,4,12,7,5,302,301,55,90,67,60,18,8,3,243,192,51,24,158,0,28,40
53384326,0,,,792,423,369,102,51,51,684,368,316,494,278,216,658,350,308,647,341,306,190,90,100,91,36,55,24,8,16,3,0,3,35,10,25,305,304,72,86,74,48,18,5,1,227,206,21,29,129,12,24,28
53384327,0,,,91,39,52,4,2,2,87,37,50,47,18,29,85,36,49,83,35,48,40,19,21,11,5,6,4,1,3,1,0,1,4,1,3,35,35,3,17,6,9,0,0,0,32,29,3,0,25,0,1,11
53384328,0,,,2052,1139,913,186,101,85,1801,996,805,1433,830,603,1307,666,641,1151,565,586,368,166,202,164,65,99,51,17,34,1,0,1,32,23,9,640,633,211,185,120,79,26,10,2,406,362,44,51,256,37,69,78
53384329,0,,,1801,861,940,216,115,101,1441,668,773,981,470,511,1391,643,748,1356,628,728,460,198,262,250,97,153,79,26,53,9,0,9,9,4,5,752,751,198,260,150,103,34,6,0,502,457,45,68,306,16,81,98
53384334,0,,,860,416,444,71,31,40,788,384,404,510,250,260,772,376,396,750,368,382,278,134,144,131,59,72,40,16,24,2,0,2,12,4,8,326,326,60,121,65,47,24,8,1,263,223,40,18,182,1,38,60
53384335,0,,,838,401,437,93,47,46,741,352,389,476,235,241,714,339,375,699,332,367,265,117,148,100,34,66,32,4,28,3,0,3,5,1,4,320,320,75,98,69,47,23,4,4,239,202,37,25,175,6,34,49
53384336,0,,,1056,541,515,148,89,59,905,451,454,715,363,352,867,435,432,839,422,417,190,88,102,87,37,50,22,7,15,2,0,2,22,4,18,437,437,137,117,86,70,20,5,2,294,260,34,51,130,23,34,35
53384337,0,,,516,234,282,49,24,25,442,198,244,295,136,159,428,190,238,418,187,231,147,62,85,75,27,48,28,9,19,6,1,5,1,0,1,206,205,52,71,41,27,9,5,0,146,130,16,11,95,1,24,32
53384338,0,,,1154,567,587,116,62,54,960,461,499,613,316,297,928,443,485,902,428,474,347,145,202,175,60,115,71,18,53,10,0,10,5,1,4,479,477,154,155,86,55,22,3,2,298,261,37,30,194,11,53,56
53384339,0,,,1483,732,751,225,110,115,1190,583,607,863,440,423,1137,557,580,1097,535,562,327,143,184,169,67,102,56,14,42,8,2,6,12,8,4,515,514,104,137,129,96,34,14,0,397,359,38,56,170,9,36,49
53384343,0,,,140,60,80,12,2,10,128,58,70,57,26,31,125,57,68,124,56,68,71,32,39,37,14,23,16,5,11,1,0,1,4,1,3,61,61,15,24,15,5,1,0,1,46,42,4,4,47,1,12,17
53384344,0,,,269,127,142,16,6,10,253,121,132,136,66,70,242,114,128,240,113,127,117,55,62,59,25,34,30,12,18,3,2,1,2,1,1,107,105,28,30,30,13,2,1,1,77,61,16,3,71,0,23,21
53384345,0,,,1251,633,618,147,92,55,1104,541,563,747,381,366,1061,521,540,1045,512,533,357,160,197,158,71,87,39,17,22,3,0,3,32,16,16,547,547,180,167,101,72,17,9,1,364,330,34,48,244,28,73,72
53384346,0,,,2219,1121,1098,258,136,122,1947,975,972,1222,672,550,1896,952,944,1848,926,922,725,303,422,418,173,245,136,45,91,17,6,11,33,15,18,1007,1005,391,295,143,116,45,9,6,606,512,94,62,486,68,161,133
53384347,0,,,433,208,225,37,17,20,380,183,197,240,117,123,368,176,192,359,172,187,140,66,74,45,21,24,16,5,11,0,0,0,2,0,2,172,172,30,69,37,28,6,2,0,137,121,16,9,90,1,18,36
53384348,0,,,187,93,94,24,11,13,158,79,79,86,47,39,154,78,76,153,77,76,72,32,40,39,17,22,19,8,11,3,0,3,3,2,1,73,73,13,28,15,12,5,0,0,57,47,10,5,45,0,11,15
53384349,0,,,695,340,355,125,67,58,549,263,286,419,205,214,531,255,276,521,251,270,130,58,72,57,19,38,10,1,9,2,0,2,5,1,4,251,251,43,83,49,47,24,4,1,198,173,25,37,94,3,22,25
53384353,0,,,93,48,45,14,7,7,79,41,38,42,21,21,78,41,37,78,41,37,37,20,17,23,10,13,10,2,8,0,0,0,0,0,0,36,36,8,12,9,3,2,2,0,28,24,4,4,28,0,7,6
53384354,0,,,397,187,210,53,23,30,344,164,180,195,99,96,340,163,177,336,162,174,149,65,84,69,28,41,25,9,16,2,0,2,1,0,1,150,150,32,51,32,20,7,5,3,116,94,22,13,97,1,21,28
53384355,0,,,1418,713,705,164,81,83,1250,628,622,828,445,383,1213,610,603,1183,591,592,422,183,239,230,98,132,65,26,39,6,1,5,14,7,7,610,610,214,140,149,71,26,8,2,394,332,62,58,289,33,92,61
53384356,0,,,1373,712,661,154,89,65,1208,615,593,794,451,343,1182,601,581,1166,594,572,414,164,250,223,72,151,87,26,61,14,3,11,30,14,16,625,622,248,180,87,79,19,7,2,365,311,54,37,270,67,75,65
53384357,0,,,358,185,173,59,34,25,298,151,147,203,105,98,285,146,139,277,142,135,95,46,49,39,17,22,11,4,7,0,0,0,5,2,3,112,112,11,33,21,28,10,7,2,101,79,22,11,62,0,7,16
53384358,0,,,121,61,60,16,9,7,105,52,53,57,32,25,103,50,53,102,49,53,48,20,28,26,11,15,8,1,7,2,0,2,0,0,0,44,44,9,15,7,7,3,3,0,35,25,10,2,30,0,6,9
53384359,0,,,84,45,39,8,6,2,70,35,35,41,20,21,67,34,33,66,34,32,29,15,14,6,3,3,3,1,2,0,0,0,0,0,0,32,32,6,12,6,6,0,2,0,25,21,4,0,18,0,3,8
53384363,0,,,196,99,97,24,13,11,172,86,86,97,53,44,169,84,85,168,84,84,75,33,42,29,10,19,17,4,13,1,0,1,0,0,0,75,75,18,23,15,10,8,0,1,57,47,10,3,52,0,14,17
53384364,0,,,846,419,427,91,49,42,753,368,385,551,276,275,719,347,372,704,337,367,202,92,110,90,35,55,21,6,15,0,0,0,30,6,24,363,363,113,112,71,49,11,5,2,246,227,19,29,148,9,58,42
53384365,0,,,1803,881,922,260,124,136,1528,747,781,1168,594,574,1471,721,750,1433,700,733,360,153,207,150,61,89,48,15,33,4,0,4,33,17,16,794,794,284,227,120,120,35,6,2,499,464,35,86,244,49,88,78
53384366,0,,,881,468,413,105,52,53,774,415,359,493,288,205,757,405,352,748,401,347,281,127,154,155,69,86,51,21,30,7,1,6,12,11,1,348,346,128,102,54,38,18,6,0,216,190,26,34,123,64,21,56
53384367,0,,,216,99,117,49,24,25,167,75,92,136,62,74,150,64,86,144,62,82,31,13,18,14,7,7,2,2,0,0,0,0,1,0,1,70,70,9,18,14,17,11,1,0,61,57,4,12,20,0,4,6
53384368,0,,,129,75,54,15,11,4,114,64,50,65,39,26,109,60,49,109,60,49,49,25,24,19,11,8,4,2,2,1,0,1,0,0,0,48,48,8,15,12,10,3,0,0,39,32,7,3,29,0,3,13
53384369,0,,,16,9,7,0,0,0,16,9,7,7,5,2,16,9,7,16,9,7,9,4,5,8,3,5,5,1,4,0,0,0,0,0,0,10,10,5,4,1,0,0,0,0,5,5,0,0,8,0,4,1
53384372,0,,,186,85,101,16,3,13,170,82,88,101,49,52,163,80,83,160,79,81,69,33,36,36,15,21,10,3,7,0,0,0,1,0,1,61,61,6,21,12,12,6,4,0,55,40,15,1,43,0,6,11
53384373,0,,,370,206,164,27,19,8,343,187,156,185,107,78,331,181,150,326,179,147,158,80,78,90,47,43,24,10,14,6,1,5,1,0,1,150,150,37,57,25,19,5,6,1,113,90,23,4,107,0,26,31
53384374,0,,,582,279,303,52,23,29,529,255,274,343,170,173,510,249,261,499,241,258,186,85,101,79,36,43,31,14,17,2,0,2,12,5,7,246,246,73,78,48,31,11,5,0,172,147,25,15,125,8,28,42
53384375,0,,,1121,559,562,145,77,68,976,482,494,685,356,329,938,460,478,912,449,463,291,126,165,132,49,83,49,15,34,3,1,2,4,1,3,411,411,94,111,88,70,33,10,5,315,261,54,36,185,18,33,55
53384376,0,,,237,113,124,24,7,17,213,106,107,154,77,77,207,103,104,202,101,101,59,29,30,32,13,19,7,3,4,2,1,1,18,11,7,98,98,30,30,17,14,4,1,2,66,59,7,1,39,9,8,18
53384377,0,,,132,63,69,10,6,4,122,57,65,77,38,39,121,57,64,119,55,64,45,19,26,14,5,9,3,1,2,0,0,0,0,0,0,49,49,7,24,7,4,3,3,1,41,34,7,1,31,0,2,12
53384378,0,,,319,158,161,19,7,12,300,151,149,172,91,81,287,143,144,280,141,139,128,60,68,61,27,34,25,6,19,1,0,1,0,0,0,115,115,25,31,20,28,8,1,2,88,64,24,3,84,0,22,17
53384379,1,,53384389,40,18,22,1,1,0,48,20,28,18,6,12,46,20,26,45,20,25,30,14,16,19,9,10,7,3,4,1,0,1,1,0,1,16,16,1,12,3,1,1,1,0,18,15,3,0,18,0,1,9
53384382,0,,,213,97,116,17,10,7,196,87,109,135,58,77,192,87,105,188,85,103,61,29,32,28,11,17,11,5,6,1,0,1,0,0,0,93,93,29,32,15,11,5,1,0,64,55,9,5,47,6,15,8
53384383,0,,,34,18,16,2,2,0,32,16,16,19,8,11,31,16,15,30,15,15,13,8,5,5,3,2,1,1,0,0,0,0,0,0,0,10,10,0,4,3,1,0,1,1,10,9,1,1,8,0,0,3
53384384,0,,,231,117,114,21,16,5,210,101,109,122,61,61,206,99,107,204,99,105,88,40,48,44,21,23,11,3,8,0,0,0,1,0,1,93,93,24,26,21,18,4,0,0,68,59,9,6,59,0,15,11
53384385,0,,,685,342,343,112,52,60,573,290,283,415,216,199,545,272,273,530,264,266,158,74,84,74,32,42,24,8,16,3,0,3,1,1,0,239,239,42,60,58,52,22,4,1,196,171,25,33,103,12,15,25
53384386,0,,,99,50,49,4,2,2,95,48,47,55,30,25,93,47,46,90,46,44,40,18,22,24,9,15,7,2,5,2,0,2,0,0,0,41,41,13,12,4,10,2,0,0,28,20,8,1,31,0,8,7
53384387,0,,,151,73,78,9,2,7,142,71,71,85,47,38,139,71,68,138,70,68,57,24,33,36,14,22,17,4,13,2,1,1,1,1,0,61,61,16,20,13,6,4,2,0,45,36,9,2,38,0,11,8
53384388,0,,,402,197,205,38,18,20,364,179,185,197,98,99,360,178,182,352,173,179,167,81,86,80,36,44,23,7,16,1,0,1,4,2,2,168,168,50,56,27,22,8,4,1,118,92,26,7,108,4,28,34
53384389,2,53384379,,9,3,6,*,*,*,*,*,*,*,*,*,*,*,*,*,*,*,*,*,*,*,*,*,*,*,*,*,*,*,*,*,*,3,3,*,*,*,*,*,*,*,*,*,*,*,*,*,*,*
53384392,0,,,118,57,61,8,3,5,110,54,56,62,30,32,108,54,54,107,53,54,48,24,24,20,8,12,5,1,4,1,1,0,0,0,0,51,50,14,18,9,6,2,1,0,35,29,6,1,33,0,10,9
53384393,0,,,277,141,136,16,8,8,261,133,128,161,84,77,255,130,125,251,127,124,100,49,51,59,28,31,14,8,6,1,1,0,0,0,0,120,120,32,42,26,18,1,1,0,85,77,8,5,71,1,24,22
53384394,0,,,385,185,200,40,22,18,345,163,182,209,101,108,338,163,175,332,159,173,136,62,74,73,33,40,26,11,15,3,1,2,5,0,5,159,159,42,51,38,18,6,3,1,117,100,17,8,91,0,22,22
53384395,0,,,600,302,298,51,33,18,549,269,280,330,166,164,527,257,270,515,252,263,219,103,116,106,42,64,52,16,36,2,0,2,8,5,3,244,244,60,91,39,31,21,2,0,182,159,23,10,145,9,35,52
53384396,0,,,126,66,60,5,3,2,121,63,58,71,39,32,120,63,57,119,62,57,50,24,26,25,12,13,7,4,3,0,0,0,0,0,0,48,48,9,17,10,9,2,0,1,39,31,8,1,34,0,5,8
53384397,0,,,19,9,10,1,1,0,18,8,10,7,4,3,18,8,10,18,8,10,11,4,7,4,1,3,2,0,2,0,0,0,0,0,0,12,12,6,5,1,0,0,0,0,6,6,0,0,9,0,6,2
53384398,0,,,55,28,27,2,2,0,53,26,27,20,10,10,52,25,27,51,24,27,33,16,17,18,7,11,9,2,7,0,0,0,1,0,1,25,25,9,9,3,2,1,1,0,16,13,3,1,23,0,9,6
53384399,0,,,119,60,59,8,4,4,111,56,55,61,33,28,110,55,55,108,53,55,50,23,27,24,10,14,9,3,6,0,0,0,0,0,0,43,43,9,14,6,9,3,1,1,34,24,10,1,35,0,7,10
53384400,0,,,1308,626,682,137,60,77,1071,507,564,649,336,313,1047,490,557,1028,483,545,422,171,251,220,81,139,84,24,60,10,2,8,9,3,6,501,498,135,166,94,72,23,6,2,335,297,38,39,243,10,66,69
53384401,0,,,4555,2312,2243,551,284,267,3700,1853,1847,2693,1396,1297,3592,1793,1799,3521,1752,1769,1007,457,550,453,197,256,92,35,57,3,0,3,84,48,36,2104,2103,785,625,381,224,65,16,7,1258,1165,93,188,682,117,172,222
53384402,0,,,6057,3017,3040,864,442,422,4864,2382,2482,3660,1837,1823,4687,2294,2393,4574,2228,2346,1204,545,659,597,245,352,178,55,123,17,5,12,83,48,35,2533,2529,832,706,495,358,104,27,7,1609,1482,127,286,728,130,207,226
53384403,0,,,4111,1997,2114,557,282,275,3431,1647,1784,2562,1315,1247,3202,1467,1735,3089,1409,1680,869,332,537,504,181,323,203,58,145,24,3,21,56,25,31,1776,1772,691,479,288,246,49,14,5,1060,986,74,166,535,141,163,165
53384404,0,,,3687,1737,1950,318,162,156,3230,1500,1730,2081,1049,1032,3160,1467,1693,3057,1421,1636,1149,451,698,682,249,433,249,80,169,11,3,8,64,26,38,1963,1959,985,519,262,135,45,11,2,955,858,97,85,803,196,301,228
53384405,0,,,6618,3262,3356,585,300,285,5779,2801,2978,3717,1982,1735,5644,2734,2910,5499,2649,2850,2062,819,1243,1138,412,726,434,125,309,49,13,36,142,67,75,3473,3464,1786,910,451,219,79,16,3,1654,1477,177,171,1378,342,528,370
53384406,0,,,1169,552,617,115,51,64,1034,486,548,624,322,302,1003,467,536,983,456,527,410,164,246,244,86,158,85,22,63,13,2,11,25,11,14,541,539,217,156,95,50,15,6,0,316,283,33,30,261,21,96,76
53384407,1,,53384408;53384418,674,347,327,84,42,42,585,303,282,395,208,187,569,292,277,564,289,275,190,95,95,80,37,43,23,8,15,3,0,3,5,2,3,286,286,95,92,49,38,15,5,0,193,178,15,21,134,10,43,43
53384408,2,53384407,,3,2,1,*,*,*,*,*,*,*,*,*,*,*,*,*,*,*,*,*,*,*,*,*,*,*,*,*,*,*,*,*,*,3,3,*,*,*,*,*,*,*,*,*,*,*,*,*,*,*
53384409,2,53384417,,4,4,0,*,*,*,*,*,*,*,*,*,*,*,*,*,*,*,*,*,*,*,*,*,*,*,*,*,*,*,*,*,*,4,4,*,*,*,*,*,*,*,*,*,*,*,*,*,*,*
53384410,0,,,2491,1174,1317,515,258,257,1926,886,1040,1416,707,709,1838,843,995,1793,813,980,510,179,331,315,84,231,171,29,142,32,2,30,11,4,7,823,817,177,220,164,172,59,19,6,623,576,47,150,191,22,39,63
53384411,0,,,4810,2327,2483,613,320,293,4015,1905,2110,2606,1263,1343,3887,1839,2048,3825,1809,2016,1409,642,767,659,268,391,183,65,118,15,5,10,52,28,24,1959,1957,447,722,405,262,95,17,9,1461,1325,136,168,927,32,201,324
53384412,0,,,4703,2279,2424,608,288,320,3825,1833,1992,2682,1341,1341,3675,1754,1921,3618,1720,1898,1143,492,651,574,243,331,179,68,111,17,4,13,45,19,26,1973,1967,604,592,369,288,84,24,6,1301,1187,114,183,765,61,216,241
53384413,0,,,4886,2170,2716,586,265,321,4231,1863,2368,2596,1228,1368,4099,1802,2297,4013,1765,2248,1635,635,1000,1031,360,671,429,132,297,44,9,35,50,19,31,2198,2193,801,725,334,242,70,14,7,1365,1251,114,152,1046,84,392,320
53384414,0,,,4355,2048,2307,492,252,240,3775,1739,2036,2330,1156,1174,3653,1680,1973,3561,1626,1935,1445,583,862,882,323,559,368,114,254,40,13,27,103,46,57,2107,2104,889,647,305,189,59,13,2,1199,1102,97,116,961,111,377,274
53384415,0,,,5416,2809,2607,503,260,243,4677,2385,2292,3170,1745,1425,4550,2315,2235,4315,2175,2140,1507,640,867,883,335,548,363,122,241,25,10,15,142,80,62,3079,3077,1845,645,305,195,71,12,4,1222,1114,108,127,1089,624,446,295
53384416,0,,,3339,1821,1518,280,136,144,2860,1565,1295,2044,1209,835,2791,1532,1259,2604,1402,1202,816,356,460,434,173,261,132,47,85,15,3,12,91,53,38,1878,1875,1106,397,179,156,32,2,3,757,683,74,71,565,408,180,184
53384417,1,,53384409,41,21,20,7,3,4,36,20,16,16,8,8,36,20,16,35,20,15,20,12,8,14,10,4,5,3,2,0,0,0,0,0,0,17,17,6,10,2,2,1,0,0,15,14,1,2,12,2,2,7
53384418,2,53384407,,6,2,4,*,*,*,*,*,*,*,*,*,*,*,*,*,*,*,*,*,*,*,*,*,*,*,*,*,*,*,*,*,*,5,5,*,*,*,*,*,*,*,*,*,*,*,*,*,*,*
53384420,0,,,2167,1083,1084,328,163,165,1749,867,882,1284,669,615,1677,828,849,1646,810,836,465,198,267,222,82,140,83,25,58,13,3,10,20,8,12,859,857,233,242,187,139,42,13,1,597,543,54,106,291,29,72,83
53384421,0,,,2915,1463,1452,415,223,192,2369,1162,1207,1604,815,789,2296,1131,1165,2254,1104,1150,765,347,418,383,170,213,95,41,54,2,1,1,13,2,11,1214,1212,323,397,264,161,56,9,2,847,757,90,118,519,24,129,182
53384422,0,,,3583,1711,1872,381,175,206,3072,1458,1614,1952,980,972,2972,1415,1557,2914,1380,1534,1120,478,642,592,245,347,185,73,112,13,3,10,22,11,11,1514,1512,437,512,283,202,56,17,5,1036,915,121,119,730,37,185,228
53384423,0,,,4944,2304,2640,555,282,273,4368,2009,2359,2599,1276,1323,4222,1929,2293,4141,1878,2263,1769,733,1036,962,381,581,285,100,185,18,5,13,47,17,30,2182,2179,674,774,365,266,74,22,4,1492,1361,131,155,1214,44,408,374
53384424,0,,,877,404,473,93,50,43,757,338,419,422,223,199,738,329,409,725,321,404,335,115,220,206,58,148,102,21,81,22,0,22,9,7,2,285,280,101,82,47,36,13,1,0,178,166,12,25,93,23,22,31
53384425,0,,,3819,1974,1845,446,225,221,3258,1661,1597,2197,1187,1010,3161,1619,1542,3025,1535,1490,1061,474,587,560,240,320,178,72,106,15,7,8,48,26,22,1870,1869,851,468,273,193,69,11,4,1004,930,74,111,737,239,255,225
53384426,0,,,1093,533,560,142,74,68,928,445,483,569,297,272,908,435,473,866,408,458,359,148,211,217,85,132,88,35,53,10,3,7,11,8,3,486,485,184,140,78,53,21,7,2,300,268,32,27,221,44,61,73
53384430,0,,,1338,663,675,282,149,133,1007,491,516,716,358,358,969,470,499,950,460,490,291,133,158,166,73,93,50,22,28,3,0,3,14,5,9,465,465,62,149,100,105,40,6,3,390,351,39,70,190,0,37,81
53384431,0,,,1550,725,825,151,70,81,1375,642,733,782,378,404,1337,621,716,1324,617,707,593,264,329,316,136,180,109,35,74,15,3,12,8,4,4,636,632,173,234,110,87,19,7,2,449,391,58,50,344,9,80,121
53384432,0,,,2959,1425,1534,257,147,110,2680,1269,1411,1635,815,820,2596,1217,1379,2545,1193,1352,1045,454,591,556,227,329,165,59,106,5,1,4,27,11,16,1206,1203,260,474,261,146,41,17,4,926,829,97,56,661,2,151,230
53384433,0,,,1454,674,780,161,79,82,1278,589,689,757,370,387,1246,574,672,1225,562,663,521,219,302,286,107,179,118,35,83,18,3,15,7,3,4,593,590,164,212,107,79,23,4,1,419,382,37,45,296,11,79,102
53384434,0,,,109,43,66,1,0,1,105,40,65,37,27,10,105,40,65,104,39,65,68,13,55,58,6,52,48,4,44,12,0,12,0,0,0,23,21,14,6,0,1,0,0,0,6,6,0,0,4,4,2,0
53384435,0,,,388,166,222,29,19,10,358,146,212,148,73,75,350,143,207,348,142,206,210,73,137,147,41,106,90,18,72,18,2,16,0,0,0,117,115,25,43,23,12,5,5,2,88,65,23,6,77,1,14,22
53384436,0,,,248,116,132,20,14,6,228,102,126,103,49,54,225,99,126,223,99,124,125,53,72,57,24,33,12,4,8,1,1,0,2,1,1,101,101,17,52,16,6,6,3,1,82,67,15,3,79,1,12,32
53384437,0,,,53,25,28,1,0,1,52,25,27,23,11,12,52,25,27,51,25,26,29,14,15,18,9,9,6,2,4,0,0,0,0,0,0,26,26,9,10,5,1,1,0,0,17,15,2,0,21,0,7,7
53384440,0,,,28,13,15,6,1,5,17,10,7,15,8,7,17,10,7,15,8,7,2,2,0,1,1,0,0,0,0,0,0,0,0,0,0,10,10,2,3,0,5,0,0,0,6,6,0,3,2,0,1,1
53384441,0,,,70,41,29,4,2,2,66,39,27,55,34,21,66,39,27,65,39,26,11,5,6,6,1,5,2,0,2,0,0,0,0,0,0,8,7,1,2,1,2,1,0,0,6,4,2,1,5,0,1,1
53384443,2,53384444,,3,2,1,*,*,*,*,*,*,*,*,*,*,*,*,*,*,*,*,*,*,*,*,*,*,*,*,*,*,*,*,*,*,2,2,*,*,*,*,*,*,*,*,*,*,*,*,*,*,*
53384444,1,,53384443,161,80,81,2,1,1,162,81,81,88,42,46,158,80,78,153,77,76,74,39,35,34,16,18,11,3,8,1,1,0,0,0,0,74,74,20,34,14,6,2,0,0,56,49,7,2,53,0,13,20
53384445,0,,,22,9,13,1,0,1,21,9,12,9,3,6,21,9,12,21,9,12,12,6,6,1,0,1,1,0,1,0,0,0,0,0,0,9,9,1,5,1,2,0,0,0,8,6,2,0,8,0,1,4
53384447,0,,,82,40,42,2,1,1,80,39,41,39,21,18,79,38,41,78,37,41,41,18,23,26,10,16,9,7,2,0,0,0,0,0,0,32,31,12,12,3,2,1,1,0,19,17,2,1,27,0,11,8
53384451,1,,53384461,70,39,31,3,3,0,72,38,34,36,22,14,69,35,34,68,35,33,36,16,20,25,11,14,7,3,4,1,0,1,0,0,0,28,28,15,9,3,1,2,2,1,18,11,7,1,26,0,14,4
53384452,0,,,188,92,96,13,6,7,175,86,89,92,46,46,173,85,88,173,85,88,83,40,43,38,17,21,15,3,12,2,0,2,0,0,0,77,77,21,24,18,10,1,2,1,55,44,11,4,59,0,20,13
53384453,0,,,251,122,129,15,7,8,231,113,118,142,71,71,225,110,115,218,106,112,89,42,47,44,16,28,15,5,10,2,1,1,1,0,1,107,107,31,39,17,12,6,1,1,74,60,14,4,66,1,22,16
53384454,0,,,100,52,48,1,0,1,99,52,47,63,35,28,99,52,47,98,51,47,36,17,19,18,7,11,2,1,1,0,0,0,3,1,2,11,9,2,5,2,0,0,0,0,7,7,0,1,8,0,2,3
53384455,1,,53384456,198,96,102,7,2,5,200,98,102,89,43,46,188,90,98,186,90,96,111,55,56,55,23,32,32,12,20,5,1,4,2,2,0,86,86,26,37,16,8,3,2,0,65,53,12,0,77,0,23,22
53384456,2,53384455,,9,4,5,*,*,*,*,*,*,*,*,*,*,*,*,*,*,*,*,*,*,*,*,*,*,*,*,*,*,*,*,*,*,6,6,*,*,*,*,*,*,*,*,*,*,*,*,*,*,*
53384457,2,53384478,,5,2,3,*,*,*,*,*,*,*,*,*,*,*,*,*,*,*,*,*,*,*,*,*,*,*,*,*,*,*,*,*,*,2,2,*,*,*,*,*,*,*,*,*,*,*,*,*,*,*
53384458,2,53384478,,6,2,4,*,*,*,*,*,*,*,*,*,*,*,*,*,*,*,*,*,*,*,*,*,*,*,*,*,*,*,*,*,*,4,4,*,*,*,*,*,*,*,*,*,*,*,*,*,*,*
53384461,2,53384451,,5,2,3,*,*,*,*,*,*,*,*,*,*,*,*,*,*,*,*,*,*,*,*,*,*,*,*,*,*,*,*,*,*,5,5,*,*,*,*,*,*,*,*,*,*,*,*,*,*,*
53384462,0,,,82,40,42,0,0,0,82,40,42,44,22,22,82,40,42,80,38,42,38,18,20,23,10,13,7,3,4,0,0,0,0,0,0,33,33,7,14,5,5,1,0,1,26,19,7,0,26,0,3,7
53384463,1,,53384464;53384473;53384484,136,65,71,7,4,3,141,67,74,77,37,40,140,67,73,138,67,71,64,30,34,34,16,18,14,7,7,4,3,1,4,1,3,65,65,36,24,5,4,3,3,0,38,29,9,1,47,0,22,11
53384464,2,53384463,,2,1,1,*,*,*,*,*,*,*,*,*,*,*,*,*,*,*,*,*,*,*,*,*,*,*,*,*,*,*,*,*,*,2,2,*,*,*,*,*,*,*,*,*,*,*,*,*,*,*
53384468,2,53384478,,2,1,1,*,*,*,*,*,*,*,*,*,*,*,*,*,*,*,*,*,*,*,*,*,*,*,*,*,*,*,*,*,*,1,1,*,*,*,*,*,*,*,*,*,*,*,*,*,*,*
53384472,0,,,112,58,54,14,5,9,92,50,42,44,25,19,88,49,39,88,49,39,48,25,23,23,10,13,6,2,4,1,0,1,0,0,0,41,41,10,16,5,2,4,1,3,29,19,10,5,33,0,7,8
53384473,2,53384463,,5,3,2,*,*,*,*,*,*,*,*,*,*,*,*,*,*,*,*,*,*,*,*,*,*,*,*,*,*,*,*,*,*,4,4,*,*,*,*,*,*,*,*,*,*,*,*,*,*,*
53384478,1,,53384457;53384458;53384468;53384479,9,4,5,1,0,1,27,12,15,12,6,6,27,12,15,27,12,15,15,6,9,15,6,9,9,3,6,1,1,0,1,1,0,3,3,5,6,1,2,0,0,0,9,8,1,0,10,0,3,4
53384479,2,53384478,,6,3,3,*,*,*,*,*,*,*,*,*,*,*,*,*,*,*,*,*,*,*,*,*,*,*,*,*,*,*,*,*,*,4,4,*,*,*,*,*,*,*,*,*,*,*,*,*,*,*
53384480,0,,,12,6,6,0,0,0,12,6,6,8,4,4,12,6,6,12,6,6,4,2,2,4,2,2,2,1,1,0,0,0,1,1,0,6,6,0,6,0,0,0,0,0,6,6,0,0,3,0,0,1
53384481,0,,,14,7,7,0,0,0,14,7,7,6,4,2,14,7,7,14,7,7,8,3,5,3,2,1,0,0,0,0,0,0,0,0,0,6,6,1,3,1,1,0,0,0,5,4,1,0,5,0,1,2
53384482,0,,,38,15,23,0,0,0,37,15,22,16,6,10,37,15,22,37,15,22,21,9,12,13,5,8,7,3,4,1,0,1,0,0,0,18,18,7,6,2,2,1,0,0,11,9,2,0,15,0,6,3
53384484,2,53384463,,5,2,3,*,*,*,*,*,*,*,*,*,*,*,*,*,*,*,*,*,*,*,*,*,*,*,*,*,*,*,*,*,*,4,4,*,*,*,*,*,*,*,*,*,*,*,*,*,*,*
53384485,0,,,9,5,4,0,0,0,9,5,4,1,0,1,9,5,4,9,5,4,8,5,3,7,4,3,4,3,1,0,0,0,0,0,0,6,6,3,3,0,0,0,0,0,3,2,1,0,6,0,3,1
53384492,0,,,13,7,6,1,1,0,12,6,6,5,3,2,11,5,6,11,5,6,7,3,4,5,2,3,1,0,1,0,0,0,0,0,0,7,7,4,1,1,1,0,0,0,3,2,1,0,5,0,3,1
53384493,0,,,12,5,7,0,0,0,11,5,6,5,3,2,11,5,6,11,5,6,6,2,4,4,0,4,2,0,2,0,0,0,0,0,0,10,10,9,0,1,0,0,0,0,1,1,0,0,6,0,6,0
53384496,0,,,17,10,7,0,0,0,17,10,7,9,5,4,17,10,7,17,10,7,8,5,3,5,3,2,2,1,1,0,0,0,0,0,0,9,9,5,2,1,0,1,0,0,4,4,0,0,6,0,3,1
53384499,0,,,12,6,6,0,0,0,12,6,6,3,2,1,12,6,6,12,6,6,9,4,5,6,2,4,3,1,2,0,0,0,0,0,0,8,8,5,2,1,0,0,0,0,3,3,0,0,7,0,5,1
53384501,0,,,543,251,292,75,34,41,458,210,248,315,148,167,447,206,241,437,202,235,143,62,81,76,30,46,24,7,17,1,0,1,4,0,4,224,224,67,69,39,31,14,2,2,153,124,29,18,102,7,25,26
53384502,0,,,1554,764,790,237,117,120,1308,642,666,916,464,452,1258,621,637,1231,608,623,392,178,214,212,91,121,62,21,41,5,2,3,11,5,6,600,599,160,170,113,99,45,10,2,434,381,53,57,254,16,67,76
53384503,0,,,1021,479,542,144,70,74,875,407,468,575,272,303,846,393,453,828,387,441,300,135,165,131,59,72,44,20,24,5,2,3,14,9,5,376,376,72,124,79,66,19,9,7,302,244,58,38,205,1,45,49
53384504,0,,,1391,657,734,202,101,101,1175,548,627,782,375,407,1128,532,596,1095,516,579,393,173,220,184,75,109,61,24,37,5,1,4,16,0,16,540,540,128,173,101,93,32,10,3,408,346,62,54,268,18,61,74
53384505,0,,,345,171,174,41,15,26,301,154,147,190,102,88,287,147,140,284,145,139,111,52,59,62,28,34,13,3,10,0,0,0,1,1,0,138,138,41,42,23,17,8,6,1,94,76,18,12,76,0,19,20
53384506,0,,,500,268,232,51,32,19,448,235,213,276,150,126,432,221,211,424,217,207,172,85,87,87,43,44,27,12,15,1,1,0,3,1,2,170,170,29,51,38,22,20,5,5,141,107,34,15,110,0,15,31
53384507,0,,,586,288,298,64,37,27,522,251,271,327,173,154,497,235,262,484,227,257,195,78,117,109,36,73,53,14,39,13,3,10,3,2,1,191,190,28,56,40,45,17,4,0,162,131,31,14,103,0,16,35
53384508,0,,,876,405,471,121,64,57,753,340,413,460,216,244,720,325,395,702,316,386,293,124,169,163,59,104,78,23,55,16,5,11,7,2,5,312,311,66,118,57,45,17,5,3,243,211,32,20,139,3,35,48
53384509,0,,,443,213,230,45,24,21,398,189,209,237,113,124,389,187,202,385,185,200,161,76,85,78,32,46,22,9,13,2,1,1,0,0,0,170,170,39,52,37,27,10,4,1,128,102,26,15,103,0,22,25
53384512,0,,,1144,546,598,204,104,100,936,440,496,620,313,307,900,420,480,889,414,475,316,127,189,179,54,125,80,19,61,14,1,13,8,4,4,392,391,63,123,72,93,29,8,3,326,276,50,63,194,1,37,52
53384513,0,,,963,467,496,99,50,49,860,414,446,528,268,260,826,399,427,807,388,419,332,146,186,196,79,117,75,29,46,5,4,1,11,5,6,354,353,81,107,79,45,26,14,1,271,223,48,26,202,7,43,54
53384514,0,,,1321,641,680,148,80,68,1152,549,603,701,353,348,1114,527,587,1086,515,571,451,196,255,240,103,137,84,33,51,6,4,2,3,1,2,505,504,114,173,102,61,34,11,9,384,310,74,29,290,7,58,84
53384515,0,,,1422,663,759,182,88,94,1226,567,659,804,375,429,1185,546,639,1157,536,621,422,192,230,227,94,133,82,34,48,7,2,5,3,3,0,582,582,164,182,111,85,27,7,6,416,367,49,57,293,7,91,84
53384516,0,,,588,285,303,57,29,28,531,256,275,384,196,188,502,244,258,487,235,252,147,60,87,82,28,54,32,7,25,3,0,3,1,0,1,192,191,21,64,44,39,18,3,2,169,146,23,14,78,0,15,20
53384517,0,,,861,408,453,90,44,46,770,363,407,471,221,250,743,350,393,717,337,380,299,142,157,166,73,93,45,16,29,3,0,3,4,0,4,317,317,62,98,68,57,22,9,1,255,211,44,15,190,1,49,66
53384518,0,,,469,240,229,48,26,22,419,213,206,242,134,108,408,207,201,402,202,200,177,79,98,98,46,52,33,11,22,3,0,3,0,0,0,151,150,22,50,40,24,9,5,0,128,106,22,8,99,0,15,24
53384519,0,,,437,221,216,40,26,14,397,195,202,237,127,110,386,188,198,379,184,195,160,68,92,94,37,57,40,13,27,1,1,0,1,1,0,153,153,24,45,38,31,10,2,3,129,85,44,8,111,0,20,22
53384522,0,,,849,406,443,101,50,51,744,354,390,477,227,250,713,338,375,701,333,368,267,127,140,133,64,69,30,10,20,1,0,1,6,3,3,308,308,55,113,56,50,17,7,10,252,205,47,15,179,8,33,58
53384523,0,,,1460,773,687,191,112,79,1258,653,605,773,412,361,1225,635,590,1201,623,578,485,241,244,216,93,123,71,25,46,7,2,5,10,4,6,492,488,137,139,85,79,33,11,4,348,295,53,57,234,25,49,61
53384524,0,,,1823,850,973,138,77,61,1654,754,900,973,478,495,1606,727,879,1572,710,862,681,276,405,382,131,251,141,39,102,9,3,6,7,2,5,724,719,272,211,125,65,37,8,1,444,364,80,41,369,20,116,92
53384525,0,,,2255,1071,1184,264,136,128,1961,914,1047,1181,583,598,1913,889,1024,1880,870,1010,780,331,449,442,173,269,195,48,147,17,3,14,11,3,8,906,904,259,278,180,130,47,8,2,638,555,83,84,467,19,118,146
53384526,0,,,1501,699,802,187,84,103,1308,611,697,885,434,451,1259,590,669,1229,572,657,423,177,246,250,100,150,95,33,62,14,4,10,12,11,1,552,550,114,173,124,85,35,12,7,434,373,61,35,264,16,54,81
53384527,0,,,479,232,247,63,26,37,414,204,210,276,142,134,398,195,203,390,190,200,138,62,76,75,32,43,20,8,12,2,1,1,1,0,1,178,178,37,58,38,25,13,3,4,140,118,22,18,88,2,18,30
53384528,0,,,719,318,401,60,32,28,652,282,370,352,174,178,638,275,363,626,271,355,300,108,192,170,44,126,98,19,79,29,3,26,12,4,8,259,256,65,80,65,32,9,2,3,188,159,29,17,130,10,24,37
53384529,0,,,157,72,85,19,6,13,138,66,72,74,38,36,135,63,72,133,63,70,64,28,36,31,11,20,12,6,6,4,1,3,0,0,0,60,60,13,23,11,5,6,1,1,47,38,9,4,41,1,8,13
53384532,0,,,118,55,63,6,3,3,112,52,60,60,31,29,109,50,59,109,50,59,52,21,31,27,11,16,10,2,8,0,0,0,0,0,0,53,53,14,25,4,8,2,0,0,39,37,2,1,37,0,9,11
53384533,0,,,14,6,8,3,1,2,11,5,6,5,2,3,11,5,6,11,5,6,6,3,3,4,2,2,1,1,0,0,0,0,0,0,0,5,5,0,3,0,2,0,0,0,5,4,1,1,3,0,0,2
53384534,0,,,556,264,292,58,24,34,493,237,256,327,166,161,471,220,251,461,217,244,166,71,95,88,29,59,22,7,15,2,0,2,2,0,2,236,236,82,68,38,31,9,5,3,151,125,26,15,120,4,37,26
53384535,0,,,3076,1476,1600,437,228,209,2604,1224,1380,1682,828,854,2522,1180,1342,2468,1149,1319,922,396,526,497,186,311,193,58,135,25,4,21,15,6,9,1239,1234,373,346,241,185,70,16,3,848,752,96,129,593,29,194,163
53384536,0,,,2171,1000,1171,335,173,162,1815,814,1001,1288,595,693,1727,771,956,1672,747,925,527,219,308,260,103,157,86,25,61,6,2,4,11,3,8,898,898,256,285,163,132,48,11,3,636,570,66,89,374,12,127,106
53384537,0,,,1714,809,905,254,124,130,1451,679,772,1009,494,515,1391,648,743,1352,629,723,442,185,257,247,91,156,102,36,66,8,0,8,5,1,4,622,621,138,185,137,96,43,16,6,475,407,68,65,262,16,67,72
53384538,0,,,1505,691,814,158,89,69,1346,601,745,814,388,426,1312,582,730,1279,572,707,532,213,319,298,99,199,162,42,120,35,6,29,15,3,12,572,570,171,155,118,75,34,13,4,396,327,69,46,309,8,102,62
53384539,0,,,403,200,203,33,15,18,370,185,185,219,115,104,358,176,182,353,173,180,151,70,81,78,36,42,26,14,12,3,2,1,2,1,1,155,155,28,58,38,19,6,3,3,125,101,24,10,101,1,17,26
53384543,0,,,62,32,30,2,2,0,59,29,30,32,17,15,56,27,29,53,25,28,27,12,15,8,3,5,2,1,1,0,0,0,0,0,0,27,27,10,6,5,5,1,0,0,17,15,2,0,18,0,7,4
53384544,0,,,780,363,417,65,31,34,715,332,383,384,186,198,693,322,371,682,317,365,331,146,185,177,69,108,76,21,55,16,0,16,2,1,1,271,270,55,87,51,55,15,3,4,213,174,39,11,186,0,40,52
53384545,0,,,1359,652,707,167,81,86,1185,565,620,745,360,385,1149,547,602,1128,536,592,440,205,235,232,102,130,75,29,46,6,1,5,5,1,4,522,522,104,178,109,92,31,7,1,414,343,71,42,289,3,56,93
53384546,0,,,1179,571,608,135,71,64,1038,496,542,631,317,314,1003,474,529,980,462,518,407,179,228,204,88,116,60,23,37,6,1,5,3,0,3,476,474,118,165,90,75,17,8,1,353,326,27,26,267,1,82,78
53384547,0,,,1999,955,1044,227,123,104,1767,829,938,1053,526,527,1699,791,908,1656,768,888,714,303,411,385,141,244,135,39,96,13,1,12,24,7,17,797,794,238,259,143,106,35,7,6,552,491,61,54,450,13,155,130
53384548,0,,,2799,1330,1469,279,133,146,2507,1187,1320,1448,713,735,2433,1147,1286,2393,1131,1262,1059,474,585,574,238,336,213,83,130,18,5,13,21,6,15,1183,1183,350,393,219,138,55,21,7,823,684,139,72,730,20,206,210
53384549,0,,,984,479,505,87,36,51,895,442,453,569,292,277,865,426,439,852,421,431,326,150,176,168,73,95,48,15,33,2,1,1,5,2,3,411,411,133,119,74,50,23,8,4,275,228,47,23,230,10,66,47
53384553,0,,,394,192,202,36,13,23,358,179,179,199,105,94,351,173,178,345,171,174,159,74,85,87,39,48,35,16,19,3,2,1,1,0,1,148,148,31,51,25,27,7,6,1,115,92,23,7,105,0,22,31
53384554,0,,,554,256,298,58,28,30,496,228,268,294,140,154,484,224,260,473,221,252,202,88,114,96,35,61,33,11,22,1,0,1,0,0,0,201,201,32,68,45,35,16,4,1,169,134,35,9,139,0,29,36
53384555,0,,,387,197,190,33,21,12,352,175,177,212,107,105,343,172,171,337,167,170,140,68,72,66,27,39,24,10,14,1,0,1,3,1,2,161,161,43,59,30,16,7,5,1,118,97,21,9,102,0,24,25
53384556,0,,,1035,506,529,97,49,48,932,453,479,556,273,283,894,430,464,873,422,451,376,180,196,171,75,96,55,20,35,5,1,4,4,4,0,399,399,86,147,74,49,29,8,6,310,265,45,15,249,4,54,76
53384557,0,,,1022,514,508,103,55,48,919,459,460,540,277,263,888,445,443,872,437,435,379,182,197,178,81,97,59,23,36,4,0,4,5,1,4,407,407,99,138,78,62,19,8,3,304,258,46,17,256,1,67,71
53384558,0,,,1184,581,603,99,59,40,1085,522,563,645,329,316,1043,507,536,1018,496,522,440,193,247,247,103,144,80,31,49,4,2,2,12,3,9,474,474,121,154,99,62,21,14,3,352,295,57,25,300,3,81,78
53384559,0,,,573,284,289,57,24,33,516,260,256,304,158,146,495,249,246,485,244,241,212,102,110,121,58,63,38,15,23,3,0,3,4,2,2,202,202,41,59,38,36,18,7,3,161,120,41,9,136,1,29,32
53384561,0,,,29,16,13,1,1,0,28,15,13,12,5,7,28,15,13,28,15,13,16,10,6,8,4,4,4,2,2,0,0,0,1,0,1,11,11,0,6,3,2,0,0,0,11,9,2,0,10,0,0,4
53384562,0,,,84,39,45,1,1,0,83,38,45,32,13,19,83,38,45,83,38,45,51,25,26,28,12,16,6,1,5,1,0,1,0,0,0,37,37,8,17,7,4,1,0,0,29,23,6,0,33,0,6,9
53384563,0,,,92,49,43,8,4,4,84,45,39,36,19,17,82,44,38,80,43,37,48,26,22,23,11,12,10,5,5,2,0,2,0,0,0,36,36,11,12,4,5,1,1,2,25,19,6,1,30,0,9,8
53384564,0,,,43,21,22,8,3,5,35,18,17,23,13,10,35,18,17,33,17,16,12,5,7,6,2,4,5,2,3,1,0,1,0,0,0,15,15,3,2,4,6,0,0,0,12,11,1,3,7,0,3,1
53384565,0,,,339,161,178,35,21,14,299,138,161,174,85,89,287,132,155,281,127,154,125,53,72,67,28,39,23,9,14,1,0,1,8,3,5,136,136,38,41,25,21,7,3,1,97,79,18,7,91,0,31,17
53384566,0,,,335,152,183,37,18,19,298,134,164,145,63,82,290,131,159,285,130,155,153,71,82,76,34,42,19,5,14,3,0,3,0,0,0,129,129,21,52,30,18,3,3,2,107,87,20,8,96,0,18,35
53384567,0,,,835,409,426,95,56,39,740,353,387,429,215,214,720,340,380,705,335,370,311,138,173,125,46,79,47,15,32,3,1,2,3,0,3,311,311,59,109,68,42,19,8,6,252,193,59,21,209,1,44,57
53384568,0,,,223,104,119,13,4,9,210,100,110,117,61,56,206,97,109,203,95,108,93,39,54,51,18,33,15,2,13,2,0,2,0,0,0,93,93,23,37,16,10,5,1,1,68,57,11,2,63,0,19,20
53384569,0,,,254,125,129,18,9,9,236,116,120,118,63,55,234,115,119,227,111,116,118,53,65,49,20,29,19,7,12,2,0,2,1,1,0,104,104,21,46,21,8,4,3,1,83,69,14,8,80,2,16,27
53384570,2,53384571,,7,3,4,*,*,*,*,*,*,*,*,*,*,*,*,*,*,*,*,*,*,*,*,*,*,*,*,*,*,*,*,*,*,5,5,*,*,*,*,*,*,*,*,*,*,*,*,*,*,*
53384571,1,,53384570,6,4,2,3,3,0,10,4,6,4,2,2,9,4,5,9,4,5,6,2,4,5,1,4,3,1,2,0,0,0,0,0,0,1,1,3,2,0,0,0,1,0,3,3,0,0,5,0,3,1
53384575,0,,,19,10,9,1,1,0,18,9,9,14,7,7,17,8,9,17,8,9,4,2,2,1,0,1,0,0,0,0,0,0,0,0,0,6,6,1,1,2,0,2,0,0,5,4,1,0,3,0,1,1
53384576,0,,,253,125,128,23,9,14,230,116,114,132,67,65,222,109,113,221,108,113,98,49,49,57,25,32,22,10,12,2,1,1,1,0,1,103,103,29,36,16,10,9,2,1,73,60,13,6,69,0,18,19
53384577,0,,,988,479,509,125,71,54,863,408,455,550,280,270,826,387,439,804,377,427,313,128,185,169,64,105,58,17,41,5,2,3,2,0,2,360,360,69,117,71,59,31,11,2,288,235,53,28,210,4,42,54
53384578,0,,,82,40,42,18,10,8,64,30,34,48,24,24,62,29,33,59,27,32,16,6,10,5,1,4,2,1,1,1,0,1,0,0,0,27,27,6,6,4,6,2,3,0,21,16,5,5,12,0,3,2
53384579,0,,,260,132,128,24,15,9,236,117,119,135,71,64,233,115,118,224,108,116,101,46,55,48,21,27,19,7,12,2,1,1,1,1,0,108,108,32,36,17,13,7,3,0,76,60,16,1,74,0,25,15
53384582,0,,,10,5,5,0,0,0,10,5,5,3,1,2,10,5,5,10,5,5,7,4,3,3,2,1,1,1,0,0,0,0,0,0,0,4,4,1,1,1,1,0,0,0,3,3,0,0,4,0,1,1
53384583,0,,,87,44,43,3,3,0,83,40,43,45,24,21,82,40,42,80,39,41,38,16,22,14,5,9,6,0,6,1,0,1,0,0,0,39,39,16,7,10,3,3,0,0,23,17,6,1,28,0,11,3
53384584,0,,,218,113,105,17,10,7,197,101,96,98,53,45,191,98,93,188,96,92,99,48,51,52,21,31,18,8,10,2,0,2,1,0,1,85,85,21,25,23,7,4,5,0,61,50,11,2,65,0,15,18
53384585,0,,,17,9,8,0,0,0,17,9,8,6,3,3,17,9,8,17,9,8,11,6,5,5,3,2,2,1,1,0,0,0,0,0,0,7,7,0,5,1,1,0,0,0,7,6,1,0,7,0,0,3
53384586,0,,,225,108,117,11,5,6,211,102,109,117,60,57,206,98,108,203,97,106,94,42,52,50,19,31,23,9,14,1,0,1,1,0,1,96,96,28,30,20,13,5,0,0,67,54,13,3,66,2,19,15
53384587,0,,,520,239,281,50,25,25,470,214,256,226,116,110,465,210,255,459,208,251,244,98,146,148,54,94,69,22,47,11,1,10,1,0,1,211,211,49,80,44,22,7,8,1,161,132,29,16,153,1,37,40
53384589,0,,,210,111,99,20,11,9,190,100,90,99,57,42,187,98,89,180,92,88,91,43,48,48,19,29,14,5,9,1,1,0,1,0,1,74,74,14,25,13,11,5,4,2,60,43,17,6,58,0,9,10
53384590,0,,,43,18,25,0,0,0,43,18,25,19,7,12,41,18,23,41,18,23,24,11,13,17,7,10,7,2,5,0,0,0,0,0,0,24,24,14,6,1,1,2,0,0,10,7,3,0,18,0,9,4
53384591,0,,,59,29,30,2,2,0,57,27,30,22,11,11,54,25,29,54,25,29,35,16,19,20,9,11,9,3,6,1,1,0,0,0,0,28,28,9,12,3,3,1,0,0,19,15,4,0,24,0,8,9
53384592,0,,,137,65,72,9,2,7,128,63,65,67,40,27,122,58,64,118,57,61,61,23,38,35,12,23,11,2,9,1,0,1,0,0,0,55,55,21,17,8,2,2,2,3,34,24,10,0,40,1,12,8
53384593,0,,,31,17,14,3,3,0,28,14,14,15,9,6,28,14,14,28,14,14,13,5,8,10,4,6,2,1,1,1,0,1,0,0,0,14,14,4,6,2,1,1,0,0,10,9,1,0,9,0,3,4
53384594,0,,,47,23,24,2,1,1,45,22,23,15,9,6,42,20,22,42,20,22,30,13,17,22,9,13,2,2,0,0,0,0,0,0,0,25,25,8,13,3,1,0,0,0,17,16,1,0,21,0,7,9
53384595,0,,,349,184,165,30,18,12,319,166,153,168,93,75,316,163,153,310,159,151,151,73,78,74,34,40,26,13,13,5,2,3,2,1,1,139,139,35,49,24,18,7,5,1,104,78,26,4,107,0,28,26
53384596,0,,,426,217,209,44,27,17,382,190,192,230,120,110,367,178,189,362,176,186,152,70,82,80,34,46,24,11,13,2,0,2,2,2,0,165,165,35,59,34,21,12,2,2,129,108,21,12,102,1,19,28
53384597,0,,,414,212,202,33,20,13,381,192,189,225,115,110,375,189,186,370,186,184,156,77,79,76,38,38,35,19,16,1,1,0,1,0,1,160,160,36,51,34,27,8,2,2,122,101,21,5,104,0,26,28
53384598,0,,,21,11,10,0,0,0,21,11,10,10,5,5,21,11,10,21,11,10,11,6,5,4,2,2,2,1,1,0,0,0,0,0,0,9,9,1,4,4,0,0,0,0,8,6,2,0,8,0,1,1
53384599,0,,,94,45,49,3,2,1,91,43,48,56,26,30,87,41,46,85,40,45,35,17,18,17,9,8,6,1,5,0,0,0,0,0,0,37,37,10,9,10,5,2,1,0,27,20,7,2,26,0,8,3
53384604,2,53384620,,3,2,1,*,*,*,*,*,*,*,*,*,*,*,*,*,*,*,*,*,*,*,*,*,*,*,*,*,*,*,*,*,*,2,2,*,*,*,*,*,*,*,*,*,*,*,*,*,*,*
53384610,0,,,45,26,19,2,2,0,43,24,19,29,17,12,41,23,18,39,22,17,14,7,7,13,6,7,4,2,2,0,0,0,0,0,0,17,17,4,6,3,1,2,1,0,13,9,4,0,12,0,3,1
53384620,1,,53384604,27,14,13,2,0,2,28,16,12,15,8,7,28,16,12,28,16,12,13,8,5,7,3,4,5,3,2,2,1,1,0,0,0,9,9,2,3,3,2,1,0,0,9,6,3,2,10,0,2,2
53384624,2,53384660,,3,1,2,*,*,*,*,*,*,*,*,*,*,*,*,*,*,*,*,*,*,*,*,*,*,*,*,*,*,*,*,*,*,2,2,*,*,*,*,*,*,*,*,*,*,*,*,*,*,*
53384640,2,53384650,,2,1,1,*,*,*,*,*,*,*,*,*,*,*,*,*,*,*,*,*,*,*,*,*,*,*,*,*,*,*,*,*,*,1,1,*,*,*,*,*,*,*,*,*,*,*,*,*,*,*
53384650,1,,53384640,156,75,81,8,4,4,150,72,78,79,42,37,146,69,77,144,69,75,71,30,41,44,17,27,10,3,7,1,1,0,1,0,1,62,62,14,22,15,6,5,1,0,49,38,11,1,46,0,13,11
53384660,1,,53384624,642,301,341,50,23,27,595,279,316,357,170,187,571,269,302,560,262,298,238,109,129,132,55,77,48,17,31,7,3,4,1,0,1,247,247,46,98,50,33,15,4,3,203,175,28,8,154,0,32,56
53384661,0,,,188,92,96,24,14,10,164,78,86,100,48,52,157,77,80,153,76,77,64,30,34,33,14,19,11,2,9,3,1,2,1,1,0,64,64,8,19,19,10,4,3,1,55,38,17,7,42,0,8,10
53384663,1,,53384664,9,4,5,0,0,0,11,5,6,3,1,2,11,5,6,11,5,6,8,4,4,4,2,2,2,1,1,0,0,0,0,0,0,4,4,2,2,0,0,1,0,0,3,2,1,0,5,0,2,2
53384664,2,53384663,,2,1,1,*,*,*,*,*,*,*,*,*,*,*,*,*,*,*,*,*,*,*,*,*,*,*,*,*,*,*,*,*,*,1,1,*,*,*,*,*,*,*,*,*,*,*,*,*,*,*
53384670,0,,,125,58,67,9,3,6,116,55,61,47,24,23,116,55,61,115,55,60,69,31,38,40,18,22,16,6,10,4,0,4,1,0,1,58,58,18,26,8,5,0,0,1,40,32,8,3,44,0,14,15
53384671,0,,,559,280,279,45,30,15,514,250,264,255,139,116,503,244,259,491,236,255,259,111,148,164,64,100,71,23,48,10,3,7,2,1,1,196,194,44,74,31,28,7,6,4,149,125,24,13,137,1,32,40
53384672,0,,,331,154,177,16,6,10,314,147,167,163,78,85,306,142,164,295,139,156,151,69,82,85,38,47,32,12,20,2,0,2,0,0,0,132,132,30,51,23,15,10,2,1,100,75,25,2,103,0,25,30
53384673,0,,,101,51,50,6,1,5,95,50,45,59,31,28,93,48,45,90,46,44,36,19,17,19,9,10,8,3,5,0,0,0,1,0,1,39,39,9,15,5,6,2,1,1,30,22,8,2,27,0,8,6
53384674,0,,,17,9,8,0,0,0,17,9,8,6,3,3,17,9,8,17,9,8,11,6,5,1,1,0,0,0,0,0,0,0,0,0,0,10,10,4,5,1,0,0,0,0,6,6,0,0,8,0,3,3
53384681,0,,,90,42,48,0,0,0,90,42,48,41,23,18,88,41,47,87,40,47,49,19,30,33,11,22,17,4,13,1,0,1,0,0,0,33,32,7,12,7,4,2,0,0,25,21,4,0,27,0,5,4
53384682,0,,,32,15,17,1,1,0,31,14,17,13,6,7,31,14,17,31,14,17,18,8,10,8,4,4,3,1,2,0,0,0,0,0,0,15,15,5,6,2,1,1,0,0,10,8,2,0,14,0,5,3
53384683,0,,,18,9,9,0,0,0,18,9,9,6,5,1,18,9,9,18,9,9,12,4,8,4,1,3,0,0,0,0,0,0,0,0,0,8,8,2,3,2,1,0,0,0,6,6,0,0,8,0,2,2
53384684,1,,53384694,36,21,15,0,0,0,41,24,17,22,14,8,40,23,17,40,23,17,19,10,9,9,3,6,5,2,3,0,0,0,0,0,0,19,19,8,7,5,1,0,0,0,12,8,4,0,17,0,7,2
53384690,0,,,32,19,13,1,1,0,31,18,13,12,8,4,31,18,13,31,18,13,19,10,9,8,5,3,1,0,1,0,0,0,0,0,0,15,15,5,3,7,0,0,0,0,9,8,1,1,14,0,4,2
53384694,2,53384684,,5,3,2,*,*,*,*,*,*,*,*,*,*,*,*,*,*,*,*,*,*,*,*,*,*,*,*,*,*,*,*,*,*,2,2,*,*,*,*,*,*,*,*,*,*,*,*,*,*,*
53384705,0,,,14,9,5,0,0,0,14,9,5,6,6,0,14,9,5,14,9,5,8,3,5,8,3,5,5,3,2,0,0,0,0,0,0,8,8,3,4,1,0,0,0,0,5,4,1,0,5,0,1,2
53384706,0,,,9,5,4,0,0,0,9,5,4,2,2,0,9,5,4,9,5,4,7,3,4,2,1,1,1,1,0,0,0,0,0,0,0,5,5,2,2,1,0,0,0,0,3,3,0,0,4,0,1,2
53384707,0,,,126,63,63,1,0,1,124,63,61,50,28,22,124,63,61,124,63,61,74,35,39,33,15,18,13,4,9,3,1,2,0,0,0,52,52,8,24,12,6,2,0,0,44,33,11,0,46,0,6,14
53384715,0,,,11,7,4,0,0,0,11,7,4,3,3,0,11,7,4,11,7,4,8,4,4,7,3,4,3,1,2,0,0,0,0,0,0,8,8,5,3,0,0,0,0,0,3,3,0,0,7,0,4,1
53384717,0,,,63,30,33,2,1,1,59,28,31,27,15,12,58,28,30,57,27,30,32,13,19,18,7,11,3,1,2,1,0,1,0,0,0,24,24,6,9,3,3,1,1,1,17,8,9,0,21,0,5,3
53384726,0,,,69,34,35,0,0,0,68,33,35,26,16,10,68,33,35,68,33,35,42,17,25,17,6,11,10,3,7,0,0,0,0,0,0,37,37,13,18,4,2,0,0,0,24,20,4,0,27,0,9,11
53384727,0,,,31,15,16,1,0,1,30,15,15,14,7,7,28,14,14,27,13,14,16,8,8,10,5,5,5,2,3,0,0,0,0,0,0,15,15,6,5,2,1,1,0,0,9,8,1,0,11,0,5,4
53384736,0,,,38,21,17,0,0,0,38,21,17,15,10,5,38,21,17,37,21,16,23,11,12,14,6,8,7,3,4,1,0,1,0,0,0,17,17,4,6,6,1,0,0,0,13,10,3,0,15,0,4,4
53384746,0,,,9,5,4,0,0,0,9,5,4,2,1,1,9,5,4,9,5,4,7,4,3,4,2,2,1,0,1,0,0,0,0,0,0,6,6,3,3,0,0,0,0,0,3,2,1,0,5,0,3,2
53384768,2,53384769,,3,1,2,*,*,*,*,*,*,*,*,*,*,*,*,*,*,*,*,*,*,*,*,*,*,*,*,*,*,*,*,*,*,2,2,*,*,*,*,*,*,*,*,*,*,*,*,*,*,*
53384769,1,,53384768;53384778;53384779,30,16,14,1,1,0,40,21,19,13,6,7,39,20,19,39,20,19,27,15,12,16,8,8,4,1,3,2,1,1,0,0,0,17,17,12,9,2,0,1,0,0,12,10,2,0,20,1,9,5
53384778,2,53384769,,5,4,1,*,*,*,*,*,*,*,*,*,*,*,*,*,*,*,*,*,*,*,*,*,*,*,*,*,*,*,*,*,*,3,3,*,*,*,*,*,*,*,*,*,*,*,*,*,*,*
53384779,2,53384769,,3,1,2,*,*,*,*,*,*,*,*,*,*,*,*,*,*,*,*,*,*,*,*,*,*,*,*,*,*,*,*,*,*,2,2,*,*,*,*,*,*,*,*,*,*,*,*,*,*,*
53384796,0,,,52,25,27,0,0,0,52,25,27,19,14,5,52,25,27,52,25,27,33,11,22,21,5,16,10,2,8,1,0,1,0,0,0,27,27,13,7,4,2,1,0,0,14,8,6,0,24,2,10,4
53384797,1,,53384798,16,9,7,0,0,0,19,10,9,8,5,3,19,10,9,19,10,9,11,5,6,6,2,4,2,0,2,0,0,0,0,0,0,9,9,4,6,1,0,0,0,0,7,6,1,0,8,0,4,3
53384798,2,53384797,,3,1,2,*,*,*,*,*,*,*,*,*,*,*,*,*,*,*,*,*,*,*,*,*,*,*,*,*,*,*,*,*,*,2,2,*,*,*,*,*,*,*,*,*,*,*,*,*,*,*
53385001,1,,53385002,19,11,8,0,0,0,24,13,11,11,7,4,24,13,11,24,13,11,13,6,7,9,5,4,4,1,3,1,0,1,0,0,0,9,9,4,3,2,2,0,0,0,7,5,2,0,8,0,2,2
53385002,2,53385001,,5,2,3,*,*,*,*,*,*,*,*,*,*,*,*,*,*,*,*,*,*,*,*,*,*,*,*,*,*,*,*,*,*,2,2,*,*,*,*,*,*,*,*,*,*,*,*,*,*,*
53385006,2,53385016,,9,6,3,*,*,*,*,*,*,*,*,*,*,*,*,*,*,*,*,*,*,*,*,*,*,*,*,*,*,*,*,*,*,6,6,*,*,*,*,*,*,*,*,*,*,*,*,*,*,*
53385015,2,53385016,,3,2,1,*,*,*,*,*,*,*,*,*,*,*,*,*,*,*,*,*,*,*,*,*,*,*,*,*,*,*,*,*,*,1,1,*,*,*,*,*,*,*,*,*,*,*,*,*,*,*
53385016,1,,53385006;53385015;53385025,71,32,39,0,0,0,84,41,43,32,19,13,84,41,43,84,41,43,52,22,30,29,10,19,12,4,8,0,0,0,0,0,0,37,37,17,19,7,2,0,0,0,27,24,3,0,34,0,10,10
53385025,2,53385016,,1,1,0,*,*,*,*,*,*,*,*,*,*,*,*,*,*,*,*,*,*,*,*,*,*,*,*,*,*,*,*,*,*,1,1,*,*,*,*,*,*,*,*,*,*,*,*,*,*,*
53385026,0,,,72,35,37,10,7,3,62,28,34,36,16,20,59,28,31,59,28,31,26,12,14,15,8,7,5,2,3,0,0,0,0,0,0,21,21,1,6,2,8,3,1,0,20,12,8,3,17,0,1,3
53385027,0,,,24,14,10,0,0,0,24,14,10,14,9,5,22,13,9,22,13,9,10,5,5,6,4,2,3,2,1,0,0,0,0,0,0,10,10,3,3,2,1,1,0,0,6,4,2,0,7,0,2,1
53385031,2,53385041,,10,3,7,*,*,*,*,*,*,*,*,*,*,*,*,*,*,*,*,*,*,*,*,*,*,*,*,*,*,*,*,*,*,3,3,*,*,*,*,*,*,*,*,*,*,*,*,*,*,*
53385032,2,53385041,,7,5,2,*,*,*,*,*,*,*,*,*,*,*,*,*,*,*,*,*,*,*,*,*,*,*,*,*,*,*,*,*,*,2,2,*,*,*,*,*,*,*,*,*,*,*,*,*,*,*
53385033,2,53385042,,1,1,0,*,*,*,*,*,*,*,*,*,*,*,*,*,*,*,*,*,*,*,*,*,*,*,*,*,*,*,*,*,*,1,1,*,*,*,*,*,*,*,*,*,*,*,*,*,*,*
53385036,0,,,21,11,10,2,1,1,19,10,9,10,7,3,18,9,9,17,8,9,9,3,6,9,3,6,2,2,0,0,0,0,1,1,0,8,8,0,5,2,0,1,0,0,8,7,1,2,6,0,0,3
53385037,0,,,34,17,17,6,3,3,28,14,14,12,6,6,28,14,14,28,14,14,16,8,8,9,4,5,4,2,2,1,0,1,0,0,0,12,12,3,4,2,1,0,1,1,9,6,3,1,11,0,3,2
53385041,1,,53385031;53385032,20,10,10,5,0,5,32,18,14,14,9,5,32,18,14,32,18,14,18,9,9,7,3,4,3,1,2,1,0,1,0,0,0,8,8,1,4,5,2,1,0,0,12,10,2,0,10,0,1,2
53385042,1,,53385033;53385043,94,50,44,12,8,4,93,47,46,48,24,24,92,47,45,92,47,45,45,23,22,23,10,13,10,3,7,0,0,0,0,0,0,36,36,9,12,9,6,3,1,0,31,24,7,3,29,0,9,6
53385043,2,53385042,,10,4,6,*,*,*,*,*,*,*,*,*,*,*,*,*,*,*,*,*,*,*,*,*,*,*,*,*,*,*,*,*,*,3,3,*,*,*,*,*,*,*,*,*,*,*,*,*,*,*
53385046,0,,,29,14,15,2,2,0,27,12,15,16,6,10,26,12,14,26,12,14,11,6,5,8,4,4,2,1,1,0,0,0,0,0,0,13,13,3,6,2,2,0,0,0,10,9,1,0,7,0,3,2
53385047,0,,,113,56,57,13,5,8,100,51,49,52,28,24,95,47,48,94,46,48,48,23,25,22,11,11,5,1,4,0,0,0,1,0,1,42,42,8,10,15,6,2,1,0,34,26,8,3,30,0,6,5
53385051,2,53385052,,6,2,4,*,*,*,*,*,*,*,*,*,*,*,*,*,*,*,*,*,*,*,*,*,*,*,*,*,*,*,*,*,*,4,4,*,*,*,*,*,*,*,*,*,*,*,*,*,*,*
53385052,1,,53385051,137,64,73,22,13,9,121,53,68,72,33,39,118,53,65,116,51,65,49,20,29,30,10,20,12,2,10,0,0,0,3,0,3,48,48,11,19,8,6,3,4,1,41,31,10,7,31,1,7,11
53385053,0,,,10,6,4,1,1,0,9,5,4,3,1,2,9,5,4,9,5,4,6,4,2,3,2,1,2,2,0,0,0,0,0,0,0,6,6,3,2,1,0,0,0,0,2,2,0,0,4,0,1,1
53385056,0,,,173,79,94,25,11,14,148,68,80,89,42,47,140,66,74,137,65,72,59,26,33,31,11,20,11,3,8,0,0,0,2,0,2,58,58,8,20,13,7,4,4,2,50,41,9,4,36,1,4,13
53385057,0,,,55,26,29,5,0,5,50,26,24,28,13,15,49,26,23,47,24,23,22,13,9,12,6,6,7,3,4,0,0,0,1,0,1,26,26,13,6,2,3,1,0,1,13,10,3,1,13,0,3,5
53385061,2,53385062,,7,2,5,*,*,*,*,*,*,*,*,*,*,*,*,*,*,*,*,*,*,*,*,*,*,*,*,*,*,*,*,*,*,4,4,*,*,*,*,*,*,*,*,*,*,*,*,*,*,*
53385062,1,,53385061,85,38,47,16,4,12,76,36,40,47,25,22,74,34,40,74,34,40,29,11,18,20,7,13,7,5,2,0,0,0,0,0,0,28,28,8,9,7,2,3,0,3,23,18,5,4,20,0,8,5
53385063,0,,,54,29,25,15,10,5,39,19,20,25,12,13,39,19,20,39,19,20,14,7,7,6,2,4,3,0,3,0,0,0,2,0,2,17,17,4,1,6,3,2,0,1,13,11,2,5,9,0,3,0
53385066,0,,,151,76,75,23,16,7,128,60,68,75,35,40,122,58,64,122,58,64,53,25,28,29,12,17,17,6,11,1,0,1,0,0,0,57,57,14,15,15,7,4,0,2,43,35,8,7,33,0,13,8
53385067,0,,,13,6,7,3,0,3,10,6,4,5,3,2,9,5,4,9,5,4,5,3,2,3,2,1,1,0,1,0,0,0,0,0,0,5,5,2,1,0,1,1,0,0,3,2,1,0,4,0,2,1
53385070,0,,,28,13,15,5,3,2,23,10,13,15,6,9,23,10,13,22,10,12,8,4,4,6,3,3,4,2,2,0,0,0,3,0,3,11,11,3,2,3,3,0,0,0,8,5,3,2,5,1,0,0
53385071,0,,,71,35,36,3,1,2,68,34,34,50,25,25,68,34,34,68,34,34,18,9,9,11,5,6,3,0,3,0,0,0,1,1,0,25,25,2,11,8,0,3,0,1,23,17,6,2,13,0,0,3
53385072,0,,,61,30,31,4,2,2,57,28,29,27,15,12,56,28,28,55,27,28,30,13,17,18,6,12,7,2,5,0,0,0,0,0,0,26,26,6,12,3,3,2,0,0,20,17,3,1,20,0,4,9
53385073,0,,,38,18,20,5,4,1,33,14,19,14,7,7,33,14,19,33,14,19,19,7,12,14,4,10,6,1,5,2,0,2,0,0,0,16,16,6,5,1,3,0,0,1,10,8,2,2,13,0,4,2
53385076,0,,,438,181,257,37,22,15,400,159,241,140,70,70,390,155,235,388,155,233,260,89,171,205,59,146,143,35,108,39,6,33,1,0,1,105,104,24,28,24,22,4,2,0,80,63,17,12,64,0,15,16
53385080,0,,,295,142,153,33,22,11,262,120,142,152,75,77,254,117,137,249,116,133,110,45,65,59,18,41,21,2,19,3,0,3,1,0,1,103,103,17,30,25,21,5,1,4,86,59,27,9,68,0,11,17
53385081,0,,,43,21,22,1,1,0,42,20,22,20,11,9,40,20,20,38,19,19,22,9,13,10,3,7,3,1,2,1,0,1,2,0,2,13,13,2,3,3,2,0,3,0,11,6,5,0,13,0,2,3
53385082,1,,53385083,189,88,101,23,12,11,173,80,93,91,46,45,169,77,92,167,76,91,82,34,48,52,21,31,23,6,17,3,0,3,0,0,0,71,71,16,27,13,9,5,2,2,57,42,15,5,56,0,13,17
53385083,2,53385082,,7,4,3,*,*,*,*,*,*,*,*,*,*,*,*,*,*,*,*,*,*,*,*,*,*,*,*,*,*,*,*,*,*,3,3,*,*,*,*,*,*,*,*,*,*,*,*,*,*,*
53385084,0,,,30,14,16,10,4,6,20,10,10,14,7,7,20,10,10,19,10,9,6,3,3,4,2,2,1,0,1,0,0,0,0,0,0,8,8,0,2,2,1,2,1,0,8,5,3,1,4,0,0,2
53385085,0,,,183,93,90,21,13,8,162,80,82,87,45,42,157,76,81,154,76,78,75,35,40,44,21,23,22,8,14,3,1,2,0,0,0,64,64,11,25,9,9,5,2,3,52,37,15,2,52,0,9,14
53385086,0,,,25,13,12,4,2,2,21,11,10,9,4,5,20,10,10,20,10,10,12,7,5,6,3,3,1,1,0,0,0,0,0,0,0,10,10,2,4,2,1,1,0,0,8,8,0,1,7,0,2,4
53385087,1,,53385097,172,81,91,10,3,7,165,79,86,66,29,37,161,77,84,159,75,84,99,50,49,61,28,33,30,15,15,13,5,8,0,0,0,69,69,16,24,16,9,4,0,1,54,38,16,4,60,0,12,14
53385090,0,,,167,75,92,24,11,13,143,64,79,80,42,38,140,61,79,140,61,79,63,22,41,33,9,24,12,1,11,1,0,1,1,0,1,56,56,11,17,10,5,8,3,2,45,28,17,5,45,0,9,11
53385091,0,,,24,13,11,4,4,0,20,9,11,8,3,5,19,8,11,19,8,11,12,6,6,5,2,3,3,1,2,0,0,0,0,0,0,10,10,3,4,0,2,1,0,0,7,5,2,1,8,0,2,3
53385092,0,,,158,78,80,14,9,5,144,69,75,84,41,43,140,67,73,136,64,72,60,28,32,30,11,19,12,5,7,1,0,1,1,0,1,56,56,10,18,13,6,5,4,0,46,35,11,2,39,0,7,8
53385093,0,,,336,156,180,57,28,29,279,128,151,163,80,83,271,124,147,265,121,144,116,48,68,66,21,45,32,10,22,5,3,2,0,0,0,122,121,25,35,25,23,8,2,3,96,75,21,16,79,0,18,26
53385094,0,,,506,249,257,79,45,34,425,203,222,281,142,139,410,195,215,404,192,212,144,61,83,74,27,47,33,12,21,4,1,3,10,5,5,185,184,38,49,53,23,14,4,3,143,112,31,24,93,3,19,22
53385095,0,,,355,136,219,25,14,11,307,110,197,107,53,54,301,107,194,300,107,193,200,57,143,144,34,110,97,16,81,24,1,23,1,0,1,97,95,22,34,14,13,4,4,4,66,49,17,8,63,0,17,19
53385097,2,53385087,,3,1,2,*,*,*,*,*,*,*,*,*,*,*,*,*,*,*,*,*,*,*,*,*,*,*,*,*,*,*,*,*,*,1,1,*,*,*,*,*,*,*,*,*,*,*,*,*,*,*
53385215,0,,,33,17,16,2,1,1,31,16,15,13,8,5,30,15,15,30,15,15,18,8,10,4,3,1,1,0,1,1,0,1,0,0,0,15,15,2,9,3,1,0,0,0,13,12,1,0,9,0,1,6
53385216,0,,,12,5,7,0,0,0,12,5,7,2,1,1,12,5,7,12,5,7,10,4,6,5,1,4,0,0,0,0,0,0,0,0,0,8,8,4,4,0,0,0,0,0,4,4,0,0,7,0,4,3
53385225,0,,,62,27,35,3,1,2,59,26,33,26,10,16,56,26,30,56,26,30,33,16,17,20,10,10,4,2,2,0,0,0,0,0,0,33,33,14,12,4,3,0,0,0,19,17,2,1,23,1,9,6
53385226,0,,,31,16,15,2,1,1,29,15,14,7,3,4,29,15,14,29,15,14,22,12,10,10,7,3,1,0,1,0,0,0,0,0,0,15,15,3,9,2,1,0,0,0,11,10,1,0,13,0,3,8
53385227,0,,,57,25,32,3,1,2,54,24,30,25,12,13,53,24,29,52,23,29,29,12,17,16,5,11,8,2,6,0,0,0,0,0,0,28,28,7,16,3,1,1,0,0,21,20,1,1,19,0,6,8
53385229,2,53385239,,8,5,3,*,*,*,*,*,*,*,*,*,*,*,*,*,*,*,*,*,*,*,*,*,*,*,*,*,*,*,*,*,*,3,3,*,*,*,*,*,*,*,*,*,*,*,*,*,*,*
53385234,0,,,42,17,25,0,0,0,42,17,25,18,8,10,42,17,25,42,17,25,24,9,15,9,3,6,4,2,2,1,0,1,0,0,0,21,20,6,13,0,1,0,0,0,13,13,0,0,14,0,3,7
53385235,0,,,128,64,64,2,1,1,126,63,63,67,35,32,125,62,63,123,60,63,59,28,31,31,17,14,4,2,2,0,0,0,0,0,0,68,68,30,24,7,6,1,0,0,37,32,5,0,42,0,23,11
53385236,0,,,36,19,17,1,1,0,35,18,17,15,7,8,34,17,17,34,17,17,20,11,9,8,4,4,1,1,0,1,1,0,0,0,0,21,21,11,7,1,2,0,0,0,10,10,0,0,17,0,10,6
53385237,0,,,86,43,43,7,3,4,79,40,39,44,22,22,78,40,38,77,40,37,35,18,17,14,6,8,3,0,3,0,0,0,1,1,0,46,45,21,17,4,2,1,0,0,24,22,2,2,26,0,14,8
53385238,0,,,100,45,55,6,2,4,94,43,51,55,25,30,92,43,49,91,43,48,39,18,21,23,10,13,12,4,8,1,1,0,3,3,0,46,46,13,18,10,4,1,0,0,33,31,2,1,25,0,8,9
53385239,1,,53385229,235,112,123,19,9,10,224,108,116,113,55,58,222,108,114,218,106,112,111,53,58,50,21,29,22,7,15,2,1,1,1,0,1,94,94,20,40,24,4,3,2,4,77,66,11,8,72,0,18,25
53385244,0,,,52,23,29,3,0,3,49,23,26,22,10,12,48,23,25,47,22,25,27,13,14,13,7,6,3,1,2,1,0,1,0,0,0,23,23,5,11,4,2,1,0,0,18,14,4,1,17,0,3,5
53385245,0,,,263,127,136,8,2,6,255,125,130,114,61,53,250,122,128,248,122,126,141,64,77,68,28,40,23,8,15,2,1,1,0,0,0,132,132,44,58,22,5,1,2,0,88,75,13,1,96,1,34,32
53385246,0,,,153,75,78,15,9,6,138,66,72,73,36,37,134,64,70,129,62,67,65,30,35,27,11,16,10,5,5,0,0,0,2,0,2,68,68,22,28,8,5,2,1,2,46,39,7,2,43,0,13,19
53385247,0,,,211,99,112,15,4,11,196,95,101,102,49,53,191,94,97,188,92,96,94,46,48,56,26,30,22,11,11,2,0,2,1,0,1,88,88,21,35,18,8,3,2,1,67,54,13,3,66,0,15,15
53385248,0,,,160,54,106,5,2,3,155,52,103,42,20,22,154,52,102,153,51,102,113,32,81,94,24,70,63,14,49,13,2,11,2,0,2,36,35,8,14,8,4,1,0,0,27,24,3,2,24,0,6,10
53385249,0,,,224,105,119,23,11,12,201,94,107,109,57,52,196,92,104,192,91,101,92,37,55,44,14,30,15,3,12,0,0,0,2,1,1,95,95,25,37,15,11,6,1,0,69,64,5,6,64,0,21,25
53385254,0,,,15,6,9,0,0,0,15,6,9,4,2,2,15,6,9,15,6,9,11,4,7,6,2,4,4,1,3,1,0,1,0,0,0,8,8,2,5,1,0,0,0,0,6,5,1,0,7,0,2,2
53385255,0,,,57,23,34,6,1,5,51,22,29,26,10,16,50,22,28,50,22,28,25,12,13,14,7,7,7,4,3,2,1,1,0,0,0,23,23,6,9,1,5,2,0,0,17,14,3,1,18,0,5,6
53385256,0,,,50,22,28,5,2,3,45,20,25,29,14,15,45,20,25,43,20,23,16,6,10,9,4,5,2,0,2,0,0,0,0,0,0,19,19,2,8,5,3,1,0,0,17,15,2,2,11,0,1,3
53385258,0,,,62,29,33,3,1,2,59,28,31,23,11,12,57,26,31,55,26,29,36,17,19,19,9,10,6,3,3,2,0,2,0,0,0,31,31,10,15,4,0,2,0,0,21,19,2,1,22,0,8,10
53385259,0,,,102,49,53,7,3,4,95,46,49,39,21,18,95,46,49,95,46,49,56,25,31,32,13,19,15,7,8,1,1,0,0,0,0,49,49,17,19,7,4,2,0,0,32,27,5,2,39,0,14,13
53385264,0,,,78,37,41,8,3,5,70,34,36,39,20,19,70,34,36,70,34,36,31,14,17,14,5,9,3,1,2,0,0,0,0,0,0,39,39,14,17,4,3,0,1,0,25,24,1,2,23,1,6,8
53385265,0,,,137,67,70,5,4,1,132,63,69,63,28,35,128,61,67,128,61,67,69,35,34,37,17,20,11,5,6,1,0,1,1,1,0,61,61,18,25,7,8,2,1,0,43,35,8,1,48,0,14,14
53385266,0,,,187,90,97,12,8,4,175,82,93,90,45,45,172,80,92,170,78,92,85,37,48,38,13,25,17,4,13,2,0,2,1,0,1,77,77,18,29,17,6,6,1,0,59,46,13,6,54,2,11,19
53385267,0,,,220,102,118,23,15,8,197,87,110,92,43,49,191,83,108,188,81,107,105,44,61,65,25,40,25,9,16,2,0,2,0,0,0,91,91,30,32,10,8,5,3,3,61,46,15,7,70,0,20,21
53385268,0,,,42,21,21,0,0,0,42,21,21,18,11,7,39,20,19,39,20,19,24,10,14,15,5,10,5,1,4,0,0,0,0,0,0,25,25,13,9,1,2,0,0,0,12,10,2,0,20,1,11,4
53385269,0,,,223,110,113,13,7,6,210,103,107,116,61,55,203,98,105,201,97,104,94,42,52,45,18,27,13,3,10,1,0,1,1,0,1,94,94,20,41,17,11,4,1,0,74,66,8,2,60,1,14,24
53385273,0,,,13,8,5,1,0,1,12,8,4,8,5,3,12,8,4,11,7,4,4,3,1,3,2,1,0,0,0,0,0,0,1,1,0,5,5,1,1,2,1,0,0,0,4,4,0,0,3,0,1,0
53385274,0,,,58,31,27,3,3,0,55,28,27,25,12,13,55,28,27,53,27,26,30,16,14,15,8,7,2,1,1,0,0,0,0,0,0,26,26,6,14,4,0,1,0,1,20,20,0,0,19,0,4,9
53385275,0,,,77,39,38,8,5,3,69,34,35,37,15,22,65,32,33,63,32,31,32,19,13,19,12,7,6,4,2,0,0,0,0,0,0,32,32,8,13,3,6,2,0,0,24,22,2,1,22,0,6,11
53385276,0,,,380,184,196,32,10,22,347,173,174,176,95,81,343,172,171,339,171,168,171,78,93,88,39,49,31,13,18,3,1,2,12,8,4,155,155,36,56,36,17,7,1,2,117,94,23,11,110,0,24,33
53385277,0,,,213,102,111,16,9,7,197,93,104,112,56,56,194,91,103,191,90,101,85,37,48,53,19,34,24,6,18,1,0,1,4,1,3,83,83,18,28,18,13,4,1,1,65,51,14,4,59,0,15,13
53385278,2,53385279,,10,4,6,*,*,*,*,*,*,*,*,*,*,*,*,*,*,*,*,*,*,*,*,*,*,*,*,*,*,*,*,*,*,3,3,*,*,*,*,*,*,*,*,*,*,*,*,*,*,*
53385279,1,,53385278,102,50,52,14,4,10,98,50,48,60,33,27,91,44,47,89,43,46,38,17,21,26,11,15,9,3,6,1,1,0,0,0,0,41,41,10,17,5,9,2,0,1,34,29,5,4,26,0,7,9
53385283,0,,,12,5,7,1,1,0,11,4,7,6,3,3,11,4,7,10,4,6,5,1,4,2,1,1,0,0,0,0,0,0,0,0,0,6,6,2,3,0,1,0,0,0,4,4,0,0,4,0,2,1
53385284,0,,,44,26,18,1,0,1,43,26,17,28,18,10,43,26,17,43,26,17,15,8,7,6,4,2,1,1,0,0,0,0,0,0,0,8,7,2,3,2,0,0,0,0,5,5,0,0,5,0,1,3
53385285,0,,,228,116,112,12,5,7,216,111,105,113,62,51,209,107,102,204,105,99,103,49,54,59,27,32,18,8,10,1,0,1,8,2,6,91,90,25,32,13,10,5,2,3,65,50,15,4,64,0,17,18
53385286,0,,,100,55,45,16,8,8,84,47,37,52,28,24,79,44,35,77,43,34,32,19,13,17,10,7,5,2,3,1,0,1,0,0,0,38,38,11,12,5,4,3,2,1,27,22,5,1,21,0,6,8
53385288,0,,,206,96,110,23,9,14,183,87,96,91,47,44,180,86,94,174,83,91,92,40,52,57,26,31,17,6,11,0,0,0,0,0,0,78,78,10,36,14,11,5,1,1,68,59,9,5,52,0,8,26
53385289,0,,,797,386,411,94,48,46,696,331,365,494,254,240,660,312,348,647,305,342,202,77,125,113,40,73,40,13,27,2,2,0,7,4,3,376,376,140,125,62,31,13,3,2,230,213,17,20,149,12,55,44
53385293,0,,,120,61,59,11,7,4,109,54,55,61,32,29,108,53,55,108,53,55,48,22,26,24,8,16,10,2,8,1,0,1,1,0,1,47,47,11,16,9,6,4,1,0,36,24,12,1,33,0,7,9
53385294,0,,,148,67,81,9,6,3,139,61,78,66,30,36,136,59,77,134,58,76,73,31,42,46,13,33,23,4,19,3,0,3,4,2,2,76,76,30,29,9,7,1,0,0,46,41,5,3,54,0,22,16
53385295,0,,,60,32,28,6,5,1,54,27,27,34,17,17,50,25,25,48,25,23,20,10,10,8,3,5,4,2,2,0,0,0,6,5,1,29,29,12,9,5,1,1,1,0,17,16,1,1,15,0,6,4
53385296,0,,,55,27,28,0,0,0,55,27,28,26,13,13,54,26,28,54,26,28,29,14,15,19,7,12,6,1,5,1,0,1,0,0,0,28,28,9,12,6,1,0,0,0,19,18,1,0,19,0,7,5
53385297,0,,,91,45,46,8,4,4,83,41,42,37,21,16,82,40,42,82,40,42,46,20,26,16,5,11,4,0,4,1,0,1,1,1,0,44,44,13,20,8,2,0,1,0,31,27,4,3,31,0,10,14
53385298,0,,,78,38,40,5,2,3,73,36,37,43,21,22,73,36,37,73,36,37,30,15,15,11,4,7,2,1,1,1,0,1,0,0,0,34,34,12,6,11,4,1,0,0,22,19,3,1,22,1,5,2
53385299,0,,,1405,699,706,143,68,75,1255,625,630,816,431,385,1215,610,605,1199,600,599,439,194,245,255,93,162,92,33,59,8,2,6,27,16,11,666,664,275,188,95,78,22,4,2,386,329,57,34,319,44,107,76
53385301,0,,,109,53,56,2,1,1,107,52,55,44,25,19,106,52,54,106,52,54,63,27,36,34,11,23,16,4,12,1,1,0,0,0,0,50,50,14,22,9,2,2,1,0,36,25,11,1,46,0,12,8
53385302,0,,,73,38,35,9,6,3,64,32,32,43,24,19,60,29,31,60,29,31,21,8,13,10,3,7,3,1,2,1,0,1,0,0,0,33,33,13,9,6,3,1,0,1,20,18,2,1,17,3,7,3
53385303,0,,,489,247,242,26,14,12,461,232,229,269,144,125,445,226,219,438,223,215,192,88,104,94,42,52,35,14,21,2,0,2,1,0,1,176,174,28,83,33,17,8,3,2,144,119,25,5,115,0,14,45
53385304,0,,,482,235,247,62,36,26,420,199,221,272,133,139,398,185,213,386,179,207,148,66,82,70,29,41,17,4,13,1,1,0,1,1,0,183,183,43,57,33,29,17,3,1,140,124,16,7,103,0,31,30
53385305,0,,,458,234,224,50,29,21,408,205,203,246,127,119,392,196,196,381,192,189,162,78,84,73,35,38,17,6,11,3,2,1,1,0,1,179,179,41,65,27,31,10,3,2,138,115,23,13,107,0,24,32
53385306,0,,,70,37,33,6,2,4,64,35,29,33,20,13,63,34,29,61,32,29,31,15,16,10,5,5,1,0,1,0,0,0,1,0,1,28,28,7,9,7,3,1,0,1,21,17,4,2,18,0,4,7
53385307,1,,53385317,44,21,23,3,2,1,46,22,24,23,12,11,43,20,23,41,19,22,23,10,13,13,5,8,5,2,3,1,0,1,0,0,0,19,19,7,5,3,3,1,1,0,13,12,1,1,16,0,6,5
53385309,0,,,42,19,23,2,1,1,40,18,22,19,7,12,39,18,21,36,18,18,21,11,10,11,7,4,4,3,1,0,0,0,0,0,0,18,18,6,7,2,1,1,0,1,12,9,3,0,15,0,4,4
53385311,0,,,214,111,103,14,11,3,200,100,100,100,56,44,195,97,98,187,93,94,100,44,56,52,22,30,19,7,12,4,0,4,3,3,0,94,94,34,34,8,8,5,4,1,60,45,15,1,67,4,20,20
53385312,0,,,279,139,140,31,15,16,245,122,123,152,78,74,239,119,120,235,116,119,93,44,49,48,23,25,20,10,10,2,1,1,2,1,1,111,110,31,34,23,11,6,3,2,78,63,15,7,64,1,19,21
53385313,0,,,159,68,91,7,4,3,152,64,88,53,31,22,151,63,88,149,62,87,99,33,66,71,18,53,50,9,41,15,2,13,0,0,0,46,44,15,13,9,5,1,0,1,29,24,5,0,28,0,10,2
53385314,0,,,165,81,84,24,14,10,141,67,74,90,43,47,137,66,71,136,66,70,51,24,27,28,10,18,13,5,8,1,0,1,2,1,1,55,55,10,14,14,9,2,4,2,44,37,7,3,36,0,9,7
53385315,0,,,419,204,215,36,17,19,383,187,196,200,100,100,375,183,192,371,181,190,183,87,96,98,46,52,29,12,17,4,2,2,1,0,1,172,171,35,80,30,14,5,4,3,136,118,18,7,116,0,28,43
53385316,0,,,183,85,98,22,14,8,161,71,90,105,45,60,156,66,90,150,66,84,56,26,30,24,11,13,6,2,4,2,0,2,19,0,19,91,91,38,31,11,7,3,0,1,53,49,4,6,40,13,10,16
53385317,2,53385307,,5,3,2,*,*,*,*,*,*,*,*,*,*,*,*,*,*,*,*,*,*,*,*,*,*,*,*,*,*,*,*,*,*,1,1,*,*,*,*,*,*,*,*,*,*,*,*,*,*,*
53385320,0,,,127,56,71,12,4,8,115,52,63,58,30,28,114,51,63,112,50,62,57,22,35,32,10,22,11,2,9,5,0,5,0,0,0,48,48,8,19,11,5,3,1,1,40,30,10,3,37,0,5,9
53385321,0,,,239,111,128,9,8,1,230,103,127,124,64,60,228,101,127,226,101,125,106,39,67,63,19,44,23,5,18,2,0,2,1,0,1,103,103,31,28,30,8,6,0,0,72,55,17,1,74,1,19,12
53385322,0,,,204,95,109,15,8,7,189,87,102,88,49,39,186,86,100,185,85,100,101,38,63,59,16,43,29,4,25,3,1,2,0,0,0,88,88,26,31,16,10,3,1,1,62,47,15,3,71,0,23,18
53385323,0,,,109,52,57,7,4,3,102,48,54,54,29,25,99,47,52,98,46,52,48,19,29,24,10,14,11,5,6,2,1,1,0,0,0,47,47,13,15,12,5,2,0,0,34,27,7,2,32,1,10,10
53385324,0,,,704,319,385,60,31,29,644,288,356,332,178,154,625,280,345,614,271,343,312,110,202,213,59,154,125,26,99,31,4,27,6,1,5,237,235,80,68,43,25,14,3,2,152,125,27,14,137,4,44,37
53385325,0,,,573,276,297,69,30,39,504,246,258,316,167,149,485,232,253,476,228,248,188,79,109,82,27,55,25,3,22,2,0,2,7,1,6,228,228,43,95,44,31,7,7,1,183,162,21,16,131,1,33,31
53385326,0,,,209,106,103,23,7,16,186,99,87,110,61,49,178,93,85,177,92,85,76,38,38,34,12,22,15,5,10,1,1,0,7,3,4,89,89,27,33,10,10,8,1,0,62,54,8,4,54,1,20,15
53385327,1,,53385328,38,19,19,8,2,6,35,19,16,21,11,10,35,19,16,35,19,16,14,8,6,3,2,1,0,0,0,0,0,0,1,0,1,18,18,8,5,4,2,1,0,0,12,12,0,4,9,0,4,3
53385328,2,53385327,,5,2,3,*,*,*,*,*,*,*,*,*,*,*,*,*,*,*,*,*,*,*,*,*,*,*,*,*,*,*,*,*,*,2,2,*,*,*,*,*,*,*,*,*,*,*,*,*,*,*
53385330,0,,,411,197,214,50,27,23,361,170,191,253,122,131,344,160,184,332,155,177,108,48,60,46,20,26,21,7,14,3,1,2,4,0,4,165,165,44,50,33,26,10,0,2,121,108,13,17,71,1,20,22
53385331,0,,,266,138,128,22,11,11,244,127,117,139,78,61,234,123,111,231,123,108,105,49,56,63,28,35,20,7,13,1,0,1,1,0,1,113,113,32,39,23,14,1,3,1,81,71,10,6,78,0,22,17
53385332,0,,,39,18,21,6,2,4,33,16,17,19,9,10,33,16,17,32,15,17,14,7,7,7,4,3,1,0,1,0,0,0,0,0,0,15,15,2,7,2,3,1,0,0,13,12,1,1,9,0,2,5
53385333,0,,,280,148,132,50,26,24,230,122,108,147,82,65,223,118,105,218,115,103,83,40,43,45,19,26,15,6,9,1,0,1,6,4,2,99,99,25,21,24,16,6,4,3,73,58,15,13,54,2,14,15
53385334,0,,,758,367,391,73,38,35,685,329,356,422,223,199,663,316,347,646,305,341,263,106,157,170,57,113,94,24,70,23,2,21,8,3,5,275,273,75,75,61,43,15,3,1,197,166,31,22,129,5,35,31
53385335,0,,,221,105,116,20,10,10,201,95,106,123,64,59,194,90,104,191,89,102,78,31,47,35,12,23,8,3,5,1,0,1,1,0,1,93,93,21,40,18,5,8,1,0,71,63,8,2,54,0,13,21
53385336,0,,,67,29,38,6,2,4,61,27,34,34,16,18,57,26,31,55,25,30,27,11,16,12,5,7,1,0,1,0,0,0,0,0,0,21,21,2,10,1,2,2,4,0,19,14,5,1,18,0,2,5
53385337,1,,53385338,59,29,30,1,0,1,65,32,33,38,19,19,64,31,33,64,31,33,27,13,14,12,4,8,7,2,5,1,0,1,0,0,0,29,29,14,10,6,2,0,1,0,19,16,3,1,18,0,5,7
53385338,2,53385337,,7,3,4,*,*,*,*,*,*,*,*,*,*,*,*,*,*,*,*,*,*,*,*,*,*,*,*,*,*,*,*,*,*,4,4,*,*,*,*,*,*,*,*,*,*,*,*,*,*,*
53385340,0,,,663,312,351,89,49,40,573,262,311,349,171,178,559,257,302,546,249,297,224,91,133,121,38,83,31,12,19,4,2,2,2,0,2,256,256,55,84,55,44,10,7,1,201,167,34,27,148,0,44,39
53385341,0,,,179,87,92,20,10,10,159,77,82,90,42,48,153,74,79,153,74,79,69,35,34,35,18,17,12,6,6,0,0,0,5,2,3,80,80,18,42,9,7,2,2,0,62,57,5,5,45,0,9,21
53385342,0,,,41,18,23,4,1,3,37,17,20,18,7,11,35,17,18,35,17,18,19,10,9,8,5,3,2,1,1,0,0,0,0,0,0,21,21,10,6,2,2,1,0,0,11,9,2,1,13,0,7,4
53385343,0,,,753,379,374,98,51,47,653,326,327,453,241,212,628,311,317,617,305,312,200,85,115,120,46,74,48,14,34,0,0,0,16,4,12,303,303,77,99,62,41,18,4,2,223,203,20,23,139,4,39,34
53385344,0,,,417,219,198,43,34,9,374,185,189,254,130,124,361,179,182,348,172,176,120,55,65,54,26,28,21,7,14,1,1,0,1,0,1,165,165,43,50,36,22,9,2,3,120,102,18,10,80,4,19,25
53385345,1,,53385346,228,103,125,23,8,15,213,98,115,109,54,55,208,95,113,203,92,111,104,44,60,56,19,37,17,2,15,2,0,2,1,0,1,96,96,20,52,9,12,6,0,1,79,70,9,5,70,0,19,31
53385346,2,53385345,,8,3,5,*,*,*,*,*,*,*,*,*,*,*,*,*,*,*,*,*,*,*,*,*,*,*,*,*,*,*,*,*,*,4,4,*,*,*,*,*,*,*,*,*,*,*,*,*,*,*
53385347,0,,,52,27,25,6,2,4,46,25,21,27,15,12,46,25,21,46,25,21,19,10,9,2,2,0,0,0,0,0,0,0,0,0,0,25,25,6,14,4,0,0,1,0,18,18,0,2,11,0,2,8
53385348,0,,,54,29,25,3,3,0,51,26,25,26,14,12,50,25,25,49,24,25,25,12,13,15,7,8,5,3,2,0,0,0,0,0,0,23,23,5,8,7,3,0,0,0,17,15,2,1,15,0,3,5
53385350,0,,,176,89,87,13,7,6,163,82,81,94,49,45,158,79,79,157,78,79,69,33,36,34,17,17,16,7,9,1,0,1,0,0,0,74,74,15,31,16,9,3,0,0,59,57,2,4,43,0,9,14
53385351,0,,,183,89,94,19,7,12,164,82,82,76,41,35,164,82,82,163,81,82,88,41,47,42,20,22,17,7,10,2,1,1,0,0,0,81,81,25,27,17,7,5,0,0,56,48,8,6,54,2,15,16
53385352,0,,,118,56,62,12,8,4,106,48,58,48,27,21,103,47,56,100,47,53,58,21,37,45,15,30,27,11,16,2,1,1,0,0,0,41,40,6,19,7,5,1,2,0,34,31,3,2,25,0,5,10
53385353,0,,,380,196,184,57,36,21,323,160,163,228,118,110,316,157,159,311,156,155,95,42,53,52,21,31,13,5,8,0,0,0,9,1,8,147,147,40,43,21,29,10,3,1,105,90,15,17,68,6,19,15
53385354,0,,,568,278,290,58,29,29,510,249,261,323,166,157,499,245,254,495,243,252,187,83,104,86,27,59,30,7,23,3,1,2,27,18,9,261,261,104,72,45,27,4,6,3,152,124,28,14,133,26,45,28
53385355,0,,,238,120,118,14,6,8,224,114,110,120,65,55,221,113,108,220,112,108,104,49,55,50,21,29,17,5,12,2,0,2,1,0,1,94,94,21,36,20,7,5,3,2,73,56,17,4,70,0,15,20
53385356,0,,,119,62,57,12,8,4,107,54,53,55,29,26,104,52,52,103,51,52,52,25,27,26,11,15,14,7,7,5,1,4,0,0,0,44,44,8,18,7,5,3,2,1,36,24,12,3,34,0,5,9
53385360,0,,,354,150,204,32,8,24,322,142,180,137,73,64,320,141,179,315,137,178,185,69,116,135,48,87,81,20,61,22,4,18,1,1,0,117,116,35,38,24,15,3,0,1,79,70,9,7,65,2,22,20
53385361,0,,,158,81,77,16,7,9,142,74,68,73,39,34,137,73,64,136,72,64,69,35,34,27,14,13,11,5,6,0,0,0,2,0,2,69,69,18,28,13,6,3,1,0,51,45,6,3,46,0,11,17
53385362,0,,,317,157,160,44,23,21,271,133,138,154,77,77,262,127,135,256,125,131,117,56,61,45,21,24,15,4,11,2,1,1,5,2,3,133,133,33,55,21,18,2,1,3,99,90,9,10,76,0,19,30
53385363,0,,,88,43,45,10,6,4,78,37,41,50,26,24,76,35,41,76,35,41,28,11,17,14,5,9,4,1,3,0,0,0,2,0,2,41,41,18,11,2,8,2,0,0,23,19,4,3,21,3,7,6
53385364,0,,,139,85,54,14,6,8,125,79,46,97,63,34,121,76,45,119,74,45,28,16,12,16,7,9,8,4,4,1,1,0,17,12,5,72,72,35,20,9,4,3,1,0,37,34,3,5,22,15,10,5
53385365,0,,,60,30,30,2,2,0,58,28,30,30,14,16,56,26,30,55,25,30,28,14,14,22,9,13,9,3,6,1,0,1,0,0,0,24,24,8,5,7,2,1,0,1,16,9,7,0,20,0,6,2
53385366,0,,,138,69,69,7,2,5,131,67,64,76,40,36,129,65,64,124,63,61,55,27,28,38,15,23,14,3,11,3,0,3,1,1,0,52,52,14,14,9,9,3,3,0,37,28,9,2,41,1,10,6
53385370,0,,,168,85,83,21,11,10,147,74,73,75,41,34,144,72,72,142,70,72,72,33,39,38,15,23,14,4,10,1,0,1,1,0,1,67,67,16,28,6,10,5,1,1,51,43,8,4,47,0,11,16
53385371,0,,,159,83,76,21,13,8,138,70,68,75,40,35,133,67,66,131,65,66,63,30,33,30,15,15,10,4,6,1,1,0,1,0,1,65,65,15,29,6,11,1,2,1,49,40,9,8,41,0,9,16
53385372,0,,,156,75,81,14,6,8,141,68,73,83,42,41,138,67,71,135,66,69,58,26,32,28,13,15,5,2,3,0,0,0,3,1,2,68,68,17,29,12,5,5,0,0,50,45,5,3,39,0,9,16
53385373,0,,,159,81,78,6,3,3,153,78,75,72,39,33,148,75,73,145,74,71,81,39,42,34,15,19,15,7,8,1,1,0,2,0,2,77,77,26,31,14,3,2,0,1,51,43,8,0,56,0,19,19
53385374,0,,,236,105,131,28,9,19,208,96,112,114,55,59,200,92,108,194,89,105,94,41,53,55,23,32,14,5,9,1,0,1,1,0,1,93,93,24,32,13,15,8,0,1,68,57,11,4,62,0,17,20
53385375,0,,,246,121,125,22,11,11,223,109,114,117,66,51,216,103,113,212,100,112,106,43,63,58,22,36,19,6,13,2,1,1,1,0,1,108,108,34,44,16,4,5,2,3,73,62,11,5,75,1,26,21
53385376,0,,,84,36,48,4,2,2,80,34,46,36,15,21,79,34,45,78,34,44,44,19,25,19,4,15,13,3,10,0,0,0,0,0,0,39,39,14,13,6,4,2,0,0,25,21,4,1,30,0,12,6
53385377,0,,,12,4,8,1,0,1,11,4,7,5,2,3,11,4,7,11,4,7,6,2,4,4,1,3,2,0,2,1,0,1,0,0,0,6,6,2,3,0,1,0,0,0,4,3,1,0,4,0,2,1
53385380,0,,,288,135,153,38,18,20,250,117,133,151,73,78,240,113,127,236,112,124,99,44,55,44,17,27,19,7,12,1,0,1,1,1,0,113,113,23,37,27,21,4,1,0,89,80,9,9,66,1,16,23
53385381,0,,,168,84,84,7,4,3,161,80,81,91,50,41,155,76,79,154,75,79,70,30,40,30,13,17,11,3,8,1,0,1,1,0,1,72,72,16,32,14,6,2,2,0,56,44,12,2,42,0,8,16
53385382,0,,,368,176,192,36,14,22,332,162,170,194,98,96,323,155,168,319,153,166,138,64,74,65,31,34,16,8,8,2,0,2,0,0,0,157,157,34,68,29,21,3,2,0,123,111,12,7,91,0,23,35
53385383,0,,,255,125,130,31,18,13,224,107,117,145,70,75,216,105,111,212,102,110,79,37,42,25,7,18,7,2,5,1,0,1,1,0,1,102,102,17,46,15,19,5,0,0,85,76,9,9,54,0,10,24
53385384,0,,,401,187,214,34,21,13,367,166,201,175,91,84,357,160,197,353,159,194,192,75,117,130,42,88,78,17,61,18,2,16,2,2,0,140,139,40,48,31,9,4,2,5,97,82,15,8,79,1,23,31
53385385,0,,,84,39,45,7,1,6,77,38,39,42,22,20,76,38,38,75,38,37,35,16,19,18,8,10,9,3,6,0,0,0,0,0,0,34,34,8,11,9,3,3,0,0,25,21,4,1,22,0,7,5
53385386,0,,,8,4,4,0,0,0,8,4,4,2,2,0,8,4,4,8,4,4,6,2,4,4,1,3,0,0,0,0,0,0,0,0,0,6,6,4,2,0,0,0,0,0,2,2,0,0,5,0,3,1
53385387,0,,,101,47,54,6,2,4,95,45,50,45,21,24,92,42,50,91,42,49,50,24,26,25,12,13,7,3,4,1,0,1,2,0,2,45,45,14,15,9,5,2,0,0,29,23,6,2,34,0,11,10
53385390,0,,,415,213,202,37,18,19,378,195,183,224,124,100,344,172,172,333,163,170,154,71,83,71,32,39,30,10,20,3,0,3,6,4,2,171,168,51,61,24,21,7,3,1,117,101,16,4,100,14,26,38
53385391,0,,,407,209,198,69,39,30,338,170,168,226,119,107,325,163,162,318,160,158,112,51,61,70,31,39,24,9,15,0,0,0,1,0,1,163,163,45,53,27,20,14,3,1,118,103,15,20,78,4,19,22
53385392,0,,,474,230,244,60,32,28,414,198,216,263,135,128,401,192,209,390,184,206,151,63,88,64,22,42,22,7,15,2,0,2,25,13,12,188,188,41,69,36,27,12,2,1,147,131,16,13,104,0,28,26
53385393,0,,,309,152,157,25,13,12,284,139,145,152,76,76,278,137,141,273,134,139,132,63,69,71,29,42,19,6,13,0,0,0,1,0,1,127,127,28,52,21,19,4,3,0,99,84,15,6,88,0,18,32
53385394,0,,,270,130,140,29,11,18,239,118,121,128,65,63,232,115,117,230,114,116,111,53,58,38,13,25,16,2,14,2,1,1,2,0,2,108,108,18,49,19,16,3,3,0,89,75,14,4,72,0,15,24
53385395,0,,,81,41,40,9,3,6,72,38,34,38,23,15,72,38,34,71,38,33,34,15,19,17,7,10,4,1,3,0,0,0,0,0,0,33,33,11,10,6,2,2,0,2,22,18,4,3,23,1,7,8
53385397,0,,,60,26,34,0,0,0,60,26,34,29,14,15,59,25,34,58,25,33,31,12,19,17,5,12,8,2,6,0,0,0,0,0,0,26,26,6,10,8,1,0,1,0,20,16,4,0,23,0,6,4
53385398,1,,53385399,11,4,7,0,0,0,13,5,8,3,1,2,13,5,8,13,5,8,10,4,6,6,2,4,3,1,2,0,0,0,0,0,0,7,7,3,5,0,0,0,0,0,5,5,0,0,7,0,3,2
53385399,2,53385398,,2,1,1,*,*,*,*,*,*,*,*,*,*,*,*,*,*,*,*,*,*,*,*,*,*,*,*,*,*,*,*,*,*,1,1,*,*,*,*,*,*,*,*,*,*,*,*,*,*,*
53385402,0,,,19,8,11,2,0,2,17,8,9,5,4,1,17,8,9,17,8,9,12,4,8,8,3,5,3,1,2,1,0,1,1,0,1,11,11,5,5,0,1,0,0,0,6,6,0,0,9,0,4,3
53385405,2,53385414,,6,2,4,*,*,*,*,*,*,*,*,*,*,*,*,*,*,*,*,*,*,*,*,*,*,*,*,*,*,*,*,*,*,4,4,*,*,*,*,*,*,*,*,*,*,*,*,*,*,*
53385410,0,,,11,5,6,1,1,0,10,4,6,5,2,3,9,3,6,8,3,5,5,2,3,3,2,1,1,1,0,0,0,0,0,0,0,5,5,1,2,2,0,0,0,0,4,3,1,0,3,0,1,2
53385412,1,,53385413,75,32,43,4,2,2,77,32,45,36,17,19,77,32,45,76,32,44,41,15,26,28,10,18,14,3,11,3,0,3,0,0,0,37,37,11,18,6,4,0,0,0,28,25,3,1,31,1,8,6
53385413,2,53385412,,6,2,4,*,*,*,*,*,*,*,*,*,*,*,*,*,*,*,*,*,*,*,*,*,*,*,*,*,*,*,*,*,*,2,2,*,*,*,*,*,*,*,*,*,*,*,*,*,*,*
53385414,1,,53385405;53385415;53385416;53385425,7,5,2,0,0,0,17,9,8,3,1,2,17,9,8,17,9,8,14,8,6,8,4,4,4,1,3,0,0,0,0,0,0,4,4,6,4,1,0,0,0,0,5,3,2,0,10,0,6,3
53385415,2,53385414,,1,1,0,*,*,*,*,*,*,*,*,*,*,*,*,*,*,*,*,*,*,*,*,*,*,*,*,*,*,*,*,*,*,1,1,*,*,*,*,*,*,*,*,*,*,*,*,*,*,*
53385416,2,53385414,,2,1,1,*,*,*,*,*,*,*,*,*,*,*,*,*,*,*,*,*,*,*,*,*,*,*,*,*,*,*,*,*,*,1,1,*,*,*,*,*,*,*,*,*,*,*,*,*,*,*
53385420,0,,,19,9,10,1,0,1,17,8,9,12,6,6,17,8,9,17,8,9,5,2,3,2,0,2,1,0,1,1,0,1,0,0,0,10,10,6,2,0,1,1,0,0,4,3,1,1,3,0,2,0
53385421,0,,,20,11,9,1,0,1,19,11,8,6,3,3,19,11,8,19,11,8,13,8,5,9,6,3,2,2,0,0,0,0,1,0,1,11,11,4,6,0,1,0,0,0,7,6,1,0,8,0,2,3
53385422,1,,53385456;53385466,24,10,14,0,0,0,31,13,18,10,5,5,31,13,18,31,13,18,21,8,13,17,6,11,8,4,4,0,0,0,0,0,0,13,13,9,6,2,1,0,0,0,9,9,0,0,14,0,7,6
53385424,0,,,16,9,7,1,0,1,15,9,6,4,3,1,15,9,6,15,9,6,11,6,5,8,5,3,3,1,2,0,0,0,0,0,0,11,11,7,3,1,0,0,0,0,4,4,0,1,8,0,5,3
53385425,2,53385414,,1,0,1,*,*,*,*,*,*,*,*,*,*,*,*,*,*,*,*,*,*,*,*,*,*,*,*,*,*,*,*,*,*,1,1,*,*,*,*,*,*,*,*,*,*,*,*,*,*,*
53385432,1,,53385465,12,6,6,0,0,0,15,7,8,2,1,1,15,7,8,15,7,8,13,6,7,4,1,3,3,0,3,1,0,1,0,0,0,8,8,7,4,0,0,0,0,0,3,3,0,0,9,0,5,3
53385442,1,,53385443,9,4,5,0,0,0,10,4,6,1,0,1,10,4,6,10,4,6,9,4,5,5,2,3,2,0,2,0,0,0,0,0,0,5,5,2,4,0,0,0,0,0,4,4,0,0,6,0,2,1
53385443,2,53385442,,1,0,1,*,*,*,*,*,*,*,*,*,*,*,*,*,*,*,*,*,*,*,*,*,*,*,*,*,*,*,*,*,*,1,1,*,*,*,*,*,*,*,*,*,*,*,*,*,*,*
53385456,2,53385422,,4,2,2,*,*,*,*,*,*,*,*,*,*,*,*,*,*,*,*,*,*,*,*,*,*,*,*,*,*,*,*,*,*,2,2,*,*,*,*,*,*,*,*,*,*,*,*,*,*,*
53385465,2,53385432,,3,1,2,*,*,*,*,*,*,*,*,*,*,*,*,*,*,*,*,*,*,*,*,*,*,*,*,*,*,*,*,*,*,3,3,*,*,*,*,*,*,*,*,*,*,*,*,*,*,*
53385466,2,53385422,,3,1,2,*,*,*,*,*,*,*,*,*,*,*,*,*,*,*,*,*,*,*,*,*,*,*,*,*,*,*,*,*,*,3,3,*,*,*,*,*,*,*,*,*,*,*,*,*,*,*
53385501,0,,,84,41,43,1,1,0,78,38,40,21,13,8,77,38,39,77,38,39,57,25,32,35,15,20,15,6,9,1,0,1,0,0,0,45,45,16,22,5,1,1,0,0,28,25,3,0,38,0,11,14
53385503,0,,,14,9,5,0,0,0,14,9,5,3,2,1,14,9,5,14,9,5,11,7,4,5,3,2,0,0,0,0,0,0,1,1,0,7,7,2,3,2,0,0,0,0,5,5,0,0,7,0,2,3
53385504,0,,,45,26,19,2,1,1,43,25,18,25,16,9,41,24,17,40,24,16,18,9,9,7,5,2,4,3,1,0,0,0,1,0,1,19,19,5,8,2,2,2,0,0,14,13,1,0,13,0,4,3
53385505,0,,,155,82,73,14,10,4,141,72,69,61,30,31,141,72,69,140,72,68,80,42,38,37,20,17,11,6,5,3,0,3,0,0,0,67,67,20,23,12,8,3,1,0,47,39,8,3,54,0,16,14
53385506,0,,,340,171,169,32,17,15,307,153,154,168,84,84,298,149,149,293,145,148,139,69,70,68,29,39,26,10,16,8,2,6,1,0,1,139,139,38,45,30,14,7,4,1,101,81,20,5,98,1,27,20
53385507,0,,,407,196,211,26,12,14,381,184,197,172,98,74,369,177,192,364,174,190,209,86,123,138,47,91,88,20,68,21,3,18,2,2,0,118,115,30,41,15,17,6,4,2,84,61,23,7,86,3,24,19
53385508,0,,,105,50,55,10,4,6,95,46,49,47,25,22,95,46,49,94,45,49,48,21,27,25,8,17,11,4,7,1,0,1,1,1,0,41,41,11,11,9,5,5,0,0,30,22,8,4,34,0,9,6
53385511,0,,,13,5,8,0,0,0,11,4,7,3,0,3,11,4,7,11,4,7,8,4,4,1,0,1,1,0,1,0,0,0,0,0,0,7,7,3,3,0,1,0,0,0,3,1,2,0,6,0,3,0
53385513,0,,,9,4,5,0,0,0,9,4,5,3,0,3,9,4,5,8,4,4,6,4,2,4,2,2,0,0,0,0,0,0,0,0,0,4,4,0,3,1,0,0,0,0,4,4,0,0,4,0,0,3
53385514,0,,,9,5,4,0,0,0,9,5,4,6,4,2,9,5,4,9,5,4,3,1,2,3,1,2,2,1,1,0,0,0,0,0,0,5,5,2,2,1,0,0,0,0,3,3,0,0,2,1,0,1
53385515,0,,,11,6,5,1,1,0,10,5,5,7,3,4,9,5,4,9,5,4,3,2,1,1,0,1,1,0,1,0,0,0,0,0,0,5,5,1,3,0,1,0,0,0,4,4,0,0,3,0,1,0
53385516,0,,,201,105,96,10,6,4,190,98,92,89,53,36,189,97,92,189,97,92,101,45,56,55,25,30,11,2,9,1,0,1,1,0,1,88,88,19,41,16,8,4,0,0,69,61,8,3,64,0,12,27
53385518,0,,,53,27,26,0,0,0,51,26,25,28,15,13,50,25,25,50,25,25,23,11,12,17,8,9,9,3,6,1,0,1,0,0,0,19,19,2,8,4,3,1,1,0,16,10,6,0,14,0,2,5
53385519,2,53385529,,3,1,2,*,*,*,*,*,*,*,*,*,*,*,*,*,*,*,*,*,*,*,*,*,*,*,*,*,*,*,*,*,*,2,2,*,*,*,*,*,*,*,*,*,*,*,*,*,*,*
53385520,2,53385530,,5,3,2,*,*,*,*,*,*,*,*,*,*,*,*,*,*,*,*,*,*,*,*,*,*,*,*,*,*,*,*,*,*,1,1,*,*,*,*,*,*,*,*,*,*,*,*,*,*,*
53385525,0,,,15,8,7,0,0,0,14,7,7,8,5,3,13,7,6,12,6,6,6,2,4,4,1,3,0,0,0,0,0,0,0,0,0,7,7,2,4,0,0,1,0,0,5,4,1,0,4,0,0,1
53385526,1,,53385535,151,79,72,10,8,2,152,77,75,82,40,42,147,74,73,142,71,71,70,37,33,40,21,19,13,7,6,1,1,0,0,0,0,63,63,19,20,9,14,4,0,0,47,39,8,3,47,0,14,13
53385528,2,53385529,,7,5,2,*,*,*,*,*,*,*,*,*,*,*,*,*,*,*,*,*,*,*,*,*,*,*,*,*,*,*,*,*,*,4,4,*,*,*,*,*,*,*,*,*,*,*,*,*,*,*
53385529,1,,53385519;53385528,91,44,47,3,1,2,98,49,49,50,24,26,94,45,49,93,45,48,48,25,23,21,8,13,12,6,6,2,1,1,0,0,0,40,40,22,10,4,6,1,3,0,24,17,7,0,35,0,16,3
53385530,1,,53385520;53385560;53385572,33,16,17,3,3,0,45,22,23,23,14,9,44,22,22,43,21,22,22,8,14,14,6,8,4,1,3,0,0,0,0,0,0,14,14,3,6,6,0,3,0,0,15,10,5,1,14,0,1,6
53385535,2,53385526,,11,6,5,*,*,*,*,*,*,*,*,*,*,*,*,*,*,*,*,*,*,*,*,*,*,*,*,*,*,*,*,*,*,3,3,*,*,*,*,*,*,*,*,*,*,*,*,*,*,*
53385538,0,,,23,12,11,0,0,0,23,12,11,15,9,6,23,12,11,22,11,11,8,3,5,6,2,4,3,1,2,0,0,0,0,0,0,9,9,2,3,1,3,0,0,0,7,5,2,0,6,0,2,1
53385539,0,,,35,20,15,4,3,1,31,17,14,18,10,8,30,16,14,30,16,14,13,7,6,5,4,1,1,1,0,0,0,0,0,0,0,13,13,2,6,2,1,1,1,0,11,9,2,1,8,0,1,3
53385547,0,,,41,21,20,2,0,2,39,21,18,18,13,5,38,20,18,38,20,18,21,8,13,12,3,9,6,2,4,1,0,1,0,0,0,19,19,8,3,6,1,1,0,0,11,8,3,0,15,0,6,2
53385548,0,,,44,21,23,7,4,3,37,17,20,19,9,10,37,17,20,37,17,20,18,8,10,12,4,8,4,1,3,1,0,1,0,0,0,19,19,5,7,4,2,1,0,0,14,11,3,2,13,0,4,2
53385549,0,,,39,17,22,7,4,3,32,13,19,19,8,11,30,13,17,30,13,17,13,5,8,10,3,7,5,2,3,0,0,0,0,0,0,16,16,5,5,3,1,1,1,0,11,8,3,1,9,0,2,3
53385557,0,,,61,32,29,0,0,0,58,31,27,31,17,14,56,30,26,56,30,26,27,14,13,13,6,7,2,2,0,0,0,0,0,0,0,29,29,7,15,4,3,0,0,0,20,17,3,0,20,0,5,7
53385558,0,,,21,11,10,0,0,0,20,10,10,6,3,3,20,10,10,20,10,10,14,7,7,9,4,5,4,2,2,0,0,0,0,0,0,10,10,3,4,2,1,0,0,0,7,6,1,0,8,0,2,3
53385559,0,,,132,68,64,5,1,4,127,67,60,80,48,32,122,64,58,120,64,56,47,19,28,23,9,14,8,4,4,1,1,0,2,0,2,48,46,16,20,4,4,0,1,1,30,26,4,2,29,0,10,8
53385560,2,53385530,,3,2,1,*,*,*,*,*,*,*,*,*,*,*,*,*,*,*,*,*,*,*,*,*,*,*,*,*,*,*,*,*,*,1,1,*,*,*,*,*,*,*,*,*,*,*,*,*,*,*
53385569,1,,53385578;53385579,43,22,21,4,2,2,47,24,23,18,9,9,47,24,23,46,24,22,29,15,14,15,6,9,6,1,5,0,0,0,0,0,0,22,22,12,5,6,0,1,0,1,13,10,3,0,20,0,9,3
53385572,2,53385530,,7,4,3,*,*,*,*,*,*,*,*,*,*,*,*,*,*,*,*,*,*,*,*,*,*,*,*,*,*,*,*,*,*,2,2,*,*,*,*,*,*,*,*,*,*,*,*,*,*,*
53385578,2,53385569,,8,5,3,*,*,*,*,*,*,*,*,*,*,*,*,*,*,*,*,*,*,*,*,*,*,*,*,*,*,*,*,*,*,2,2,*,*,*,*,*,*,*,*,*,*,*,*,*,*,*
53385579,2,53385569,,1,0,1,*,*,*,*,*,*,*,*,*,*,*,*,*,*,*,*,*,*,*,*,*,*,*,*,*,*,*,*,*,*,1,1,*,*,*,*,*,*,*,*,*,*,*,*,*,*,*
53385600,1,,53385634,74,33,41,6,3,3,70,30,40,31,14,17,70,30,40,69,30,39,39,16,23,10,3,7,5,0,5,1,0,1,0,0,0,28,28,4,13,7,5,1,0,0,25,20,5,1,23,0,3,6
53385634,2,53385600,,2,0,2,*,*,*,*,*,*,*,*,*,*,*,*,*,*,*,*,*,*,*,*,*,*,*,*,*,*,*,*,*,*,2,2,*,*,*,*,*,*,*,*,*,*,*,*,*,*,*
53385654,2,53385670,,2,1,1,*,*,*,*,*,*,*,*,*,*,*,*,*,*,*,*,*,*,*,*,*,*,*,*,*,*,*,*,*,*,2,2,*,*,*,*,*,*,*,*,*,*,*,*,*,*,*
53385665,2,53385666,,6,3,3,*,*,*,*,*,*,*,*,*,*,*,*,*,*,*,*,*,*,*,*,*,*,*,*,*,*,*,*,*,*,4,4,*,*,*,*,*,*,*,*,*,*,*,*,*,*,*
53385666,1,,53385665;53385667;53385696,5,3,2,0,0,0,14,8,6,5,4,1,14,8,6,14,8,6,9,4,5,7,3,4,2,1,1,0,0,0,0,0,0,3,3,5,3,1,0,0,0,0,4,4,0,0,6,1,2,2
53385667,2,53385666,,2,2,0,*,*,*,*,*,*,*,*,*,*,*,*,*,*,*,*,*,*,*,*,*,*,*,*,*,*,*,*,*,*,1,1,*,*,*,*,*,*,*,*,*,*,*,*,*,*,*
53385670,1,,53385654,68,36,32,1,0,1,69,37,32,37,20,17,67,35,32,66,34,32,32,17,15,21,9,12,9,5,4,2,1,1,0,0,0,29,29,11,9,5,4,2,0,0,20,14,6,0,22,1,7,5
53385680,0,,,17,6,11,0,0,0,17,6,11,7,3,4,16,6,10,16,6,10,10,3,7,6,1,5,6,1,5,1,0,1,0,0,0,11,11,6,4,1,0,0,0,0,5,5,0,0,9,0,5,1
53385696,2,53385666,,1,0,1,*,*,*,*,*,*,*,*,*,*,*,*,*,*,*,*,*,*,*,*,*,*,*,*,*,*,*,*,*,*,1,1,*,*,*,*,*,*,*,*,*,*,*,*,*,*,*
53385705,0,,,79,39,40,10,4,6,69,35,34,38,21,17,69,35,34,69,35,34,31,14,17,16,6,10,5,2,3,0,0,0,1,0,1,41,41,18,14,4,4,1,0,0,23,22,1,2,22,5,10,8
53385706,0,,,122,64,58,22,13,9,100,51,49,62,33,29,98,50,48,98,50,48,38,18,20,16,5,11,6,2,4,0,0,0,0,0,0,58,58,26,14,8,6,4,0,0,30,24,6,5,24,5,7,6
53385707,0,,,10,6,4,0,0,0,10,6,4,6,3,3,9,5,4,9,5,4,4,3,1,2,2,0,1,1,0,0,0,0,0,0,0,6,6,2,4,0,0,0,0,0,4,4,0,0,3,1,1,2
53385714,0,,,114,57,57,7,2,5,107,55,52,39,23,16,105,54,51,104,53,51,68,32,36,32,12,20,14,5,9,2,2,0,5,4,1,53,53,20,21,3,5,2,1,1,33,24,9,1,45,3,15,18
53385715,0,,,154,73,81,23,13,10,131,60,71,73,32,41,124,57,67,124,57,67,58,28,30,33,15,18,12,4,8,2,1,1,1,1,0,74,74,31,23,10,6,1,3,0,42,36,6,4,38,10,13,15
53385717,0,,,67,34,33,5,2,3,62,32,30,33,16,17,62,32,30,62,32,30,29,16,13,19,11,8,9,6,3,1,1,0,1,0,1,33,33,10,16,3,4,0,0,0,23,19,4,2,21,0,8,5
53385718,0,,,26,14,12,0,0,0,26,14,12,15,9,6,24,12,12,24,12,12,11,5,6,4,0,4,3,0,3,0,0,0,0,0,0,12,12,6,3,1,1,0,0,1,5,3,2,0,9,0,5,0
53385729,2,53385739,,5,2,3,*,*,*,*,*,*,*,*,*,*,*,*,*,*,*,*,*,*,*,*,*,*,*,*,*,*,*,*,*,*,3,3,*,*,*,*,*,*,*,*,*,*,*,*,*,*,*
53385738,1,,53385746,39,20,19,0,0,0,41,21,20,18,11,7,41,21,20,41,21,20,23,10,13,16,7,9,6,4,2,0,0,0,0,0,0,22,22,8,12,3,0,0,0,0,15,15,0,0,16,0,5,7
53385739,1,,53385729,14,9,5,1,1,0,18,10,8,5,3,2,18,10,8,18,10,8,13,7,6,6,3,3,2,0,2,0,0,0,0,0,0,8,8,4,6,1,0,0,0,0,7,6,1,1,9,1,3,4
53385743,0,,,262,135,127,24,15,9,238,120,118,112,60,52,235,118,117,235,118,117,126,60,66,78,31,47,37,15,22,1,1,0,0,0,0,143,143,68,48,16,7,3,0,1,75,67,8,3,98,7,46,23
53385744,0,,,60,26,34,8,3,5,52,23,29,23,11,12,52,23,29,52,23,29,29,12,17,20,8,12,7,4,3,1,0,1,0,0,0,25,25,4,12,5,3,1,0,0,21,19,2,3,16,0,3,8
53385745,0,,,43,21,22,1,0,1,42,21,21,22,13,9,39,20,19,38,19,19,20,8,12,11,5,6,2,1,1,0,0,0,0,0,0,20,20,8,6,3,1,2,0,0,12,8,4,0,16,0,5,3
53385746,2,53385738,,2,1,1,*,*,*,*,*,*,*,*,*,*,*,*,*,*,*,*,*,*,*,*,*,*,*,*,*,*,*,*,*,*,1,1,*,*,*,*,*,*,*,*,*,*,*,*,*,*,*
53385752,2,53385753,,8,5,3,*,*,*,*,*,*,*,*,*,*,*,*,*,*,*,*,*,*,*,*,*,*,*,*,*,*,*,*,*,*,4,4,*,*,*,*,*,*,*,*,*,*,*,*,*,*,*
53385753,1,,53385752,107,59,48,6,2,4,109,62,47,74,43,31,108,62,46,108,62,46,35,19,16,11,5,6,5,1,4,0,0,0,1,0,1,64,64,38,19,7,2,2,0,0,30,27,3,3,25,11,6,9
53385757,2,53385759,,5,3,2,*,*,*,*,*,*,*,*,*,*,*,*,*,*,*,*,*,*,*,*,*,*,*,*,*,*,*,*,*,*,2,2,*,*,*,*,*,*,*,*,*,*,*,*,*,*,*
53385759,1,,53385757;53385769,20,11,9,2,2,0,29,14,15,13,8,5,28,13,15,28,13,15,16,6,10,12,5,7,5,1,4,1,0,1,0,0,0,10,10,4,5,3,2,0,0,0,10,8,2,0,11,0,3,3
53385769,2,53385759,,6,2,4,*,*,*,*,*,*,*,*,*,*,*,*,*,*,*,*,*,*,*,*,*,*,*,*,*,*,*,*,*,*,2,2,*,*,*,*,*,*,*,*,*,*,*,*,*,*,*
53386000,0,,,1238,598,640,174,86,88,1060,510,550,642,324,318,1010,488,522,1000,481,519,418,186,232,252,109,143,114,48,66,24,9,15,18,8,10,419,417,62,140,109,65,24,12,5,353,291,62,45,211,5,26,64
53386001,0,,,1008,493,515,134,59,75,873,433,440,530,284,246,844,414,430,829,404,425,343,149,194,191,81,110,66,24,42,5,1,4,10,4,6,364,364,72,105,87,58,27,8,7,292,228,64,28,224,2,42,52
53386002,0,,,448,222,226,47,20,27,401,202,199,238,124,114,388,194,194,382,190,192,163,78,85,88,40,48,29,11,18,4,1,3,1,0,1,156,156,24,52,29,35,8,4,4,132,96,36,9,102,0,12,28
53386003,1,,53386013,678,334,344,115,53,62,554,277,277,349,180,169,530,261,269,523,259,264,205,97,108,89,40,49,31,8,23,4,0,4,3,1,2,240,240,45,74,42,50,19,10,1,192,165,27,28,124,0,25,44
53386004,0,,,1129,545,584,101,54,47,1028,491,537,532,271,261,993,473,520,983,465,518,496,220,276,273,120,153,102,40,62,6,2,4,9,0,9,450,450,112,164,78,49,28,14,5,334,254,80,22,319,10,70,99
53386005,0,,,178,86,92,19,9,10,159,77,82,78,38,40,155,75,80,154,75,79,81,39,42,49,23,26,22,12,10,4,3,1,1,1,0,72,72,14,35,8,8,4,3,0,58,47,11,5,53,0,11,24
53386007,0,,,50,23,27,10,3,7,40,20,20,19,10,9,40,20,20,40,20,20,21,10,11,16,6,10,8,3,5,0,0,0,0,0,0,25,25,11,6,6,1,1,0,0,14,14,0,1,16,0,10,3
53386008,2,53386018,,6,4,2,*,*,*,*,*,*,*,*,*,*,*,*,*,*,*,*,*,*,*,*,*,*,*,*,*,*,*,*,*,*,3,3,*,*,*,*,*,*,*,*,*,*,*,*,*,*,*
53386009,2,53386018,,5,2,3,*,*,*,*,*,*,*,*,*,*,*,*,*,*,*,*,*,*,*,*,*,*,*,*,*,*,*,*,*,*,2,2,*,*,*,*,*,*,*,*,*,*,*,*,*,*,*
53386010,0,,,661,301,360,56,31,25,605,270,335,295,151,144,588,261,327,580,258,322,310,119,191,221,77,144,134,38,96,26,1,25,16,8,8,180,178,37,53,30,29,19,7,3,140,98,42,13,106,4,19,26
53386011,0,,,247,128,119,27,16,11,220,112,108,143,77,66,211,105,106,209,103,106,77,35,42,53,22,31,16,10,6,0,0,0,1,0,1,94,94,18,30,23,18,2,3,0,76,67,9,5,52,0,11,15
53386012,0,,,260,125,135,21,12,9,239,113,126,129,67,62,234,111,123,233,111,122,110,46,64,72,29,43,26,13,13,2,0,2,2,2,0,98,98,22,30,22,13,6,5,0,75,50,25,2,74,2,16,18
53386013,2,53386003,,3,1,2,*,*,*,*,*,*,*,*,*,*,*,*,*,*,*,*,*,*,*,*,*,*,*,*,*,*,*,*,*,*,1,1,*,*,*,*,*,*,*,*,*,*,*,*,*,*,*
53386015,0,,,101,46,55,2,0,2,99,46,53,38,20,18,96,45,51,96,45,51,61,26,35,42,15,27,21,7,14,2,0,2,2,1,1,43,43,12,16,8,4,1,2,0,31,23,8,0,40,0,11,6
53386016,0,,,12,6,6,0,0,0,12,6,6,5,2,3,12,6,6,12,6,6,7,4,3,4,2,2,0,0,0,0,0,0,0,0,0,5,5,0,4,0,1,0,0,0,5,4,1,0,4,0,0,2
53386017,0,,,53,25,28,6,2,4,47,23,24,29,13,16,44,22,22,41,22,19,18,10,8,11,6,5,5,1,4,0,0,0,0,0,0,21,21,9,3,2,3,4,0,0,11,6,5,3,13,0,5,1
53386018,1,,53386008;53386009,57,29,28,15,6,9,53,29,24,32,17,15,53,29,24,53,29,24,21,12,9,11,4,7,6,0,6,0,0,0,0,0,0,25,25,11,7,6,5,1,0,0,18,17,1,6,15,0,6,2
53386020,0,,,286,137,149,57,26,31,229,111,118,170,81,89,216,105,111,215,104,111,59,30,29,26,12,14,7,3,4,0,0,0,11,7,4,92,92,17,21,19,18,6,9,2,75,57,18,10,41,0,9,3
53386021,0,,,206,105,101,17,8,9,189,97,92,103,60,43,182,94,88,176,89,87,86,37,49,39,15,24,11,4,7,2,1,1,3,2,1,74,74,13,24,19,8,6,2,2,59,44,15,1,54,0,10,11
53386022,0,,,133,74,59,20,14,6,113,60,53,68,39,29,107,56,51,107,56,51,45,21,24,28,13,15,10,4,6,0,0,0,0,0,0,44,44,7,12,12,4,6,1,2,37,28,9,4,27,0,2,6
53386026,0,,,51,27,24,5,3,2,46,24,22,25,12,13,45,24,21,45,24,21,21,12,9,15,8,7,5,2,3,1,0,1,0,0,0,23,23,10,5,4,1,3,0,0,13,11,2,2,15,0,6,3
53386027,1,,53386028;53386038,28,13,15,14,9,5,27,11,16,14,7,7,26,11,15,25,10,15,13,4,9,12,4,8,8,2,6,0,0,0,0,0,0,11,11,9,3,1,1,2,0,1,7,6,1,3,9,0,5,2
53386028,2,53386027,,8,4,4,*,*,*,*,*,*,*,*,*,*,*,*,*,*,*,*,*,*,*,*,*,*,*,*,*,*,*,*,*,*,5,4,*,*,*,*,*,*,*,*,*,*,*,*,*,*,*
53386030,0,,,181,87,94,40,19,21,141,68,73,96,46,50,138,66,72,136,65,71,45,22,23,23,10,13,9,2,7,0,0,0,2,0,2,61,61,12,15,11,12,9,1,1,49,42,7,9,31,1,11,6
53386031,0,,,651,311,340,71,38,33,580,273,307,338,173,165,551,262,289,541,256,285,242,100,142,152,60,92,54,17,37,4,0,4,3,1,2,230,229,41,72,51,38,15,7,5,186,140,46,10,150,0,29,39
53386032,0,,,69,38,31,5,2,3,64,36,28,36,23,13,58,30,28,58,30,28,28,13,15,18,7,11,4,2,2,0,0,0,1,0,1,26,26,6,8,5,3,4,0,0,19,14,5,1,19,0,5,3
53386036,0,,,91,46,45,11,4,7,80,42,38,46,24,22,78,41,37,77,41,36,34,18,16,18,8,10,8,4,4,0,0,0,0,0,0,32,32,5,11,6,6,3,0,1,27,21,6,5,23,0,2,5
53386037,0,,,62,32,30,2,1,1,60,31,29,29,18,11,58,30,28,58,30,28,31,13,18,18,7,11,8,3,5,0,0,0,1,0,1,26,26,10,7,2,4,2,1,0,16,11,5,1,21,0,6,6
53386038,2,53386027,,5,3,2,*,*,*,*,*,*,*,*,*,*,*,*,*,*,*,*,*,*,*,*,*,*,*,*,*,*,*,*,*,*,2,2,*,*,*,*,*,*,*,*,*,*,*,*,*,*,*
53386039,1,,53386049,9,5,4,0,0,0,10,5,5,3,2,1,10,5,5,10,5,5,7,3,4,3,1,2,1,0,1,0,0,0,0,0,0,6,6,4,3,0,0,0,0,0,2,2,0,0,5,0,3,2
53386040,0,,,249,119,130,21,11,10,228,108,120,126,63,63,221,104,117,218,103,115,102,45,57,56,24,32,18,7,11,1,1,0,2,0,2,91,91,15,32,21,13,6,3,1,76,52,24,5,65,0,11,17
53386041,0,,,184,94,90,24,14,10,160,80,80,97,53,44,153,76,77,150,73,77,63,27,36,42,16,26,20,6,14,2,1,1,2,0,2,61,61,12,17,10,9,7,5,1,49,33,16,8,41,2,8,12
53386042,0,,,236,117,119,20,9,11,216,108,108,117,63,54,212,106,106,207,104,103,99,45,54,61,27,34,18,9,9,1,0,1,0,0,0,84,84,12,30,18,16,4,2,2,72,48,24,4,66,0,10,17
53386047,0,,,65,28,37,2,0,2,63,28,35,23,10,13,58,28,30,57,27,30,40,18,22,23,11,12,7,4,3,0,0,0,1,0,1,29,29,8,13,5,1,0,2,0,21,20,1,1,25,0,7,12
53386049,2,53386039,,1,0,1,*,*,*,*,*,*,*,*,*,*,*,*,*,*,*,*,*,*,*,*,*,*,*,*,*,*,*,*,*,*,1,1,*,*,*,*,*,*,*,*,*,*,*,*,*,*,*
53386050,0,,,200,106,94,18,9,9,182,97,85,98,49,49,181,96,85,178,94,84,84,48,36,47,27,20,13,6,7,3,0,3,6,2,4,79,79,26,23,10,8,8,2,2,53,34,19,2,56,4,14,11
53386057,0,,,37,19,18,3,2,1,34,17,17,19,11,8,34,17,17,34,17,17,15,6,9,10,4,6,5,1,4,0,0,0,0,0,0,15,15,4,3,5,3,0,0,0,11,7,4,1,11,0,3,1
53386059,2,53386078,,3,2,1,*,*,*,*,*,*,*,*,*,*,*,*,*,*,*,*,*,*,*,*,*,*,*,*,*,*,*,*,*,*,2,2,*,*,*,*,*,*,*,*,*,*,*,*,*,*,*
53386060,0,,,223,113,110,30,18,12,187,93,94,119,62,57,182,90,92,177,86,91,68,31,37,40,18,22,20,10,10,0,0,0,3,0,3,73,73,13,17,13,19,7,2,2,58,35,23,8,50,0,9,7
53386066,0,,,55,26,29,3,0,3,52,26,26,18,11,7,52,26,26,52,26,26,34,15,19,19,10,9,5,3,2,0,0,0,1,1,0,29,29,10,14,4,0,1,0,0,19,18,1,2,22,0,6,10
53386067,0,,,103,56,47,7,4,3,96,52,44,36,17,19,96,52,44,96,52,44,60,35,25,24,11,13,10,6,4,1,0,1,0,0,0,44,44,9,22,8,2,2,0,1,35,30,5,2,37,0,7,16
53386069,2,53386078,,2,1,1,*,*,*,*,*,*,*,*,*,*,*,*,*,*,*,*,*,*,*,*,*,*,*,*,*,*,*,*,*,*,1,1,*,*,*,*,*,*,*,*,*,*,*,*,*,*,*
53386070,0,,,266,126,140,25,13,12,231,109,122,134,70,64,228,108,120,223,106,117,97,39,58,54,17,37,23,6,17,4,0,4,4,1,3,96,96,19,32,18,13,9,4,1,73,52,21,3,65,0,12,11
53386077,1,,53386088,158,70,88,6,5,1,157,67,90,78,35,43,153,66,87,152,65,87,79,32,47,53,20,33,24,9,15,1,1,0,1,0,1,64,64,21,21,10,8,4,3,0,45,32,13,0,56,0,18,11
53386078,1,,53386059;53386069,67,31,36,2,0,2,70,34,36,36,17,19,69,34,35,68,33,35,34,17,17,18,7,11,7,2,5,0,0,0,2,1,1,24,24,5,9,6,4,3,0,0,22,17,5,1,22,0,4,6
53386080,0,,,106,55,51,12,9,3,93,45,48,47,25,22,91,44,47,89,42,47,46,20,26,21,10,11,9,3,6,0,0,0,0,0,0,39,39,8,14,7,4,4,1,1,31,26,5,3,30,0,7,8
53386087,0,,,68,28,40,6,3,3,62,25,37,29,13,16,61,25,36,60,24,36,33,12,21,25,9,16,15,5,10,3,1,2,0,0,0,32,32,11,10,7,4,0,0,0,21,20,1,2,23,0,9,4
53386088,2,53386077,,5,2,3,*,*,*,*,*,*,*,*,*,*,*,*,*,*,*,*,*,*,*,*,*,*,*,*,*,*,*,*,*,*,3,3,*,*,*,*,*,*,*,*,*,*,*,*,*,*,*
53386097,0,,,23,12,11,5,3,2,18,9,9,8,4,4,18,9,9,18,9,9,10,5,5,4,3,1,2,2,0,0,0,0,0,0,0,11,11,4,4,2,0,1,0,0,7,7,0,0,7,0,2,3
53386140,1,,53386150;53386170;53386180,17,9,8,3,2,1,23,12,11,13,4,9,23,12,11,23,12,11,10,8,2,2,2,0,0,0,0,0,0,0,1,1,0,7,7,7,3,1,0,2,0,0,5,4,1,1,9,0,6,1
53386150,2,53386140,,2,1,1,*,*,*,*,*,*,*,*,*,*,*,*,*,*,*,*,*,*,*,*,*,*,*,*,*,*,*,*,*,*,1,1,*,*,*,*,*,*,*,*,*,*,*,*,*,*,*
53386157,2,53386168,,3,0,3,*,*,*,*,*,*,*,*,*,*,*,*,*,*,*,*,*,*,*,*,*,*,*,*,*,*,*,*,*,*,1,1,*,*,*,*,*,*,*,*,*,*,*,*,*,*,*
53386159,0,,,16,6,10,0,0,0,16,6,10,7,3,4,16,6,10,14,5,9,9,3,6,7,2,5,3,0,3,0,0,0,0,0,0,6,6,1,2,1,2,0,0,0,5,2,3,0,6,0,1,2
53386167,0,,,19,10,9,4,4,0,15,6,9,8,3,5,15,6,9,15,6,9,7,3,4,2,0,2,2,0,2,0,0,0,0,0,0,6,6,2,1,2,0,0,0,1,4,2,2,0,5,0,2,0
53386168,1,,53386157,29,14,15,0,0,0,32,14,18,13,6,7,32,14,18,31,14,17,19,8,11,14,5,9,1,0,1,1,0,1,0,0,0,15,15,5,7,3,1,0,0,0,11,10,1,0,13,0,4,4
53386169,0,,,138,73,65,11,7,4,127,66,61,74,41,33,124,64,60,122,62,60,53,25,28,31,11,20,16,4,12,4,0,4,2,0,2,53,53,16,11,12,8,4,2,0,35,22,13,3,38,0,10,5
53386170,2,53386140,,5,2,3,*,*,*,*,*,*,*,*,*,*,*,*,*,*,*,*,*,*,*,*,*,*,*,*,*,*,*,*,*,*,3,3,*,*,*,*,*,*,*,*,*,*,*,*,*,*,*
53386176,2,53386177,,2,1,1,*,*,*,*,*,*,*,*,*,*,*,*,*,*,*,*,*,*,*,*,*,*,*,*,*,*,*,*,*,*,1,1,*,*,*,*,*,*,*,*,*,*,*,*,*,*,*
53386177,1,,53386176,112,60,52,14,5,9,100,56,44,57,36,21,99,55,44,99,55,44,43,20,23,26,11,15,9,3,6,0,0,0,1,1,0,45,45,14,11,10,7,4,0,0,32,22,10,4,31,1,6,5
53386178,0,,,245,121,124,14,10,4,231,111,120,131,66,65,227,108,119,225,107,118,100,45,55,56,23,33,27,8,19,4,2,2,1,1,0,87,87,17,26,15,18,7,4,0,70,46,24,6,69,0,13,13
53386179,0,,,217,111,106,14,6,8,203,105,98,128,74,54,200,104,96,196,103,93,75,31,44,43,17,26,9,5,4,0,0,0,1,0,1,57,56,12,18,14,10,0,1,1,44,38,6,4,36,0,8,11
53386180,2,53386140,,2,2,0,*,*,*,*,*,*,*,*,*,*,*,*,*,*,*,*,*,*,*,*,*,*,*,*,*,*,*,*,*,*,2,2,*,*,*,*,*,*,*,*,*,*,*,*,*,*,*
53386186,1,,53386194,25,13,12,5,3,2,23,12,11,16,9,7,21,12,9,21,12,9,7,3,4,3,1,2,2,1,1,0,0,0,1,0,1,8,8,2,0,4,2,0,1,0,6,4,2,0,5,0,1,0
53386187,0,,,319,156,163,26,12,14,293,144,149,156,77,79,281,137,144,277,134,143,137,67,70,79,35,44,28,13,15,2,2,0,3,2,1,128,128,29,46,30,14,5,1,3,99,80,19,6,94,0,23,27
53386188,0,,,405,205,200,67,35,32,335,168,167,216,113,103,313,152,161,304,148,156,119,55,64,56,31,25,13,6,7,1,0,1,10,8,2,146,146,39,37,26,22,11,8,3,105,84,21,11,76,10,16,25
53386189,0,,,968,471,497,130,62,68,835,408,427,508,251,257,810,395,415,796,390,406,327,157,170,175,83,92,56,27,29,4,1,3,13,7,6,393,393,89,147,82,48,17,8,2,302,270,32,33,218,12,44,71
53386194,2,53386186,,3,2,1,*,*,*,*,*,*,*,*,*,*,*,*,*,*,*,*,*,*,*,*,*,*,*,*,*,*,*,*,*,*,1,1,*,*,*,*,*,*,*,*,*,*,*,*,*,*,*
53386196,0,,,40,20,20,6,4,2,34,16,18,19,10,9,34,16,18,33,15,18,15,6,9,8,3,5,5,2,3,0,0,0,0,0,0,15,15,2,6,3,3,1,0,0,13,11,2,1,10,0,1,4
53386197,0,,,340,172,168,38,22,16,302,150,152,182,95,87,293,148,145,286,144,142,120,55,65,66,25,41,39,12,27,3,1,2,0,0,0,123,123,21,42,25,23,4,8,0,102,76,26,11,74,2,12,22
53386198,0,,,1268,578,690,143,77,66,1118,496,622,617,300,317,1084,484,600,1066,479,587,501,196,305,317,108,209,157,40,117,27,5,22,28,12,16,475,473,135,140,96,62,26,7,7,334,277,57,30,265,15,73,64
53386199,0,,,1226,558,668,150,66,84,1062,485,577,647,316,331,1035,473,562,1016,467,549,415,169,246,249,97,152,119,45,74,14,4,10,25,13,12,516,514,184,147,81,69,23,9,1,328,271,57,38,253,39,65,66
53386203,0,,,36,18,18,4,2,2,32,16,16,18,9,9,30,14,16,30,14,16,14,7,7,4,3,1,1,1,0,0,0,0,5,2,3,16,16,4,6,5,0,1,0,0,12,12,0,0,9,0,3,4
53386204,0,,,164,80,84,8,5,3,156,75,81,83,43,40,154,74,80,149,71,78,73,32,41,42,16,26,11,3,8,1,0,1,1,0,1,75,75,25,28,11,7,2,2,0,50,40,10,1,51,0,13,18
53386205,0,,,153,78,75,19,13,6,134,65,69,85,39,46,128,62,66,126,60,66,49,26,23,24,13,11,8,3,5,3,1,2,1,1,0,58,58,9,20,16,9,4,0,0,49,44,5,3,29,0,5,14
53386206,0,,,54,32,22,3,2,1,51,30,21,33,20,13,49,28,21,48,27,21,18,10,8,13,8,5,4,4,0,0,0,0,1,0,1,21,21,3,7,9,1,0,1,0,18,14,4,0,13,0,2,5
53386207,0,,,282,139,143,54,30,24,228,109,119,140,67,73,218,103,115,215,102,113,88,42,46,49,25,24,20,13,7,0,0,0,3,0,3,100,100,19,40,14,8,8,9,2,81,66,15,13,55,3,13,21
53386208,0,,,101,49,52,7,5,2,94,44,50,41,20,21,91,43,48,91,43,48,53,24,29,27,11,16,7,2,5,2,0,2,1,0,1,46,46,15,15,9,6,1,0,0,31,28,3,2,35,0,12,13
53386209,0,,,389,183,206,37,20,17,352,163,189,184,91,93,344,160,184,342,160,182,168,72,96,93,37,56,33,11,22,1,0,1,6,5,1,176,176,51,71,29,19,5,0,1,124,106,18,10,110,7,22,47
53386213,0,,,50,24,26,4,1,3,46,23,23,18,12,6,45,22,23,42,21,21,28,11,17,17,6,11,8,1,7,0,0,0,0,0,0,24,24,9,9,3,1,2,0,0,15,12,3,1,20,0,9,6
53386214,0,,,57,27,30,2,1,1,55,26,29,30,17,13,55,26,29,54,26,28,25,9,16,7,2,5,2,0,2,0,0,0,0,0,0,25,25,6,13,2,2,1,1,0,19,15,4,1,17,1,3,6
53386215,0,,,92,45,47,11,7,4,81,38,43,38,18,20,80,38,42,79,37,42,43,20,23,17,6,11,7,3,4,0,0,0,2,0,2,37,37,8,16,6,3,2,2,0,29,23,6,2,26,0,3,7
53386216,0,,,183,88,95,23,9,14,160,79,81,76,41,35,157,79,78,155,78,77,84,38,46,40,14,26,11,3,8,1,0,1,1,0,1,78,78,20,34,10,8,4,1,1,58,50,8,6,56,1,14,20
53386217,1,,53386218,151,75,76,8,3,5,144,72,72,76,39,37,138,68,70,136,67,69,68,33,35,43,22,21,15,6,9,0,0,0,0,0,0,65,65,16,25,16,8,0,1,0,50,46,4,3,42,0,11,17
53386218,2,53386217,,1,0,1,*,*,*,*,*,*,*,*,*,*,*,*,*,*,*,*,*,*,*,*,*,*,*,*,*,*,*,*,*,*,1,1,*,*,*,*,*,*,*,*,*,*,*,*,*,*,*
53386219,0,,,170,87,83,11,5,6,158,81,77,99,52,47,152,78,74,148,74,74,59,29,30,40,16,24,13,7,6,1,0,1,0,0,0,81,81,30,32,8,6,4,0,1,49,42,7,4,40,2,10,17
53386223,0,,,77,41,36,10,7,3,67,34,33,30,18,12,66,33,33,63,30,33,37,16,21,21,9,12,8,3,5,1,0,1,0,0,0,31,31,7,13,3,6,1,1,0,24,20,4,1,22,0,6,10
53386224,0,,,340,165,175,34,17,17,306,148,158,182,95,87,290,140,150,284,136,148,124,53,71,78,29,49,33,13,20,7,4,3,3,1,2,140,140,37,45,32,15,9,2,0,102,88,14,4,81,1,21,21
53386225,0,,,373,178,195,38,17,21,335,161,174,211,106,105,330,159,171,321,153,168,124,55,69,56,21,35,23,7,16,4,0,4,2,0,2,161,161,43,56,40,13,8,1,0,118,106,12,12,83,2,20,25
53386226,0,,,270,137,133,26,14,12,241,122,119,147,76,71,234,118,116,229,115,114,94,46,48,38,16,22,14,5,9,2,1,1,1,0,1,128,128,51,39,23,7,5,2,1,74,63,11,11,66,5,24,17
53386227,0,,,276,139,137,30,18,12,246,121,125,133,65,68,243,119,124,240,117,123,113,56,57,63,32,31,15,8,7,1,0,1,3,1,2,124,124,28,65,16,8,4,3,0,94,84,10,12,67,2,12,36
53386228,0,,,177,89,88,14,8,6,163,81,82,84,43,41,161,81,80,158,79,79,79,38,41,30,13,17,10,2,8,2,0,2,0,0,0,77,77,20,31,13,9,4,0,0,57,53,4,2,51,1,14,20
53386229,0,,,190,91,99,25,13,12,165,78,87,93,43,50,161,78,83,159,76,83,72,35,37,38,16,22,15,4,11,0,0,0,2,1,1,71,71,17,22,12,14,4,0,2,54,44,10,4,50,0,15,16
53386232,0,,,59,28,31,3,1,2,56,27,29,15,9,6,55,26,29,54,25,29,41,18,23,23,9,14,11,5,6,1,0,1,1,0,1,29,29,9,14,3,2,1,0,0,18,16,2,0,27,0,9,8
53386233,0,,,93,49,44,14,7,7,79,42,37,41,21,20,79,42,37,79,42,37,38,21,17,22,11,11,8,4,4,1,1,0,0,0,0,37,37,7,15,6,7,2,0,0,30,27,3,3,28,0,7,8
53386234,0,,,630,387,243,65,32,33,562,353,209,376,264,112,446,239,207,422,216,206,186,89,97,93,45,48,29,13,16,4,1,3,4,4,0,222,221,68,83,29,26,14,0,1,151,135,16,17,126,4,38,42
53386235,0,,,931,412,519,89,42,47,839,368,471,495,220,275,787,363,424,765,355,410,344,148,196,178,72,106,63,14,49,8,2,6,9,6,3,401,400,150,126,57,33,22,6,6,247,203,44,14,236,18,77,72
53386236,0,,,70,36,34,4,2,2,65,33,32,43,22,21,64,32,32,64,32,32,22,11,11,7,4,3,2,1,1,0,0,0,1,0,1,51,51,37,11,1,2,0,0,0,14,13,1,0,14,23,4,8
53386237,0,,,237,130,107,12,9,3,224,120,104,119,65,54,218,116,102,215,115,100,105,55,50,33,20,13,10,4,6,4,2,2,0,0,0,134,134,69,41,13,8,3,0,0,64,59,5,2,68,15,22,28
53386238,0,,,181,95,86,16,7,9,165,88,77,91,50,41,163,86,77,161,84,77,74,38,36,33,16,17,10,3,7,0,0,0,2,2,0,85,85,23,40,13,7,1,1,0,60,54,6,6,51,3,14,19
53386239,0,,,327,154,173,30,18,12,297,136,161,145,63,82,291,135,156,290,134,156,152,73,79,71,36,35,18,6,12,3,0,3,2,2,0,145,145,39,63,20,17,3,2,1,105,94,11,7,99,0,27,44
53386241,0,,,189,89,100,6,1,5,183,88,95,98,54,44,182,88,94,181,87,94,85,34,51,55,20,35,25,8,17,4,1,3,1,0,1,83,83,31,24,14,8,1,4,1,52,39,13,3,61,0,22,8
53386242,0,,,29,12,17,2,0,2,27,12,15,13,4,9,27,12,15,27,12,15,14,8,6,7,4,3,4,3,1,0,0,0,0,0,0,11,11,0,5,5,1,0,0,0,11,10,1,1,8,0,0,3
53386243,0,,,179,92,87,24,17,7,155,75,80,95,48,47,146,70,76,145,70,75,60,27,33,30,12,18,14,4,10,3,1,2,1,0,1,77,77,23,26,13,11,3,1,0,52,46,6,3,42,0,16,12
53386244,0,,,143,59,84,9,6,3,134,53,81,88,31,57,133,53,80,128,51,77,46,22,24,31,14,17,6,2,4,1,0,1,0,0,0,70,70,33,13,16,5,2,1,0,37,29,8,6,33,11,11,10
53386245,0,,,256,133,123,26,16,10,228,116,112,114,64,50,224,114,110,220,112,108,114,52,62,51,23,28,14,4,10,1,0,1,7,5,2,123,123,41,52,16,9,4,0,1,81,75,6,4,75,10,21,32
53386246,0,,,150,74,76,8,4,4,142,70,72,72,32,40,139,69,70,137,68,69,70,38,32,34,20,14,6,4,2,0,0,0,3,2,1,72,72,21,34,10,5,1,1,0,49,46,3,4,48,0,15,20
53386247,0,,,594,234,360,40,19,21,551,212,339,213,108,105,542,208,334,537,205,332,338,104,234,247,66,181,163,31,132,45,4,41,2,1,1,220,217,108,63,22,16,6,1,1,107,95,12,8,140,7,73,37
53386248,0,,,207,106,101,18,10,8,189,96,93,96,48,48,185,94,91,182,92,90,93,48,45,40,19,21,16,7,9,0,0,0,1,1,0,91,90,22,46,10,7,5,0,0,67,62,5,4,58,0,15,29
53386249,0,,,208,108,100,17,12,5,191,96,95,104,53,51,186,92,94,182,88,94,87,43,44,41,23,18,12,4,8,0,0,0,1,1,0,93,93,25,40,15,9,2,2,0,68,62,6,4,58,0,18,23
53386250,0,,,85,45,40,1,1,0,84,44,40,32,17,15,84,44,40,83,44,39,52,27,25,25,12,13,12,7,5,3,2,1,2,1,1,38,38,12,10,12,3,1,0,0,25,20,5,0,33,0,11,7
53386251,0,,,287,133,154,25,10,15,262,123,139,147,75,72,251,119,132,248,116,132,115,48,67,62,21,41,21,5,16,1,0,1,1,0,1,128,128,42,42,21,18,4,1,0,86,76,10,4,84,0,36,25
53386252,0,,,377,186,191,39,17,22,337,169,168,173,92,81,328,162,166,321,157,164,164,77,87,86,39,47,26,11,15,3,0,3,3,2,1,155,155,37,60,28,18,10,0,2,116,103,13,8,107,1,23,35
53386253,0,,,259,120,139,31,15,16,228,105,123,116,56,60,226,105,121,222,103,119,112,49,63,56,24,32,23,5,18,1,0,1,0,0,0,106,106,28,33,26,12,3,4,0,76,62,14,10,75,0,23,20
53386254,0,,,110,71,39,46,38,8,64,33,31,46,22,24,58,28,30,55,27,28,18,11,7,5,3,2,1,0,1,1,0,1,3,1,2,34,33,13,13,3,3,0,0,1,20,18,2,1,12,10,0,7
53386255,0,,,62,30,32,7,4,3,55,26,29,37,17,20,52,24,28,52,24,28,18,9,9,9,5,4,0,0,0,0,0,0,0,0,0,35,35,19,10,2,3,1,0,0,16,16,0,1,12,6,3,7
53386256,0,,,348,159,189,25,11,14,323,148,175,169,73,96,310,139,171,307,136,171,154,75,79,58,24,34,12,4,8,0,0,0,6,3,3,166,166,49,77,19,18,2,1,0,114,107,7,4,97,3,26,47
53386257,0,,,198,99,99,12,7,5,186,92,94,74,36,38,183,91,92,180,90,90,112,56,56,65,36,29,15,6,9,1,0,1,1,0,1,95,95,22,52,14,5,2,0,0,73,66,7,5,70,0,19,38
53386258,0,,,339,169,170,13,7,6,326,162,164,153,79,74,324,161,163,321,161,160,173,83,90,85,39,46,19,5,14,2,1,1,3,0,3,150,149,46,68,20,10,3,1,1,102,93,9,2,102,0,31,42
53386259,0,,,71,31,40,8,4,4,63,27,36,40,16,24,63,27,36,63,27,36,23,11,12,15,7,8,1,1,0,0,0,0,1,0,1,41,41,18,17,5,1,0,0,0,23,23,0,2,18,1,8,5
53386260,1,,53386270,158,79,79,18,8,10,142,72,70,76,42,34,140,71,69,140,71,69,66,30,36,38,16,22,15,4,11,3,0,3,10,8,2,67,67,23,23,8,7,5,1,1,44,37,7,6,39,7,9,11
53386261,0,,,225,106,119,19,9,10,206,97,109,113,55,58,200,93,107,199,93,106,93,42,51,50,18,32,17,4,13,1,0,1,0,0,0,93,93,26,33,15,9,8,2,0,66,52,14,5,65,0,21,18
53386262,0,,,457,192,265,39,23,16,418,169,249,162,76,86,409,168,241,406,167,239,256,93,163,172,49,123,106,22,84,24,2,22,5,0,5,157,156,41,64,26,12,11,1,1,114,96,18,7,115,0,30,34
53386263,0,,,15,9,6,2,1,1,13,8,5,10,7,3,11,6,5,11,6,5,3,1,2,3,1,2,3,1,2,0,0,0,0,0,0,4,4,1,0,0,2,0,1,0,3,1,2,1,3,0,1,0
53386264,0,,,191,95,96,11,7,4,180,88,92,91,47,44,172,83,89,168,79,89,89,41,48,46,21,25,15,5,10,1,1,0,0,0,0,82,82,26,31,10,7,5,1,2,54,41,13,4,61,0,21,20
53386265,0,,,182,83,99,18,7,11,164,76,88,78,35,43,159,73,86,156,72,84,86,41,45,40,19,21,5,0,5,1,0,1,2,0,2,90,90,32,39,9,7,1,2,0,57,54,3,2,56,1,21,22
53386266,0,,,77,39,38,8,6,2,69,33,36,38,15,23,69,33,36,68,33,35,31,18,13,8,4,4,4,2,2,0,0,0,0,0,0,38,38,11,18,6,3,0,0,0,27,26,1,3,19,2,3,12
53386267,0,,,85,40,45,6,3,3,79,37,42,31,15,16,78,36,42,76,36,40,48,22,26,32,16,16,7,5,2,0,0,0,2,1,1,42,42,13,21,3,4,1,0,0,29,27,2,2,31,0,10,15
53386268,0,,,163,82,81,10,7,3,152,74,78,54,24,30,151,73,78,151,73,78,98,50,48,38,22,16,3,1,2,0,0,0,0,0,0,94,94,40,45,4,4,1,0,0,54,52,2,4,67,3,26,30
53386269,0,,,60,34,26,0,0,0,60,34,26,20,9,11,60,34,26,59,33,26,40,25,15,19,16,3,0,0,0,0,0,0,1,1,0,39,39,21,15,3,0,0,0,0,17,17,0,0,29,0,16,11
53386270,2,53386260,,2,1,1,*,*,*,*,*,*,*,*,*,*,*,*,*,*,*,*,*,*,*,*,*,*,*,*,*,*,*,*,*,*,1,1,*,*,*,*,*,*,*,*,*,*,*,*,*,*,*
53386271,0,,,24,14,10,6,5,1,18,9,9,10,5,5,18,9,9,18,9,9,8,4,4,8,4,4,1,1,0,0,0,0,0,0,0,8,8,1,2,2,2,1,0,0,7,5,2,3,4,0,1,1
53386272,0,,,86,41,45,12,7,5,74,34,40,47,22,25,71,34,37,70,33,37,27,12,15,14,7,7,3,2,1,0,0,0,3,2,1,34,34,6,18,2,4,3,0,1,26,24,2,4,17,0,3,7
53386274,0,,,92,45,47,5,3,2,87,42,45,42,24,18,86,42,44,85,41,44,45,18,27,28,9,19,9,2,7,2,0,2,0,0,0,39,39,11,15,6,5,0,1,1,28,26,2,0,27,0,5,12
53386275,0,,,34,15,19,0,0,0,34,15,19,21,7,14,33,15,18,33,15,18,13,8,5,5,2,3,1,0,1,0,0,0,0,0,0,21,21,10,9,2,0,0,0,0,11,10,1,0,9,0,3,2
53386278,0,,,17,8,9,0,0,0,17,8,9,10,4,6,17,8,9,17,8,9,7,4,3,3,2,1,0,0,0,0,0,0,0,0,0,10,10,5,4,0,1,0,0,0,5,5,0,0,5,0,3,2
53386279,0,,,16,7,9,0,0,0,16,7,9,4,3,1,16,7,9,16,7,9,12,4,8,5,3,2,1,0,1,0,0,0,0,0,0,10,10,5,4,1,0,0,0,0,5,4,1,0,7,0,3,3
53386281,0,,,146,68,78,20,9,11,126,59,67,66,34,32,120,53,67,119,52,67,60,25,35,36,14,22,19,5,14,2,0,2,0,0,0,49,49,9,13,10,7,7,3,0,40,24,16,3,35,0,8,10
53386282,0,,,239,120,119,14,7,7,225,113,112,93,38,55,221,112,109,221,112,109,132,75,57,47,27,20,9,4,5,1,0,1,7,4,3,117,117,31,63,14,6,2,1,0,85,81,4,5,81,0,20,45
53386290,0,,,361,180,181,48,23,25,313,157,156,172,90,82,304,150,154,303,150,153,141,67,74,75,33,42,26,8,18,3,1,2,6,2,4,126,126,16,43,30,23,9,4,1,110,82,28,8,85,0,11,24
53386291,0,,,375,188,187,45,22,23,330,166,164,179,91,88,319,160,159,314,155,159,151,75,76,81,36,45,30,11,19,1,0,1,1,1,0,143,143,29,56,23,18,11,4,2,111,91,20,8,93,2,21,30
53386292,0,,,29,11,18,5,1,4,24,10,14,15,7,8,23,10,13,23,10,13,9,3,6,5,2,3,5,2,3,1,0,1,0,0,0,12,12,5,1,3,2,1,0,0,7,5,2,1,7,0,4,1
53386300,0,,,304,145,159,30,18,12,274,127,147,143,67,76,265,123,142,263,123,140,131,60,71,65,25,40,28,11,17,3,2,1,2,1,1,116,115,28,41,20,16,9,0,1,87,72,15,8,77,0,19,29
53386301,0,,,471,228,243,38,19,19,431,208,223,249,127,122,416,197,219,411,194,217,182,81,101,85,36,49,30,11,19,3,0,3,3,0,3,194,194,43,76,40,23,8,4,0,150,132,18,11,120,2,30,46
53386302,0,,,462,224,238,74,39,35,388,185,203,221,111,110,369,174,195,360,166,194,167,74,93,67,23,44,21,2,19,2,0,2,7,4,3,177,177,44,54,36,22,15,3,3,133,110,23,21,111,0,32,33
53386303,0,,,298,144,154,34,19,15,264,125,139,140,69,71,253,120,133,249,117,132,124,56,68,62,29,33,17,5,12,2,0,2,2,0,2,131,131,37,50,25,12,4,3,0,94,83,11,11,82,0,27,29
53386304,0,,,358,176,182,44,17,27,314,159,155,184,101,83,305,153,152,301,151,150,130,58,72,61,26,35,16,4,12,2,0,2,1,0,1,132,131,27,45,30,14,9,3,3,104,90,14,9,82,0,21,26
53386305,0,,,53,26,27,5,4,1,48,22,26,18,10,8,48,22,26,48,22,26,30,12,18,16,6,10,1,1,0,0,0,0,0,0,0,25,25,4,16,3,2,0,0,0,21,20,1,2,18,0,3,11
53386307,0,,,33,14,19,2,0,2,31,14,17,8,4,4,31,14,17,31,14,17,23,10,13,8,4,4,3,0,3,0,0,0,0,0,0,17,17,6,7,3,1,0,0,0,10,9,1,1,13,0,3,5
53386308,0,,,55,31,24,3,2,1,52,29,23,18,12,6,50,27,23,50,27,23,34,17,17,21,9,12,10,5,5,1,0,1,1,0,1,28,28,10,12,4,1,1,0,0,18,15,3,0,25,0,10,6
53386309,0,,,39,20,19,0,0,0,39,20,19,17,12,5,39,20,19,39,20,19,22,8,14,14,3,11,8,1,7,0,0,0,1,0,1,24,24,14,6,3,1,0,0,0,10,7,3,0,17,0,10,4
53386310,0,,,202,103,99,16,10,6,186,93,93,109,56,53,181,90,91,178,88,90,77,37,40,38,14,24,18,6,12,2,1,1,1,1,0,81,81,18,29,17,11,5,1,0,63,54,9,5,53,0,12,15
53386311,0,,,239,112,127,21,12,9,218,100,118,123,60,63,214,98,116,213,98,115,95,40,55,56,23,33,21,7,14,4,1,3,2,0,2,99,99,20,38,23,16,2,0,0,78,63,15,4,59,1,8,21
53386312,0,,,206,106,100,22,10,12,184,96,88,98,57,41,177,89,88,175,87,88,86,39,47,52,25,27,6,1,5,1,0,1,2,0,2,83,83,18,34,16,8,4,1,2,65,55,10,4,55,1,13,21
53386313,0,,,403,203,200,32,16,16,369,185,184,236,119,117,351,177,174,342,174,168,133,66,67,67,32,35,22,9,13,3,2,1,3,0,3,165,165,56,45,23,25,12,3,1,108,89,19,7,96,1,32,27
53386314,0,,,185,83,102,15,6,9,169,77,92,82,34,48,167,76,91,166,76,90,87,43,44,41,15,26,18,5,13,4,0,4,0,0,0,94,94,35,39,12,5,2,1,0,57,52,5,7,62,0,26,20
53386315,0,,,100,46,54,2,2,0,98,44,54,38,16,22,97,44,53,97,44,53,60,28,32,34,13,21,14,6,8,1,1,0,0,0,0,52,52,22,19,6,3,2,0,0,30,28,2,0,46,0,20,15
53386316,0,,,45,24,21,2,2,0,43,22,21,13,6,7,43,22,21,43,22,21,30,16,14,20,9,11,11,6,5,3,3,0,0,0,0,24,24,12,5,5,2,0,0,0,12,9,3,1,19,0,8,5
53386319,0,,,30,14,16,0,0,0,30,14,16,5,3,2,30,14,16,30,14,16,25,11,14,12,5,7,8,4,4,0,0,0,0,0,0,20,20,12,6,2,0,0,0,0,8,7,1,0,18,0,10,6
53386320,0,,,285,140,145,22,11,11,263,129,134,136,67,69,260,129,131,251,122,129,127,62,65,63,28,35,16,7,9,0,0,0,1,0,1,119,119,29,51,21,11,4,1,2,89,78,11,4,86,0,25,32
53386321,0,,,542,255,287,83,39,44,459,216,243,289,136,153,440,204,236,433,200,233,170,80,90,98,41,57,27,9,18,5,1,4,7,1,6,211,211,43,78,42,29,14,4,1,168,141,27,13,114,0,29,41
53386322,0,,,110,62,48,11,6,5,94,51,43,51,30,21,93,50,43,91,49,42,43,21,22,16,9,7,4,1,3,1,0,1,1,1,0,56,56,26,17,4,7,2,0,0,30,25,5,3,28,0,10,13
53386323,0,,,176,85,91,40,20,20,136,65,71,84,36,48,129,63,66,127,63,64,52,29,23,23,13,10,6,3,3,1,0,1,0,0,0,71,70,12,32,15,6,4,0,1,58,56,2,9,30,0,7,16
53386325,1,,53386326,146,66,80,13,1,12,140,68,72,67,37,30,140,68,72,139,68,71,73,31,42,45,19,26,24,7,17,4,0,4,0,0,0,64,64,20,24,16,5,2,0,1,48,40,8,2,51,0,16,11
53386326,2,53386325,,7,3,4,*,*,*,*,*,*,*,*,*,*,*,*,*,*,*,*,*,*,*,*,*,*,*,*,*,*,*,*,*,*,4,4,*,*,*,*,*,*,*,*,*,*,*,*,*,*,*
53386330,0,,,408,185,223,39,19,20,368,165,203,202,94,108,362,162,200,360,162,198,166,71,95,78,23,55,36,11,25,3,0,3,1,0,1,175,175,45,67,36,16,9,2,0,127,113,14,6,110,0,35,35
53386331,0,,,608,299,309,98,59,39,510,240,270,316,153,163,496,231,265,491,230,261,194,87,107,95,37,58,29,10,19,4,0,4,5,4,1,246,246,69,75,46,37,12,6,1,177,157,20,34,131,3,43,46
53386332,0,,,200,98,102,29,16,13,171,82,89,95,46,49,165,78,87,162,77,85,76,36,40,37,18,19,17,7,10,4,2,2,1,0,1,79,79,17,29,14,13,5,1,0,61,48,13,4,50,0,14,14
53386333,0,,,249,122,127,28,19,9,221,103,118,117,55,62,212,97,115,209,96,113,104,48,56,60,25,35,16,4,12,2,0,2,1,0,1,93,93,21,31,19,10,7,2,3,72,54,18,5,65,0,16,21
53386334,2,53386335,,9,5,4,*,*,*,*,*,*,*,*,*,*,*,*,*,*,*,*,*,*,*,*,*,*,*,*,*,*,*,*,*,*,3,3,*,*,*,*,*,*,*,*,*,*,*,*,*,*,*
53386335,1,,53386334,22,15,7,2,1,1,29,19,10,14,9,5,29,19,10,29,19,10,15,10,5,11,7,4,3,3,0,0,0,0,0,0,0,13,12,5,7,2,0,1,0,0,10,7,3,1,11,0,3,3
53386340,0,,,200,98,102,15,6,9,185,92,93,93,53,40,181,90,91,181,90,91,92,39,53,52,23,29,21,9,12,0,0,0,3,2,1,96,96,38,33,16,4,1,2,2,57,49,8,4,67,0,27,18
53386341,0,,,52,23,29,4,2,2,48,21,27,23,10,13,48,21,27,48,21,27,25,11,14,9,3,6,1,0,1,0,0,0,0,0,0,26,26,7,14,3,2,0,0,0,19,18,1,1,18,0,5,9
53386342,0,,,318,153,165,31,12,19,287,141,146,171,83,88,277,134,143,271,128,143,116,58,58,43,17,26,15,7,8,1,0,1,3,0,3,134,134,31,60,23,13,2,2,3,103,97,6,8,74,0,20,34
53386343,0,,,256,127,129,15,8,7,241,119,122,131,66,65,236,115,121,224,109,115,110,53,57,49,21,28,14,7,7,3,2,1,13,2,11,106,106,31,40,14,12,4,2,3,75,60,15,3,70,6,16,25
53386344,0,,,115,58,57,5,4,1,110,54,56,68,35,33,107,54,53,102,51,51,42,19,23,25,11,14,16,5,11,1,1,0,3,0,3,50,50,17,16,8,4,4,1,0,33,22,11,1,32,0,9,6
53386346,0,,,39,23,16,0,0,0,39,23,16,18,14,4,39,23,16,38,23,15,21,9,12,15,5,10,10,3,7,2,0,2,1,0,1,19,19,6,9,2,1,1,0,0,12,10,2,0,16,0,5,2
53386350,0,,,83,43,40,3,1,2,80,42,38,40,20,20,75,39,36,74,39,35,40,22,18,23,14,9,5,2,3,0,0,0,0,0,0,41,41,11,21,6,3,0,0,0,29,29,0,1,26,2,8,14
53386351,0,,,104,46,58,7,3,4,97,43,54,46,17,29,95,43,52,95,43,52,51,26,25,22,11,11,7,4,3,0,0,0,8,0,8,52,52,20,17,10,5,0,0,0,31,26,5,2,31,7,9,12
53386352,0,,,314,152,162,28,14,14,285,138,147,153,71,82,278,135,143,276,135,141,132,67,65,62,33,29,13,7,6,2,0,2,2,1,1,149,149,42,70,20,13,4,0,0,105,95,10,4,86,5,21,38
53386353,0,,,247,116,131,22,12,10,225,104,121,117,55,62,223,103,120,219,102,117,108,49,59,48,23,25,9,5,4,1,0,1,1,1,0,126,126,41,62,15,6,1,0,1,84,82,2,7,73,0,20,37
53386354,0,,,28,13,15,0,0,0,28,13,15,11,6,5,28,13,15,28,13,15,17,7,10,8,5,3,2,1,1,0,0,0,0,0,0,18,18,8,10,0,0,0,0,0,9,9,0,0,12,0,4,4
53386355,0,,,46,20,26,8,3,5,38,17,21,19,8,11,36,16,20,35,16,19,19,9,10,12,6,6,4,3,1,0,0,0,0,0,0,17,17,4,6,2,2,2,1,0,13,11,2,3,11,0,3,5
53386356,0,,,15,6,9,1,0,1,14,6,8,7,3,4,14,6,8,14,6,8,7,3,4,6,2,4,5,2,3,0,0,0,0,0,0,8,8,4,1,3,0,0,0,0,4,4,0,1,6,0,4,1
53386360,0,,,43,20,23,2,1,1,41,19,22,24,11,13,39,18,21,39,18,21,17,8,9,3,3,0,0,0,0,0,0,0,2,0,2,23,23,6,15,1,1,0,0,0,17,17,0,1,12,3,2,7
53386361,0,,,41,19,22,0,0,0,41,19,22,6,3,3,41,19,22,41,19,22,35,16,19,15,8,7,2,1,1,0,0,0,0,0,0,20,20,2,15,3,0,0,0,0,18,18,0,0,19,0,2,13
53386362,0,,,262,131,131,32,19,13,229,111,118,122,59,63,223,110,113,219,110,109,107,52,55,40,19,21,9,5,4,2,0,2,6,3,3,129,129,48,58,9,6,4,2,2,79,75,4,8,74,5,23,35
53386363,0,,,287,142,145,34,21,13,253,121,132,132,59,73,250,120,130,249,119,130,121,62,59,54,27,27,15,8,7,0,0,0,2,1,1,117,117,15,64,16,15,6,1,0,102,93,9,9,76,0,12,39
53386364,0,,,55,28,27,6,4,2,49,24,25,35,16,19,47,22,25,46,22,24,14,8,6,4,1,3,1,0,1,0,0,0,1,0,1,24,24,9,9,1,3,0,1,1,15,12,3,1,10,2,2,5
53386365,0,,,75,38,37,6,3,3,69,35,34,37,21,16,68,34,34,67,33,34,32,14,18,11,5,6,1,0,1,0,0,0,1,1,0,36,36,9,20,4,1,2,0,0,27,25,2,0,22,0,4,12
53386366,0,,,124,58,66,8,3,5,116,55,61,63,33,30,112,54,58,110,53,57,53,22,31,29,13,16,9,3,6,1,0,1,1,0,1,54,54,18,18,9,4,3,2,0,35,26,9,0,40,1,12,7
53386367,0,,,48,24,24,5,3,2,43,21,22,18,11,7,42,21,21,42,21,21,25,10,15,12,4,8,5,2,3,1,0,1,0,0,0,19,19,4,5,7,2,1,0,0,15,14,1,0,15,0,3,2
53386368,0,,,16,9,7,3,3,0,13,6,7,8,3,5,13,6,7,13,6,7,5,3,2,0,0,0,0,0,0,0,0,0,0,0,0,7,7,1,4,1,1,0,0,0,6,6,0,0,3,0,0,2
53386370,0,,,50,26,24,1,1,0,49,25,24,28,12,16,47,25,22,47,25,22,21,13,8,5,1,4,3,1,2,1,0,1,0,0,0,25,25,6,15,3,0,1,0,0,18,16,2,0,15,1,3,6
53386371,1,,53386381,24,11,13,3,1,2,24,11,13,11,6,5,24,11,13,24,11,13,13,5,8,4,2,2,0,0,0,0,0,0,1,1,0,11,11,5,5,1,1,1,0,0,8,8,0,1,9,0,4,3
53386372,0,,,96,45,51,7,4,3,89,41,48,49,27,22,87,40,47,87,40,47,40,14,26,15,5,10,6,2,4,0,0,0,0,0,0,50,50,21,19,7,0,2,1,0,29,26,3,0,32,1,15,6
53386373,0,,,136,64,72,11,3,8,125,61,64,65,32,33,121,58,63,120,57,63,60,29,31,24,10,14,7,5,2,0,0,0,2,0,2,71,71,27,32,7,2,2,1,0,43,41,2,2,44,3,16,19
53386374,0,,,140,73,67,5,5,0,135,68,67,75,36,39,134,68,66,133,67,66,60,32,28,22,13,9,2,2,0,0,0,0,2,1,1,77,77,35,26,12,3,1,0,0,41,39,2,2,38,2,13,14
53386375,0,,,141,73,68,17,7,10,124,66,58,70,38,32,122,64,58,121,63,58,54,28,26,20,9,11,6,2,4,0,0,0,7,4,3,61,61,18,23,12,4,2,0,2,41,35,6,2,35,4,8,10
53386381,2,53386371,,3,1,2,*,*,*,*,*,*,*,*,*,*,*,*,*,*,*,*,*,*,*,*,*,*,*,*,*,*,*,*,*,*,2,2,*,*,*,*,*,*,*,*,*,*,*,*,*,*,*
53386382,0,,,210,110,100,23,15,8,187,95,92,83,44,39,186,94,92,186,94,92,104,51,53,49,25,24,11,5,6,2,1,1,3,2,1,105,105,34,52,8,7,4,0,0,69,64,5,5,66,1,19,31
53386383,0,,,61,29,32,2,2,0,58,27,31,21,10,11,58,27,31,58,27,31,37,17,20,16,7,9,2,0,2,0,0,0,0,0,0,32,32,10,16,5,1,0,0,0,22,21,1,1,22,1,6,11
53386384,0,,,89,46,43,19,12,7,70,34,36,40,19,21,69,33,36,68,33,35,30,15,15,14,5,9,7,3,4,0,0,0,1,1,0,40,40,13,16,5,2,3,1,0,27,25,2,5,22,0,7,8
53386385,0,,,182,92,90,14,10,4,168,82,86,97,49,48,165,80,85,163,79,84,71,33,38,24,8,16,5,1,4,0,0,0,1,0,1,86,86,27,36,12,8,3,0,0,58,53,5,6,50,0,11,22
53386392,0,,,46,24,22,5,2,3,40,21,19,20,9,11,40,21,19,40,21,19,20,12,8,9,4,5,3,1,2,0,0,0,1,0,1,29,29,17,10,1,0,0,1,0,12,12,0,1,13,3,5,6
53386393,0,,,21,6,15,0,0,0,21,6,15,14,3,11,21,6,15,20,6,14,7,3,4,2,1,1,0,0,0,0,0,0,8,1,7,15,15,10,4,1,0,0,0,0,5,4,1,0,5,4,1,2
53386394,0,,,116,56,60,7,3,4,109,53,56,64,31,33,103,48,55,102,47,55,45,22,23,18,5,13,6,0,6,0,0,0,1,0,1,48,48,7,23,10,7,1,0,0,41,38,3,2,29,0,4,12
53386395,0,,,183,93,90,13,6,7,170,87,83,90,50,40,166,85,81,164,84,80,80,37,43,36,16,20,9,4,5,2,1,1,3,1,2,90,90,32,35,14,6,3,0,0,57,51,6,3,51,1,12,23
53386396,0,,,214,123,91,20,8,12,194,115,79,126,82,44,186,110,76,185,109,76,68,33,35,41,18,23,16,7,9,0,0,0,33,32,1,64,64,4,23,13,13,4,1,6,45,36,9,4,44,0,3,10
53386397,0,,,16,7,9,7,3,4,9,4,5,6,3,3,9,4,5,9,4,5,3,1,2,1,0,1,0,0,0,0,0,0,1,1,0,4,4,0,0,1,2,1,0,0,3,3,0,2,2,0,0,0
53386420,0,,,16,7,9,0,0,0,16,7,9,8,2,6,15,7,8,15,7,8,8,5,3,6,4,2,2,2,0,0,0,0,0,0,0,9,9,4,4,0,1,0,0,0,5,5,0,0,5,0,2,3
53386421,0,,,20,6,14,0,0,0,20,6,14,5,3,2,20,6,14,20,6,14,15,3,12,11,2,9,6,1,5,2,0,2,0,0,0,12,12,6,5,0,1,0,0,0,6,5,1,0,11,0,5,2
53386431,0,,,32,18,14,4,1,3,28,17,11,9,7,2,28,17,11,28,17,11,19,10,9,11,7,4,5,3,2,0,0,0,0,0,0,20,20,12,6,1,0,1,0,0,8,7,1,2,15,0,10,4
53386432,0,,,83,29,54,2,1,1,81,28,53,14,7,7,81,28,53,81,28,53,67,21,46,52,13,39,35,6,29,7,0,7,1,0,1,18,17,9,3,2,2,1,0,0,8,4,4,0,13,0,7,1
53386433,2,53386443,,11,5,6,*,*,*,*,*,*,*,*,*,*,*,*,*,*,*,*,*,*,*,*,*,*,*,*,*,*,*,*,*,*,3,3,*,*,*,*,*,*,*,*,*,*,*,*,*,*,*
53386440,0,,,40,14,26,0,0,0,40,14,26,10,4,6,40,14,26,40,14,26,30,10,20,26,8,18,11,1,10,0,0,0,0,0,0,26,26,12,14,0,0,0,0,0,14,12,2,0,25,0,12,4
53386443,1,,53386433,3,2,1,0,0,0,14,7,7,6,3,3,13,6,7,13,6,7,8,4,4,8,4,4,1,1,0,0,0,0,0,0,0,2,2,2,1,1,0,0,0,1,3,1,2,0,4,0,1,1
53386450,2,53386451,,5,2,3,*,*,*,*,*,*,*,*,*,*,*,*,*,*,*,*,*,*,*,*,*,*,*,*,*,*,*,*,*,*,4,4,*,*,*,*,*,*,*,*,*,*,*,*,*,*,*
53386451,1,,53386450,16,10,6,0,0,0,21,12,9,7,6,1,21,12,9,21,12,9,14,6,8,14,6,8,9,4,5,2,0,2,0,0,0,11,11,9,6,0,0,0,0,0,6,4,2,0,12,0,7,2
53386462,0,,,28,12,16,0,0,0,28,12,16,6,4,2,28,12,16,28,12,16,22,8,14,16,4,12,8,1,7,0,0,0,1,0,1,20,20,13,6,1,0,0,0,0,7,6,1,0,17,0,10,5
53386473,0,,,53,28,25,5,2,3,48,26,22,17,9,8,48,26,22,47,25,22,31,17,14,14,6,8,5,1,4,0,0,0,0,0,0,25,25,8,12,2,1,1,1,0,17,14,3,2,22,0,8,8
53386591,2,53387521,,3,2,1,*,*,*,*,*,*,*,*,*,*,*,*,*,*,*,*,*,*,*,*,*,*,*,*,*,*,*,*,*,*,2,2,*,*,*,*,*,*,*,*,*,*,*,*,*,*,*
53386606,2,53386610,,1,1,0,*,*,*,*,*,*,*,*,*,*,*,*,*,*,*,*,*,*,*,*,*,*,*,*,*,*,*,*,*,*,1,1,*,*,*,*,*,*,*,*,*,*,*,*,*,*,*
53386607,2,53386610,,6,3,3,*,*,*,*,*,*,*,*,*,*,*,*,*,*,*,*,*,*,*,*,*,*,*,*,*,*,*,*,*,*,4,4,*,*,*,*,*,*,*,*,*,*,*,*,*,*,*
53386610,1,,53386606;53386607;53386620,26,12,14,1,0,1,39,21,18,18,12,6,39,21,18,39,21,18,21,9,12,11,3,8,5,2,3,0,0,0,0,0,0,12,12,6,9,4,1,0,0,0,14,14,0,1,13,0,3,5
53386620,2,53386610,,7,5,2,*,*,*,*,*,*,*,*,*,*,*,*,*,*,*,*,*,*,*,*,*,*,*,*,*,*,*,*,*,*,3,3,*,*,*,*,*,*,*,*,*,*,*,*,*,*,*
53386703,2,53386798,,4,2,2,*,*,*,*,*,*,*,*,*,*,*,*,*,*,*,*,*,*,*,*,*,*,*,*,*,*,*,*,*,*,2,2,*,*,*,*,*,*,*,*,*,*,*,*,*,*,*
53386786,2,53386798,,2,1,1,*,*,*,*,*,*,*,*,*,*,*,*,*,*,*,*,*,*,*,*,*,*,*,*,*,*,*,*,*,*,1,1,*,*,*,*,*,*,*,*,*,*,*,*,*,*,*
53386798,1,,53386703;53386786,4,2,2,0,0,0,10,5,5,6,3,3,10,5,5,10,5,5,4,2,2,3,1,2,1,0,1,0,0,0,0,0,0,2,2,1,3,1,0,0,0,0,4,3,1,0,3,0,1,1
53387000,0,,,432,214,218,42,23,19,360,176,184,192,96,96,349,169,180,339,166,173,168,80,88,80,39,41,27,14,13,2,1,1,6,3,3,148,147,29,44,31,19,9,9,6,113,78,35,10,103,0,19,28
53387007,0,,,75,41,34,5,3,2,70,38,32,36,21,15,68,36,32,67,35,32,34,17,17,24,11,13,10,4,6,1,0,1,1,0,1,34,34,9,14,6,5,0,0,0,24,20,4,1,22,0,6,8
53387010,1,,53387020;53387030,269,127,142,36,17,19,210,101,109,131,70,61,199,94,105,194,92,102,79,31,48,40,13,27,12,2,10,2,0,2,3,1,2,91,91,20,24,20,14,12,5,2,65,47,18,9,54,1,10,11
53387017,0,,,54,27,27,5,4,1,49,23,26,20,13,7,47,21,26,47,21,26,29,10,19,16,4,12,8,1,7,0,0,0,0,0,0,27,27,10,12,2,1,2,0,0,16,14,2,2,22,0,9,7
53387018,0,,,39,19,20,4,2,2,35,17,18,12,6,6,35,17,18,34,17,17,23,11,12,13,5,8,6,2,4,1,1,0,1,0,1,17,17,6,6,1,2,2,0,0,11,8,3,0,13,0,4,6
53387019,0,,,29,17,12,0,0,0,29,17,12,15,10,5,29,17,12,29,17,12,14,7,7,7,3,4,4,2,2,0,0,0,0,0,0,14,14,5,5,2,2,0,0,0,9,7,2,0,10,0,3,2
53387020,2,53387010,,9,5,4,*,*,*,*,*,*,*,*,*,*,*,*,*,*,*,*,*,*,*,*,*,*,*,*,*,*,*,*,*,*,3,3,*,*,*,*,*,*,*,*,*,*,*,*,*,*,*
53387027,0,,,13,6,7,0,0,0,13,6,7,3,1,2,13,6,7,13,6,7,10,5,5,7,3,4,5,2,3,0,0,0,0,0,0,7,7,2,4,1,0,0,0,0,5,5,0,0,6,0,2,3
53387028,0,,,22,13,9,1,1,0,21,12,9,9,4,5,21,12,9,21,12,9,12,8,4,7,5,2,1,1,0,0,0,0,0,0,0,11,11,4,4,2,1,0,0,0,7,7,0,1,9,0,3,3
53387030,2,53387010,,10,5,5,*,*,*,*,*,*,*,*,*,*,*,*,*,*,*,*,*,*,*,*,*,*,*,*,*,*,*,*,*,*,3,3,*,*,*,*,*,*,*,*,*,*,*,*,*,*,*
53387038,0,,,124,60,64,6,2,4,118,58,60,46,24,22,117,58,59,117,58,59,72,34,38,45,18,27,20,9,11,4,2,2,2,0,2,61,61,22,24,8,5,2,0,0,39,34,5,2,49,0,15,12
53387048,2,53387059,,7,4,3,*,*,*,*,*,*,*,*,*,*,*,*,*,*,*,*,*,*,*,*,*,*,*,*,*,*,*,*,*,*,3,3,*,*,*,*,*,*,*,*,*,*,*,*,*,*,*
53387050,0,,,311,128,183,36,14,22,275,114,161,150,73,77,266,111,155,261,109,152,125,41,84,84,22,62,47,10,37,8,1,7,6,2,4,98,96,17,36,14,15,7,6,1,78,64,14,6,51,0,9,17
53387051,2,53387060,,2,1,1,*,*,*,*,*,*,*,*,*,*,*,*,*,*,*,*,*,*,*,*,*,*,*,*,*,*,*,*,*,*,1,1,*,*,*,*,*,*,*,*,*,*,*,*,*,*,*
53387059,1,,53387048,7,4,3,0,0,0,14,8,6,7,4,3,14,8,6,13,7,6,7,4,3,1,1,0,0,0,0,0,0,0,0,0,0,3,3,0,4,2,0,0,0,0,6,6,0,0,4,0,0,2
53387060,1,,53387051,960,482,478,93,46,47,866,435,431,481,255,226,844,421,423,828,415,413,385,180,205,176,81,95,43,13,30,2,1,1,24,11,13,390,390,90,146,85,38,21,9,2,299,257,42,18,251,4,58,83
53387061,0,,,21,10,11,1,0,1,20,10,10,9,5,4,20,10,10,20,10,10,11,5,6,4,3,1,2,1,1,0,0,0,0,0,0,11,11,4,5,1,1,0,0,0,7,6,1,0,8,0,3,2
53387070,0,,,1240,605,635,138,75,63,1102,530,572,645,325,320,1076,515,561,1031,500,531,457,205,252,236,99,137,77,29,48,4,0,4,16,8,8,474,472,115,161,87,56,41,8,4,352,290,62,36,298,5,62,96
53387071,0,,,168,78,90,16,7,9,152,71,81,82,42,40,147,68,79,145,67,78,70,29,41,45,17,28,10,2,8,0,0,0,2,1,1,70,70,17,23,19,8,2,1,0,53,45,8,5,49,0,14,12
53387072,0,,,19,6,13,0,0,0,19,6,13,9,5,4,19,6,13,19,6,13,10,1,9,6,0,6,6,0,6,1,0,1,0,0,0,8,8,0,6,1,1,0,0,0,8,6,2,0,7,0,0,0
53387075,0,,,48,23,25,2,0,2,46,23,23,18,9,9,46,23,23,46,23,23,28,14,14,20,9,11,13,5,8,0,0,0,0,0,0,21,21,5,9,3,4,0,0,0,16,11,5,0,18,0,5,4
53387080,0,,,456,231,225,39,28,11,417,203,214,224,119,105,402,192,210,393,186,207,193,84,109,102,42,60,35,12,23,1,1,0,9,2,7,183,183,45,66,35,18,14,4,1,135,108,27,7,126,2,29,38
53387081,2,53387082,,8,5,3,*,*,*,*,*,*,*,*,*,*,*,*,*,*,*,*,*,*,*,*,*,*,*,*,*,*,*,*,*,*,3,3,*,*,*,*,*,*,*,*,*,*,*,*,*,*,*
53387082,1,,53387081,14,6,8,2,2,0,20,9,11,8,4,4,20,9,11,20,9,11,12,5,7,6,2,4,3,1,2,0,0,0,0,0,0,8,8,5,3,1,2,0,0,0,6,4,2,1,9,1,4,2
53387089,0,,,23,15,8,0,0,0,21,13,8,9,6,3,21,13,8,21,13,8,12,7,5,6,4,2,1,1,0,0,0,0,1,1,0,14,14,7,5,2,0,0,0,0,7,7,0,0,7,0,2,3
53387090,0,,,218,109,109,22,16,6,196,93,103,108,54,54,192,92,100,190,91,99,88,39,49,45,19,26,17,5,12,2,1,1,1,0,1,71,71,11,21,19,6,4,6,4,60,39,21,5,54,0,9,9
53387091,0,,,23,13,10,3,1,2,20,12,8,14,10,4,17,9,8,17,9,8,6,2,4,3,1,2,1,0,1,0,0,0,3,2,1,7,7,1,2,2,0,1,0,1,5,4,1,1,4,0,0,0
53387092,0,,,70,33,37,3,1,2,67,32,35,27,14,13,66,32,34,66,32,34,40,18,22,25,10,15,10,3,7,2,0,2,3,0,3,34,34,10,15,7,1,1,0,0,23,18,5,0,27,0,8,7
53387093,1,,53387094,43,25,18,2,0,2,50,29,21,32,19,13,49,28,21,46,25,21,18,10,8,8,4,4,4,1,3,1,0,1,0,0,0,16,16,6,5,3,1,2,1,1,13,8,5,0,12,0,4,1
53387094,2,53387093,,9,4,5,*,*,*,*,*,*,*,*,*,*,*,*,*,*,*,*,*,*,*,*,*,*,*,*,*,*,*,*,*,*,3,3,*,*,*,*,*,*,*,*,*,*,*,*,*,*,*
53387099,0,,,413,194,219,38,16,22,369,175,194,228,115,113,361,173,188,357,170,187,141,60,81,79,30,49,23,6,17,3,0,3,4,3,1,174,174,56,51,32,23,7,3,2,118,95,23,13,92,11,23,21
53387106,0,,,266,136,130,27,14,13,239,122,117,129,72,57,233,119,114,230,117,113,110,50,60,62,28,34,30,13,17,4,3,1,0,0,0,99,99,17,34,20,21,5,2,0,82,58,24,5,69,0,9,20
53387107,0,,,143,79,64,14,9,5,129,70,59,72,42,30,126,68,58,124,67,57,57,28,29,32,17,15,14,8,6,2,2,0,0,0,0,59,59,12,26,11,7,1,1,1,47,42,5,3,33,8,3,13
53387108,0,,,1003,508,495,152,89,63,826,403,423,646,328,318,772,376,396,755,369,386,180,75,105,106,35,71,45,13,32,5,3,2,26,11,15,437,434,176,103,74,57,17,6,1,256,224,32,34,122,40,38,30
53387109,0,,,800,401,399,96,47,49,699,349,350,453,230,223,678,338,340,665,333,332,246,119,127,118,59,59,39,17,22,2,1,1,31,8,23,371,370,144,119,51,36,14,4,2,220,198,22,28,152,45,40,51
53387115,2,53387116,,3,2,1,*,*,*,*,*,*,*,*,*,*,*,*,*,*,*,*,*,*,*,*,*,*,*,*,*,*,*,*,*,*,1,1,*,*,*,*,*,*,*,*,*,*,*,*,*,*,*
53387116,1,,53387115,385,190,195,47,19,28,341,173,168,194,107,87,331,168,163,326,164,162,147,66,81,92,41,51,24,6,18,4,1,3,2,0,2,156,156,37,58,30,18,11,3,0,120,103,17,11,95,0,20,37
53387117,2,53387118,,9,4,5,*,*,*,*,*,*,*,*,*,*,*,*,*,*,*,*,*,*,*,*,*,*,*,*,*,*,*,*,*,*,3,3,*,*,*,*,*,*,*,*,*,*,*,*,*,*,*
53387118,1,,53387117,467,234,233,80,41,39,393,195,198,311,155,156,371,183,188,362,179,183,82,40,42,45,19,26,20,8,12,2,0,2,4,1,3,166,166,38,37,37,41,10,4,2,130,109,21,27,52,5,7,16
53387119,0,,,132,72,60,16,12,4,116,60,56,69,41,28,112,58,54,110,57,53,47,19,28,32,11,21,14,4,10,1,1,0,0,0,0,48,48,12,12,11,6,4,2,1,35,24,11,2,29,5,5,5
53387125,0,,,232,123,109,20,15,5,212,108,104,110,58,52,206,105,101,203,104,99,102,50,52,53,25,28,19,11,8,1,0,1,3,0,3,91,91,16,34,24,11,4,2,0,74,66,8,5,63,0,13,19
53387126,0,,,145,65,80,16,8,8,129,57,72,79,35,44,125,55,70,122,54,68,50,22,28,21,8,13,5,0,5,0,0,0,1,0,1,58,58,11,25,11,8,1,1,1,47,40,7,5,33,0,7,12
53387127,0,,,146,70,76,11,9,2,135,61,74,82,38,44,128,57,71,127,57,70,53,23,30,23,10,13,9,3,6,2,1,1,1,1,0,54,54,10,17,12,9,6,0,0,44,31,13,5,36,1,5,11
53387128,0,,,401,181,220,36,19,17,337,146,191,198,97,101,328,146,182,323,144,179,139,49,90,101,29,72,66,17,49,19,4,15,12,5,7,166,165,73,45,23,19,2,3,0,86,73,13,11,50,10,10,13
53387129,0,,,105,55,50,21,8,13,84,47,37,63,34,29,81,46,35,80,46,34,21,13,8,12,8,4,4,3,1,0,0,0,6,5,1,46,46,19,11,6,6,2,2,0,27,24,3,4,16,0,8,4
53387134,0,,,156,77,79,7,3,4,149,74,75,82,48,34,145,72,73,144,72,72,67,26,41,47,17,30,24,7,17,4,2,2,0,0,0,59,59,15,20,9,7,4,2,2,44,30,14,1,44,0,9,11
53387135,0,,,709,355,354,102,58,44,606,296,310,400,213,187,589,286,303,580,282,298,206,83,123,127,45,82,47,13,34,4,1,3,7,3,4,270,269,64,86,46,47,17,5,4,205,171,34,24,137,4,29,36
53387136,0,,,122,68,54,18,9,9,104,59,45,70,43,27,101,57,44,101,57,44,34,16,18,16,8,8,5,2,3,0,0,0,23,19,4,60,60,28,17,8,1,5,0,1,32,29,3,3,22,20,5,9
53387137,0,,,99,46,53,11,6,5,83,39,44,67,32,35,79,38,41,77,38,39,16,7,9,7,2,5,3,1,2,2,1,1,20,9,11,50,50,27,8,6,7,2,0,0,23,19,4,2,10,13,2,0
53387138,0,,,10,5,5,2,1,1,8,4,4,2,1,1,8,4,4,8,4,4,6,3,3,2,1,1,2,1,1,0,0,0,0,0,0,4,4,1,2,0,0,1,0,0,3,2,1,1,4,0,1,1
53387139,0,,,121,60,61,10,6,4,111,54,57,53,28,25,108,54,54,108,54,54,58,26,32,33,13,20,13,6,7,1,0,1,0,0,0,44,44,9,18,8,3,1,2,3,35,24,11,2,35,0,7,8
53387144,0,,,497,241,256,48,26,22,449,215,234,231,116,115,432,207,225,427,204,223,218,99,119,124,53,71,27,10,17,3,1,2,24,11,13,210,210,69,56,44,26,10,5,0,140,105,35,8,139,15,32,37
53387145,0,,,329,174,155,14,7,7,311,163,148,131,72,59,310,163,147,310,163,147,180,91,89,61,26,35,16,5,11,0,0,0,11,4,7,66,62,25,22,5,5,2,2,1,36,28,8,3,39,4,11,16
53387146,0,,,133,74,59,8,5,3,125,69,56,79,47,32,121,66,55,112,62,50,46,22,24,28,12,16,13,6,7,2,1,1,1,0,1,48,48,6,22,6,10,0,3,1,41,33,8,0,32,0,6,9
53387147,0,,,231,114,117,23,11,12,208,103,105,117,58,59,198,98,100,194,96,98,91,45,46,40,20,20,4,3,1,2,1,1,1,0,1,90,90,19,32,20,11,6,1,1,71,57,14,4,56,0,9,22
53387148,0,,,530,249,281,77,45,32,453,204,249,250,118,132,437,199,238,434,197,237,203,86,117,128,46,82,69,26,43,17,6,11,11,1,10,163,161,34,38,30,27,22,6,4,126,88,38,18,101,2,20,21
53387149,0,,,496,239,257,41,21,20,455,218,237,276,141,135,443,213,230,435,207,228,179,77,102,108,38,70,42,14,28,2,0,2,10,0,10,177,175,35,47,49,25,6,8,5,140,95,45,14,111,4,20,20
53387152,0,,,22,10,12,0,0,0,22,10,12,8,3,5,22,10,12,22,10,12,14,7,7,9,5,4,1,1,0,0,0,0,0,0,0,12,12,2,10,0,0,0,0,0,9,9,0,0,8,0,0,5
53387153,0,,,79,37,42,7,4,3,72,33,39,38,18,20,67,32,35,65,31,34,34,15,19,14,4,10,2,1,1,0,0,0,0,0,0,28,28,8,8,4,3,1,2,2,19,13,6,1,23,0,7,4
53387154,0,,,211,110,101,25,13,12,186,97,89,111,59,52,178,95,83,172,91,81,75,38,37,43,21,22,13,6,7,2,1,1,1,0,1,66,66,16,13,9,11,8,6,3,49,30,19,5,48,0,13,11
53387155,0,,,210,83,127,11,6,5,199,77,122,79,37,42,198,77,121,197,77,120,120,40,80,85,25,60,51,10,41,9,1,8,1,0,1,47,45,7,21,7,9,1,0,0,38,32,6,2,26,0,3,8
53387156,0,,,450,217,233,86,42,44,360,173,187,246,112,134,342,168,174,335,164,171,114,61,53,34,15,19,14,5,9,2,1,1,4,2,2,158,158,24,45,45,29,8,4,3,133,116,17,20,76,2,13,25
53387157,0,,,873,445,428,137,77,60,734,366,368,463,243,220,710,350,360,700,346,354,271,123,148,121,49,72,44,16,28,5,0,5,9,4,5,335,335,83,97,70,53,22,7,3,245,201,44,35,177,9,41,43
53387158,0,,,363,191,172,77,48,29,285,143,142,209,111,98,274,136,138,270,135,135,76,32,44,40,14,26,7,1,6,1,0,1,6,0,6,134,134,24,48,19,30,12,1,0,110,100,10,19,49,5,8,19
53387159,0,,,294,145,149,49,25,24,245,120,125,176,87,89,233,113,120,229,111,118,69,33,36,24,9,15,4,1,3,0,0,0,6,2,4,107,107,15,39,22,21,9,1,0,92,88,4,5,46,1,7,21
53387162,0,,,106,53,53,9,1,8,97,52,45,56,31,25,93,49,44,90,47,43,41,21,20,20,10,10,2,0,2,1,0,1,0,0,0,39,39,8,11,10,7,2,0,1,31,21,10,3,29,0,7,6
53387163,0,,,20,8,12,0,0,0,20,8,12,10,3,7,20,8,12,20,8,12,10,5,5,5,2,3,4,2,2,0,0,0,0,0,0,8,8,1,4,1,2,0,0,0,7,5,2,0,6,0,1,2
53387164,0,,,200,92,108,16,6,10,184,86,98,106,46,60,180,83,97,177,82,95,78,40,38,25,11,14,7,2,5,2,1,1,1,0,1,79,79,12,35,17,12,1,0,2,67,59,8,5,56,0,10,19
53387165,0,,,483,245,238,50,25,25,433,220,213,251,139,112,420,213,207,413,211,202,182,81,101,107,40,67,43,19,24,3,0,3,10,10,0,175,175,41,45,43,24,10,9,3,133,94,39,15,117,8,22,27
53387166,0,,,101,52,49,16,10,6,85,42,43,64,31,33,84,42,42,83,42,41,21,11,10,12,6,6,4,1,3,0,0,0,0,0,0,41,40,8,16,9,7,0,0,0,31,30,1,5,14,1,3,4
53387167,0,,,570,289,281,87,51,36,483,238,245,328,166,162,463,228,235,451,225,226,155,72,83,76,32,44,26,9,17,4,0,4,7,1,6,210,210,46,62,42,35,18,5,2,163,138,25,26,103,3,24,27
53387168,0,,,135,63,72,20,9,11,115,54,61,64,32,32,112,53,59,111,52,59,51,22,29,26,9,17,11,4,7,2,0,2,0,0,0,46,46,6,13,11,12,2,2,0,40,27,13,3,30,0,3,8
53387169,0,,,142,68,74,18,9,9,124,59,65,85,36,49,123,59,64,122,58,64,39,23,16,19,10,9,7,4,3,0,0,0,7,0,7,64,64,20,22,12,8,2,0,0,44,41,3,3,29,4,12,10
53387170,0,,,16,9,7,0,0,0,16,9,7,5,4,1,16,9,7,16,9,7,11,5,6,5,3,2,1,1,0,0,0,0,1,1,0,8,8,2,5,0,1,0,0,0,6,5,1,0,6,0,0,4
53387171,2,53387181,,2,1,1,*,*,*,*,*,*,*,*,*,*,*,*,*,*,*,*,*,*,*,*,*,*,*,*,*,*,*,*,*,*,1,1,*,*,*,*,*,*,*,*,*,*,*,*,*,*,*
53387172,0,,,1543,773,770,302,161,141,1224,603,621,876,454,422,1187,581,606,1161,568,593,348,149,199,198,81,117,63,21,42,8,2,6,34,15,19,599,598,165,158,124,103,29,18,1,428,375,53,86,221,32,44,56
53387173,0,,,1113,542,571,154,85,69,951,450,501,550,278,272,923,441,482,903,430,473,401,172,229,230,93,137,70,20,50,12,1,11,5,3,2,440,439,119,143,68,69,25,10,5,316,264,52,35,268,6,80,69
53387174,0,,,835,406,429,87,34,53,717,356,361,445,232,213,697,348,349,684,341,343,272,124,148,119,48,71,45,13,32,4,2,2,10,3,7,335,335,99,97,71,33,18,13,4,228,183,45,25,176,10,47,46
53387175,0,,,423,214,209,68,36,32,355,178,177,202,109,93,342,173,169,332,165,167,153,69,84,99,42,57,33,14,19,1,1,0,3,1,2,141,141,19,46,29,24,13,7,3,122,92,30,14,96,0,17,27
53387176,0,,,152,73,79,18,9,9,134,64,70,73,37,36,132,64,68,131,64,67,61,27,34,41,15,26,15,8,7,0,0,0,1,0,1,55,55,11,19,12,8,0,3,2,43,33,10,4,41,0,8,11
53387177,0,,,616,299,317,66,29,37,550,270,280,323,168,155,532,260,272,526,258,268,227,102,125,134,59,75,47,16,31,4,1,3,6,0,6,232,232,47,87,43,28,14,8,5,184,140,44,22,145,3,26,44
53387178,0,,,134,67,67,14,8,6,120,59,61,68,35,33,116,57,59,114,57,57,52,24,28,36,14,22,14,5,9,3,1,2,1,1,0,44,44,9,10,9,7,6,2,1,35,21,14,4,33,0,7,3
53387179,0,,,28,13,15,7,4,3,21,9,12,14,7,7,19,9,10,19,9,10,7,2,5,2,0,2,1,0,1,0,0,0,0,0,0,11,11,4,3,1,1,1,1,0,7,7,0,2,5,0,3,2
53387180,0,,,19,9,10,1,0,1,18,9,9,12,7,5,16,8,8,16,8,8,6,2,4,6,2,4,4,1,3,1,1,0,0,0,0,5,5,0,0,2,2,1,0,0,5,3,2,1,4,0,0,0
53387181,1,,53387171,1039,528,511,118,65,53,910,458,452,604,317,287,890,447,443,874,437,437,306,141,165,172,77,95,56,21,35,4,2,2,22,7,15,444,444,132,137,98,54,20,3,1,310,256,54,48,191,17,43,59
53387182,0,,,2646,1227,1419,333,141,192,2266,1054,1212,1449,720,729,2150,1011,1139,2094,985,1109,817,334,483,517,196,321,186,64,122,23,3,20,46,18,28,1121,1119,406,314,177,141,53,22,6,697,587,110,91,492,67,121,142
53387183,0,,,3010,1419,1591,511,261,250,2486,1150,1336,1686,818,868,2372,1087,1285,2316,1064,1252,800,332,468,474,193,281,150,49,101,24,4,20,50,17,33,1182,1179,348,344,210,185,62,23,7,818,727,91,144,484,42,149,140
53387184,0,,,2065,981,1084,330,164,166,1697,800,897,1226,595,631,1624,758,866,1568,736,832,471,205,266,256,101,155,103,33,70,13,1,12,14,6,8,813,809,286,193,124,140,46,14,6,515,452,63,100,260,69,55,84
53387185,0,,,2149,1099,1050,399,222,177,1731,867,864,1364,688,676,1610,805,805,1567,783,784,367,179,188,171,78,93,62,27,35,3,1,2,41,26,15,781,781,178,191,162,174,54,17,5,596,522,74,85,250,36,60,73
53387186,0,,,1069,510,559,139,69,70,930,441,489,616,303,313,885,419,466,874,418,456,314,138,176,175,71,104,78,29,49,6,3,3,2,1,1,402,402,72,141,91,60,29,6,3,329,276,53,35,208,4,39,76
53387187,0,,,164,74,90,23,12,11,141,62,79,86,39,47,139,60,79,138,59,79,55,23,32,31,11,20,13,4,9,0,0,0,0,0,0,57,57,5,22,13,11,4,2,0,52,40,12,5,36,0,3,10
53387188,0,,,332,158,174,29,16,13,303,142,161,163,86,77,291,134,157,288,133,155,140,56,84,90,32,58,41,10,31,3,0,3,1,0,1,121,120,28,39,26,17,2,5,3,92,67,25,6,86,0,23,20
53387189,0,,,136,73,63,19,12,7,117,61,56,76,42,34,112,57,55,111,56,55,41,19,22,12,3,9,3,0,3,0,0,0,5,5,0,66,66,21,27,12,5,1,0,0,45,44,1,5,26,5,8,15
53387190,0,,,1505,733,772,173,94,79,1295,619,676,847,421,426,1253,598,655,1231,586,645,448,198,250,246,102,144,80,31,49,4,1,3,14,6,8,660,657,231,197,110,69,39,9,2,419,352,67,45,285,45,54,89
53387191,0,,,2460,1332,1128,353,186,167,1994,1075,919,1507,847,660,1937,1047,890,1881,1005,876,487,228,259,266,123,143,90,45,45,13,7,6,70,40,30,1248,1248,629,280,155,133,37,10,4,601,539,62,104,334,130,108,88
53387192,0,,,3080,1553,1527,347,173,174,2635,1323,1312,1695,945,750,2540,1267,1273,2461,1212,1249,940,378,562,607,221,386,283,81,202,36,7,29,46,18,28,1308,1300,551,299,213,143,60,30,4,734,593,141,79,533,96,143,130
53387193,0,,,1694,936,758,139,72,67,1506,842,664,1059,643,416,1400,755,645,1303,677,626,447,199,248,263,102,161,91,27,64,6,2,4,30,18,12,782,777,394,169,101,71,18,16,8,378,299,79,41,301,133,76,76
53387194,0,,,1769,874,895,254,130,124,1496,735,761,993,499,494,1449,714,735,1403,692,711,503,236,267,229,102,127,62,28,34,10,3,7,12,4,8,694,694,168,227,122,124,39,10,4,517,448,69,72,321,19,61,111
53387195,0,,,1925,976,949,281,150,131,1630,818,812,1111,579,532,1564,780,784,1538,769,769,519,239,280,211,96,115,45,12,33,3,0,3,7,1,6,728,727,151,250,137,123,41,19,6,568,500,68,63,321,10,59,111
53387196,0,,,983,492,491,169,89,80,810,400,410,595,303,292,774,375,399,763,370,393,215,97,118,98,38,60,36,8,28,4,1,3,8,2,6,368,368,92,100,68,72,23,9,4,274,224,50,44,146,12,35,37
53387197,0,,,108,53,55,17,10,7,91,43,48,56,26,30,87,41,46,86,41,45,35,17,18,15,7,8,8,4,4,0,0,0,0,0,0,41,41,13,10,5,6,6,1,0,28,22,6,6,24,0,9,6
53387198,0,,,551,270,281,69,38,31,482,232,250,289,140,149,474,226,248,471,224,247,193,92,101,93,39,54,40,11,29,2,0,2,2,1,1,213,213,43,75,48,30,10,5,2,168,145,23,19,129,0,30,41
53387199,0,,,112,54,58,13,7,6,99,47,52,75,37,38,95,46,49,92,43,49,24,10,14,13,4,9,5,0,5,0,0,0,0,0,0,44,44,10,12,12,8,2,0,0,34,31,3,1,19,0,6,2
53387200,0,,,196,87,109,18,7,11,178,80,98,105,45,60,171,76,95,169,75,94,73,35,38,41,17,24,11,5,6,1,0,1,2,0,2,69,69,11,18,25,9,1,4,1,57,43,14,4,49,0,8,9
53387201,0,,,78,35,43,7,2,5,71,33,38,31,14,17,69,32,37,67,31,36,40,19,21,18,7,11,10,4,6,2,1,1,1,0,1,31,31,7,9,8,6,1,0,0,24,17,7,3,22,0,6,6
53387202,0,,,21,10,11,6,3,3,15,7,8,9,4,5,15,7,8,15,7,8,6,3,3,4,2,2,0,0,0,0,0,0,0,0,0,5,5,0,0,1,3,0,1,0,5,5,0,1,3,0,0,0
53387203,0,,,39,19,20,3,0,3,36,19,17,13,8,5,36,19,17,36,19,17,23,11,12,7,3,4,3,1,2,0,0,0,1,0,1,19,19,6,9,3,0,0,1,0,13,12,1,2,13,0,3,7
53387210,0,,,131,66,65,21,14,7,110,52,58,68,34,34,107,49,58,106,48,58,42,18,24,18,7,11,8,2,6,0,0,0,2,2,0,49,49,7,19,12,6,4,1,0,41,35,6,3,27,0,4,8
53387211,0,,,40,16,24,4,0,4,36,16,20,21,9,12,34,16,18,32,16,16,15,7,8,4,3,1,0,0,0,0,0,0,0,0,0,19,19,8,5,3,2,1,0,0,11,10,1,1,11,0,6,4
53387212,0,,,205,98,107,26,11,15,179,87,92,102,50,52,170,82,88,167,80,87,77,37,40,34,17,17,6,0,6,3,0,3,2,1,1,92,92,22,49,8,8,2,2,1,67,62,5,2,48,0,11,25
53387220,0,,,164,90,74,25,17,8,139,73,66,78,39,39,134,71,63,132,70,62,61,34,27,30,15,15,16,8,8,4,1,3,0,0,0,61,61,13,22,10,10,0,5,1,47,35,12,7,42,0,10,9
53387221,1,,53387222,623,297,326,83,35,48,544,264,280,299,153,146,536,260,276,530,257,273,245,111,134,130,53,77,57,20,37,9,1,8,11,9,2,221,221,55,53,47,36,12,14,5,165,109,56,18,147,9,37,28
53387222,2,53387221,,4,2,2,*,*,*,*,*,*,*,*,*,*,*,*,*,*,*,*,*,*,*,*,*,*,*,*,*,*,*,*,*,*,1,1,*,*,*,*,*,*,*,*,*,*,*,*,*,*,*
53387230,0,,,31,18,13,0,0,0,31,18,13,20,12,8,31,18,13,31,18,13,11,6,5,1,0,1,1,0,1,0,0,0,0,0,0,18,18,8,8,1,1,0,0,0,10,9,1,0,8,0,3,3
53387231,0,,,119,59,60,16,8,8,103,51,52,55,29,26,99,49,50,98,49,49,48,22,26,27,14,13,11,5,6,0,0,0,0,0,0,43,43,7,17,7,6,3,3,0,36,27,9,4,30,0,5,11
53387240,0,,,76,37,39,7,4,3,69,33,36,39,18,21,67,33,34,66,32,34,30,15,15,4,1,3,2,1,1,1,0,1,1,1,0,36,36,8,20,4,4,0,0,0,27,26,1,2,20,0,5,9
53387250,0,,,213,105,108,33,15,18,180,90,90,116,60,56,173,84,89,171,82,89,64,30,34,21,10,11,2,1,1,0,0,0,2,1,1,92,92,17,50,10,9,6,0,0,74,71,3,9,42,0,10,24
53387251,0,,,19,10,9,0,0,0,19,10,9,12,7,5,19,10,9,18,10,8,7,3,4,2,1,1,2,1,1,1,0,1,0,0,0,8,8,0,6,1,1,0,0,0,7,6,1,0,6,0,0,1
53387260,0,,,247,119,128,23,11,12,220,106,114,113,51,62,220,106,114,218,106,112,107,55,52,34,19,15,7,4,3,1,1,0,4,2,2,114,114,23,63,17,8,3,0,0,86,85,1,5,68,0,14,34
53387261,0,,,331,162,169,31,12,19,296,147,149,155,79,76,292,145,147,291,144,147,141,68,73,44,22,22,7,3,4,0,0,0,2,2,0,154,154,39,76,20,15,4,0,0,112,103,9,10,93,0,21,41
53387262,0,,,185,91,94,15,9,6,165,79,86,65,29,36,162,78,84,162,78,84,100,50,50,40,23,17,5,1,4,2,1,1,4,2,2,90,90,21,54,7,6,1,1,0,66,63,3,3,61,0,12,38
53387263,0,,,89,46,43,14,7,7,75,39,36,39,19,20,73,38,35,73,38,35,36,20,16,16,8,8,3,0,3,0,0,0,0,0,0,41,41,8,26,2,3,1,1,0,33,31,2,2,23,0,5,15
53387270,0,,,35,17,18,4,2,2,30,15,15,12,7,5,30,15,15,30,15,15,18,8,10,5,2,3,1,0,1,0,0,0,6,3,3,16,16,3,9,2,2,0,0,0,13,12,1,2,10,1,1,6
53387271,0,,,65,37,28,7,2,5,58,35,23,57,34,23,58,35,23,36,20,16,1,1,0,0,0,0,0,0,0,0,0,0,0,0,0,16,14,5,3,4,2,0,0,0,9,9,0,2,1,3,0,0
53387272,0,,,45,23,22,2,1,1,43,22,21,19,10,9,42,22,20,42,22,20,24,12,12,11,6,5,0,0,0,0,0,0,0,0,0,21,21,3,14,3,0,1,0,0,18,17,1,0,14,0,3,9
53387273,0,,,53,29,24,2,1,1,46,25,21,16,8,8,46,25,21,46,25,21,30,17,13,15,8,7,3,3,0,0,0,0,0,0,0,32,32,15,14,2,1,0,0,0,15,14,1,1,19,0,6,9
53387274,1,,53387275,37,21,16,0,0,0,39,22,17,23,14,9,38,21,17,37,21,16,16,8,8,8,4,4,1,0,1,0,0,0,1,1,0,24,24,15,11,0,1,0,0,0,12,12,0,0,11,0,4,5
53387275,2,53387274,,4,2,2,*,*,*,*,*,*,*,*,*,*,*,*,*,*,*,*,*,*,*,*,*,*,*,*,*,*,*,*,*,*,3,3,*,*,*,*,*,*,*,*,*,*,*,*,*,*,*
53387276,1,,53387299,9,4,5,0,0,0,11,5,6,4,2,2,11,5,6,11,5,6,7,3,4,1,0,1,1,0,1,0,0,0,0,0,0,6,6,5,3,0,0,0,0,0,3,3,0,0,5,0,2,3
53387280,0,,,21,11,10,1,0,1,20,11,9,18,10,8,19,10,9,18,10,8,2,1,1,1,0,1,1,0,1,0,0,0,0,0,0,9,9,3,3,1,1,1,0,0,6,5,1,1,2,0,1,0
53387281,0,,,25,14,11,2,2,0,20,10,10,13,7,6,20,10,10,20,10,10,7,3,4,3,1,2,1,0,1,0,0,0,1,1,0,14,14,5,8,0,1,0,0,0,9,9,0,1,4,0,1,3
53387282,0,,,24,11,13,0,0,0,19,9,10,8,4,4,19,9,10,19,9,10,11,5,6,4,1,3,1,0,1,1,0,1,1,1,0,15,15,7,7,1,0,0,0,0,8,7,1,0,6,0,1,4
53387283,0,,,11,6,5,0,0,0,9,5,4,4,2,2,8,4,4,8,4,4,5,3,2,2,2,0,0,0,0,0,0,0,1,1,0,6,6,2,3,1,0,0,0,0,4,4,0,0,3,0,0,3
53387291,0,,,29,17,12,0,0,0,24,14,10,7,4,3,23,13,10,23,13,10,17,10,7,4,4,0,0,0,0,0,0,0,0,0,0,18,18,9,7,2,0,0,0,0,8,8,0,0,10,0,2,6
53387292,0,,,40,17,23,1,0,1,33,15,18,13,5,8,33,15,18,33,15,18,20,10,10,8,4,4,1,1,0,0,0,0,2,1,1,24,24,11,10,3,0,0,0,0,12,12,0,1,13,0,4,7
53387293,0,,,21,11,10,0,0,0,21,11,10,7,3,4,21,11,10,21,11,10,14,8,6,6,3,3,2,1,1,0,0,0,0,0,0,15,15,9,6,0,0,0,0,0,6,6,0,0,12,0,7,4
53387299,2,53387276,,2,1,1,*,*,*,*,*,*,*,*,*,*,*,*,*,*,*,*,*,*,*,*,*,*,*,*,*,*,*,*,*,*,2,2,*,*,*,*,*,*,*,*,*,*,*,*,*,*,*
53387304,0,,,84,48,36,6,3,3,75,44,31,55,34,21,73,42,31,71,42,29,20,10,10,7,3,4,4,1,3,0,0,0,3,3,0,51,51,31,10,7,3,0,0,0,20,19,1,1,14,9,5,6
53387305,0,,,115,46,69,8,2,6,107,44,63,58,24,34,104,44,60,103,44,59,49,20,29,24,9,15,10,4,6,0,0,0,0,0,0,61,61,23,27,8,1,2,0,0,38,34,4,2,35,1,12,10
53387306,0,,,70,39,31,16,7,9,54,32,22,40,25,15,53,31,22,53,31,22,14,7,7,9,5,4,4,3,1,0,0,0,10,8,2,20,20,2,5,3,2,7,1,0,15,13,2,6,9,0,1,4
53387314,0,,,126,60,66,1,0,1,125,60,65,62,27,35,124,60,64,123,60,63,63,33,30,20,9,11,7,2,5,0,0,0,2,2,0,70,70,25,35,9,1,0,0,0,45,44,1,0,44,0,15,19
53387315,0,,,40,22,18,0,0,0,35,17,18,27,13,14,35,17,18,35,17,18,8,4,4,1,0,1,0,0,0,0,0,0,0,0,0,34,34,29,4,1,0,0,0,0,5,5,0,0,5,11,1,4
53387319,0,,,10,6,4,0,0,0,10,6,4,2,1,1,10,6,4,10,6,4,8,5,3,3,3,0,0,0,0,0,0,0,0,0,0,7,7,4,3,0,0,0,0,0,3,3,0,0,5,1,2,3
53387325,1,,53387335,14,8,6,2,1,1,13,8,5,11,7,4,13,8,5,13,8,5,2,1,1,0,0,0,0,0,0,0,0,0,0,0,0,6,6,2,3,1,1,0,0,0,5,5,0,1,2,0,1,0
53387326,2,53387327,,3,1,2,*,*,*,*,*,*,*,*,*,*,*,*,*,*,*,*,*,*,*,*,*,*,*,*,*,*,*,*,*,*,2,2,*,*,*,*,*,*,*,*,*,*,*,*,*,*,*
53387327,1,,53387326,39,24,15,11,5,6,31,20,11,29,19,10,30,19,11,30,19,11,2,1,1,0,0,0,0,0,0,0,0,0,1,1,0,17,17,9,5,0,3,1,1,0,10,10,0,4,1,0,0,1
53387328,0,,,62,36,26,13,7,6,49,29,20,36,24,12,48,28,20,48,28,20,13,5,8,3,1,2,0,0,0,0,0,0,9,8,1,17,17,5,2,3,2,2,1,2,8,7,1,3,9,0,3,0
53387329,1,,53387339,29,20,9,0,0,0,29,18,11,21,14,7,29,18,11,29,18,11,8,4,4,1,1,0,1,1,0,0,0,0,6,6,0,14,14,9,3,2,1,0,0,1,5,4,1,0,5,1,1,1
53387335,2,53387325,,1,1,0,*,*,*,*,*,*,*,*,*,*,*,*,*,*,*,*,*,*,*,*,*,*,*,*,*,*,*,*,*,*,1,1,*,*,*,*,*,*,*,*,*,*,*,*,*,*,*
53387336,0,,,99,61,38,14,6,8,85,55,30,62,42,20,80,50,30,79,50,29,23,13,10,9,5,4,0,0,0,0,0,0,18,17,1,26,26,3,6,7,4,1,0,5,18,15,3,3,15,2,1,2
53387337,0,,,56,39,17,3,1,2,53,38,15,44,34,10,50,37,13,50,37,13,9,4,5,4,2,2,1,0,1,1,0,1,26,25,1,13,13,3,3,1,2,1,2,1,6,5,1,1,6,0,2,0
53387338,0,,,34,23,11,6,5,1,28,18,10,22,15,7,28,18,10,25,16,9,6,3,3,2,1,1,1,1,0,1,1,0,9,9,0,6,6,0,2,1,0,1,0,2,3,2,1,1,3,0,0,0
53387339,2,53387329,,3,1,2,*,*,*,*,*,*,*,*,*,*,*,*,*,*,*,*,*,*,*,*,*,*,*,*,*,*,*,*,*,*,2,2,*,*,*,*,*,*,*,*,*,*,*,*,*,*,*
53387346,0,,,12,6,6,0,0,0,12,6,6,6,3,3,12,6,6,12,6,6,6,3,3,5,2,3,3,1,2,0,0,0,0,0,0,4,4,1,1,0,1,1,0,0,3,1,2,0,3,0,0,1
53387347,0,,,353,190,163,28,10,18,325,180,145,236,145,91,314,175,139,307,170,137,89,35,54,58,19,39,17,5,12,1,1,0,58,56,2,113,112,29,35,14,12,7,6,9,66,54,12,4,60,5,11,17
53387348,0,,,56,28,28,7,2,5,49,26,23,35,19,16,44,25,19,43,24,19,14,7,7,8,2,6,2,0,2,0,0,0,10,7,3,19,19,7,4,3,1,1,0,3,10,8,2,2,11,0,5,1
53387356,0,,,34,15,19,10,4,6,24,11,13,21,10,11,24,11,13,23,11,12,3,1,2,2,0,2,2,0,2,0,0,0,0,0,0,10,10,1,2,2,4,0,0,1,9,8,1,4,3,0,1,0
53387357,0,,,186,70,116,19,9,10,167,61,106,64,33,31,162,58,104,161,58,103,103,28,75,87,17,70,66,9,57,16,0,16,11,10,1,35,34,9,9,5,5,1,1,4,20,19,1,5,17,0,6,4
53387358,0,,,105,66,39,6,3,3,99,63,36,74,54,20,97,62,35,96,61,35,25,9,16,15,5,10,6,1,5,0,0,0,19,19,0,38,38,15,7,6,2,3,1,4,14,12,2,1,18,4,3,2
53387359,0,,,19,8,11,3,1,2,15,6,9,15,6,9,15,6,9,15,6,9,0,0,0,0,0,0,0,0,0,0,0,0,0,0,0,7,7,2,2,0,2,1,0,0,5,5,0,1,0,0,0,0
53387367,0,,,20,10,10,3,1,2,17,9,8,12,7,5,17,9,8,17,9,8,5,2,3,1,0,1,0,0,0,0,0,0,0,0,0,8,8,2,3,1,1,1,0,0,6,6,0,1,3,0,1,2
53387368,0,,,67,34,33,7,4,3,60,30,30,32,14,18,57,30,27,56,30,26,28,16,12,9,3,6,2,1,1,0,0,0,5,5,0,26,26,3,15,4,1,0,3,0,22,20,2,0,17,2,1,10
53387369,0,,,5,5,0,0,0,0,5,5,0,5,5,0,5,5,0,5,5,0,0,0,0,0,0,0,0,0,0,0,0,0,5,5,0,5,5,5,0,0,0,0,0,0,0,0,0,0,0,4,0,0
53387378,1,,53387379,222,139,83,31,16,15,201,128,73,152,106,46,196,124,72,192,120,72,49,22,27,21,6,15,9,0,9,0,0,0,54,53,1,52,52,7,15,5,6,4,4,14,27,21,6,9,34,1,2,6
53387379,2,53387378,,10,5,5,*,*,*,*,*,*,*,*,*,*,*,*,*,*,*,*,*,*,*,*,*,*,*,*,*,*,*,*,*,*,3,3,*,*,*,*,*,*,*,*,*,*,*,*,*,*,*
53387388,0,,,33,20,13,1,1,0,32,19,13,22,14,8,32,19,13,31,18,13,10,5,5,5,3,2,3,1,2,0,0,0,9,8,1,19,19,11,4,2,2,0,0,0,6,5,1,0,6,4,0,2
53387389,0,,,38,26,12,1,0,1,37,26,11,25,20,5,36,26,10,35,26,9,12,6,6,5,2,3,3,1,2,0,0,0,12,12,0,12,12,4,1,0,4,2,1,0,5,3,2,0,7,0,0,1
53387399,0,,,234,151,83,22,12,10,212,139,73,152,107,45,208,135,73,205,132,73,60,32,28,29,11,18,16,6,10,3,1,2,48,45,3,61,61,14,13,11,3,8,2,10,29,22,7,7,41,1,8,6
53387414,1,,53387415;53387424,17,9,8,1,1,0,26,14,12,10,3,7,26,14,12,26,14,12,16,11,5,11,8,3,0,0,0,0,0,0,0,0,0,7,7,6,6,1,0,0,1,0,8,7,1,1,11,0,5,5
53387415,2,53387414,,7,4,3,*,*,*,*,*,*,*,*,*,*,*,*,*,*,*,*,*,*,*,*,*,*,*,*,*,*,*,*,*,*,4,4,*,*,*,*,*,*,*,*,*,*,*,*,*,*,*
53387424,2,53387414,,3,2,1,*,*,*,*,*,*,*,*,*,*,*,*,*,*,*,*,*,*,*,*,*,*,*,*,*,*,*,*,*,*,3,3,*,*,*,*,*,*,*,*,*,*,*,*,*,*,*
53387454,2,53387464,,7,5,2,*,*,*,*,*,*,*,*,*,*,*,*,*,*,*,*,*,*,*,*,*,*,*,*,*,*,*,*,*,*,2,2,*,*,*,*,*,*,*,*,*,*,*,*,*,*,*
53387462,0,,,294,172,122,23,12,11,271,160,111,182,119,63,270,159,111,263,155,108,89,41,48,37,11,26,21,5,16,2,0,2,66,61,5,86,86,16,24,19,6,1,9,11,50,38,12,9,59,1,10,14
53387463,1,,53387473,669,395,274,65,35,30,605,361,244,406,266,140,593,355,238,583,348,235,199,95,104,110,50,60,45,16,29,5,1,4,122,118,4,205,205,58,53,31,18,11,10,25,112,91,21,22,129,10,31,26
53387464,1,,53387454,664,401,263,71,36,35,600,370,230,412,280,132,587,362,225,582,360,222,188,90,98,103,47,56,42,14,28,2,1,1,138,135,3,172,172,28,41,24,18,26,12,25,97,72,25,21,124,1,21,22
53387465,1,,53387475,360,224,136,26,13,13,337,212,125,245,167,78,324,206,118,321,203,118,92,45,47,59,24,35,28,8,20,1,0,1,81,73,8,84,84,8,15,14,13,11,10,15,46,33,13,6,62,2,3,6
53387466,1,,53387476;53387477,117,77,40,8,7,1,119,79,40,88,62,26,116,78,38,116,78,38,31,17,14,10,5,5,0,0,0,0,0,0,31,30,1,35,35,19,4,8,7,1,1,5,16,13,3,4,21,4,4,2
53387469,1,,53387478,257,151,106,38,18,20,230,137,93,155,98,57,220,130,90,218,130,88,75,39,36,44,23,21,20,12,8,2,0,2,41,38,3,76,76,12,17,15,13,11,8,3,49,39,10,10,51,0,10,11
53387470,0,,,28,19,9,2,1,1,26,18,8,22,16,6,26,18,8,26,18,8,4,2,2,2,1,1,0,0,0,0,0,0,9,9,0,6,6,0,1,0,2,1,1,1,3,2,1,1,2,0,0,1
53387471,0,,,188,126,62,17,4,13,171,122,49,133,102,31,167,120,47,163,116,47,38,20,18,22,9,13,9,3,6,1,0,1,61,58,3,37,37,7,5,4,4,2,2,13,13,7,6,5,25,2,3,3
53387472,0,,,292,168,124,40,23,17,252,145,107,177,105,72,244,140,104,237,136,101,75,40,35,38,18,20,9,5,4,0,0,0,18,18,0,109,109,42,19,16,13,10,5,4,59,47,12,11,53,13,17,9
53387473,2,53387463,,1,1,0,*,*,*,*,*,*,*,*,*,*,*,*,*,*,*,*,*,*,*,*,*,*,*,*,*,*,*,*,*,*,1,1,*,*,*,*,*,*,*,*,*,*,*,*,*,*,*
53387475,2,53387465,,3,1,2,*,*,*,*,*,*,*,*,*,*,*,*,*,*,*,*,*,*,*,*,*,*,*,*,*,*,*,*,*,*,2,2,*,*,*,*,*,*,*,*,*,*,*,*,*,*,*
53387476,2,53387466,,9,8,1,*,*,*,*,*,*,*,*,*,*,*,*,*,*,*,*,*,*,*,*,*,*,*,*,*,*,*,*,*,*,9,9,*,*,*,*,*,*,*,*,*,*,*,*,*,*,*
53387477,2,53387466,,1,1,0,*,*,*,*,*,*,*,*,*,*,*,*,*,*,*,*,*,*,*,*,*,*,*,*,*,*,*,*,*,*,1,1,*,*,*,*,*,*,*,*,*,*,*,*,*,*,*
53387478,2,53387469,,11,4,7,*,*,*,*,*,*,*,*,*,*,*,*,*,*,*,*,*,*,*,*,*,*,*,*,*,*,*,*,*,*,3,3,*,*,*,*,*,*,*,*,*,*,*,*,*,*,*
53387480,2,53387490,,8,5,3,*,*,*,*,*,*,*,*,*,*,*,*,*,*,*,*,*,*,*,*,*,*,*,*,*,*,*,*,*,*,8,8,*,*,*,*,*,*,*,*,*,*,*,*,*,*,*
53387490,1,,53387480,75,45,30,4,3,1,75,45,30,39,24,15,74,44,30,72,43,29,36,21,15,17,11,6,4,3,1,0,0,0,5,5,0,43,43,27,18,4,2,0,0,0,23,22,1,1,22,2,6,12
53387491,0,,,123,76,47,12,8,4,111,68,43,81,50,31,111,68,43,110,68,42,30,18,12,6,2,4,5,2,3,0,0,0,27,25,2,35,35,7,8,5,6,3,4,2,16,13,3,4,24,0,6,5
53387501,2,53387521,,5,3,2,*,*,*,*,*,*,*,*,*,*,*,*,*,*,*,*,*,*,*,*,*,*,*,*,*,*,*,*,*,*,1,1,*,*,*,*,*,*,*,*,*,*,*,*,*,*,*
53387521,1,,53386591;53387501,117,70,47,11,5,6,114,70,44,73,49,24,112,68,44,108,65,43,41,21,20,22,11,11,2,1,1,0,0,0,25,24,1,27,27,3,6,3,5,6,2,5,14,8,6,2,27,0,3,2
53387531,0,,,72,39,33,8,3,5,64,36,28,41,27,14,64,36,28,64,36,28,23,9,14,12,5,7,7,2,5,2,0,2,14,13,1,20,20,3,5,6,2,1,1,2,10,8,2,1,15,0,3,4
53387543,2,53387553,,2,1,1,*,*,*,*,*,*,*,*,*,*,*,*,*,*,*,*,*,*,*,*,*,*,*,*,*,*,*,*,*,*,1,1,*,*,*,*,*,*,*,*,*,*,*,*,*,*,*
53387551,1,,53387561,176,99,77,19,8,11,167,97,70,116,75,41,161,94,67,161,94,67,51,22,29,28,10,18,7,4,3,0,0,0,35,34,1,52,52,16,8,8,11,8,4,3,26,21,5,3,35,1,10,6
53387552,0,,,230,127,103,27,11,16,203,116,87,143,88,55,197,112,85,195,110,85,60,28,32,29,11,18,12,6,6,1,0,1,33,28,5,77,77,27,10,12,12,8,2,6,36,27,9,11,41,11,8,5
53387553,1,,53387543,461,268,193,49,27,22,414,242,172,286,181,105,405,237,168,399,233,166,128,61,67,81,36,45,30,12,18,4,1,3,79,71,8,128,128,29,30,14,13,14,7,22,68,41,27,12,82,8,11,11
53387560,0,,,317,194,123,44,24,20,273,170,103,198,134,64,271,169,102,267,165,102,75,36,39,40,17,23,17,7,10,1,1,0,70,64,6,84,84,13,18,14,14,4,7,14,46,39,7,21,51,0,11,10
53387561,2,53387551,,10,6,4,*,*,*,*,*,*,*,*,*,*,*,*,*,*,*,*,*,*,*,*,*,*,*,*,*,*,*,*,*,*,6,6,*,*,*,*,*,*,*,*,*,*,*,*,*,*,*
53387616,2,53387638,,1,1,0,*,*,*,*,*,*,*,*,*,*,*,*,*,*,*,*,*,*,*,*,*,*,*,*,*,*,*,*,*,*,1,1,*,*,*,*,*,*,*,*,*,*,*,*,*,*,*
53387627,2,53387638,,5,2,3,*,*,*,*,*,*,*,*,*,*,*,*,*,*,*,*,*,*,*,*,*,*,*,*,*,*,*,*,*,*,2,2,*,*,*,*,*,*,*,*,*,*,*,*,*,*,*
53387628,2,53387638,,1,1,0,*,*,*,*,*,*,*,*,*,*,*,*,*,*,*,*,*,*,*,*,*,*,*,*,*,*,*,*,*,*,1,1,*,*,*,*,*,*,*,*,*,*,*,*,*,*,*
53387638,1,,53387616;53387627;53387628;53387639;53387686;53387694;53387699,28,15,13,0,0,0,62,34,28,19,13,6,61,33,28,61,33,28,43,21,22,31,14,17,9,4,5,0,0,0,0,0,0,18,18,22,11,3,1,1,0,0,16,13,3,0,32,0,17,8
53387639,2,53387638,,2,1,1,*,*,*,*,*,*,*,*,*,*,*,*,*,*,*,*,*,*,*,*,*,*,*,*,*,*,*,*,*,*,2,2,*,*,*,*,*,*,*,*,*,*,*,*,*,*,*
53387686,2,53387638,,8,4,4,*,*,*,*,*,*,*,*,*,*,*,*,*,*,*,*,*,*,*,*,*,*,*,*,*,*,*,*,*,*,5,5,*,*,*,*,*,*,*,*,*,*,*,*,*,*,*
53387694,2,53387638,,8,4,4,*,*,*,*,*,*,*,*,*,*,*,*,*,*,*,*,*,*,*,*,*,*,*,*,*,*,*,*,*,*,6,6,*,*,*,*,*,*,*,*,*,*,*,*,*,*,*
53387699,2,53387638,,9,6,3,*,*,*,*,*,*,*,*,*,*,*,*,*,*,*,*,*,*,*,*,*,*,*,*,*,*,*,*,*,*,3,3,*,*,*,*,*,*,*,*,*,*,*,*,*,*,*
53387704,1,,53387714,14,6,8,0,0,0,20,9,11,8,5,3,20,9,11,20,9,11,12,4,8,6,1,5,2,0,2,0,0,0,0,0,0,8,8,9,3,0,0,1,0,0,4,3,1,0,10,0,7,1
53387707,2,53387717,,8,5,3,*,*,*,*,*,*,*,*,*,*,*,*,*,*,*,*,*,*,*,*,*,*,*,*,*,*,*,*,*,*,5,5,*,*,*,*,*,*,*,*,*,*,*,*,*,*,*
53387713,1,,53387722,12,6,6,0,0,0,13,7,6,5,4,1,13,7,6,13,7,6,8,3,5,6,2,4,3,1,2,0,0,0,0,0,0,6,6,2,4,1,0,0,0,0,5,5,0,0,5,1,0,2
53387714,2,53387704,,6,3,3,*,*,*,*,*,*,*,*,*,*,*,*,*,*,*,*,*,*,*,*,*,*,*,*,*,*,*,*,*,*,5,5,*,*,*,*,*,*,*,*,*,*,*,*,*,*,*
53387717,1,,53387707,15,8,7,0,0,0,23,13,10,8,4,4,23,13,10,23,13,10,15,9,6,8,5,3,2,0,2,0,0,0,0,0,0,9,9,7,5,2,0,0,0,0,7,7,0,0,12,0,6,2
53387722,2,53387713,,1,1,0,*,*,*,*,*,*,*,*,*,*,*,*,*,*,*,*,*,*,*,*,*,*,*,*,*,*,*,*,*,*,1,1,*,*,*,*,*,*,*,*,*,*,*,*,*,*,*
53387725,2,53387735,,1,0,1,*,*,*,*,*,*,*,*,*,*,*,*,*,*,*,*,*,*,*,*,*,*,*,*,*,*,*,*,*,*,1,1,*,*,*,*,*,*,*,*,*,*,*,*,*,*,*
53387726,0,,,66,30,36,3,1,2,63,29,34,26,12,14,63,29,34,63,29,34,37,17,20,20,9,11,2,1,1,0,0,0,0,0,0,31,31,13,10,3,3,1,0,1,18,12,6,1,25,0,10,8
53387730,2,53387731,,8,3,5,*,*,*,*,*,*,*,*,*,*,*,*,*,*,*,*,*,*,*,*,*,*,*,*,*,*,*,*,*,*,6,6,*,*,*,*,*,*,*,*,*,*,*,*,*,*,*
53387731,1,,53387730,20,8,12,0,0,0,28,11,17,7,5,2,28,11,17,28,11,17,21,6,15,12,1,11,8,1,7,0,0,0,0,0,0,13,13,13,4,1,1,0,0,0,6,4,2,0,18,0,12,2
53387732,1,,53387733,46,20,26,0,0,0,47,20,27,23,10,13,47,20,27,47,20,27,24,10,14,17,7,10,6,2,4,1,0,1,0,0,0,22,21,8,13,0,0,1,0,0,14,13,1,0,18,0,8,7
53387733,2,53387732,,1,0,1,*,*,*,*,*,*,*,*,*,*,*,*,*,*,*,*,*,*,*,*,*,*,*,*,*,*,*,*,*,*,1,1,*,*,*,*,*,*,*,*,*,*,*,*,*,*,*
53387734,0,,,12,6,6,0,0,0,12,6,6,4,1,3,12,6,6,12,6,6,8,5,3,2,1,1,1,0,1,0,0,0,0,0,0,7,7,3,3,1,0,0,0,0,4,4,0,0,6,0,3,2
53387735,1,,53387725,49,28,21,4,3,1,46,25,21,19,10,9,45,24,21,45,24,21,27,15,12,14,8,6,7,2,5,0,0,0,0,0,0,27,27,13,9,5,1,0,0,0,14,14,0,0,20,0,10,5
53387737,2,53387747,,9,3,6,*,*,*,*,*,*,*,*,*,*,*,*,*,*,*,*,*,*,*,*,*,*,*,*,*,*,*,*,*,*,4,4,*,*,*,*,*,*,*,*,*,*,*,*,*,*,*
53387739,0,,,19,10,9,2,2,0,17,8,9,5,2,3,17,8,9,17,8,9,12,6,6,6,2,4,3,0,3,1,0,1,0,0,0,7,7,3,0,3,0,0,0,1,4,2,2,0,7,0,3,0
53387742,0,,,29,14,15,3,1,2,26,13,13,11,5,6,25,12,13,25,12,13,15,8,7,7,3,4,1,1,0,0,0,0,0,0,0,14,14,4,7,2,0,1,0,0,9,8,1,1,11,0,4,4
53387743,0,,,46,22,24,0,0,0,46,22,24,14,7,7,46,22,24,46,22,24,32,15,17,11,3,8,5,2,3,0,0,0,0,0,0,25,25,9,11,5,0,0,0,0,16,14,2,0,23,0,9,7
53387744,0,,,47,20,27,2,2,0,45,18,27,19,7,12,45,18,27,45,18,27,26,11,15,14,5,9,4,1,3,0,0,0,0,0,0,22,22,5,12,3,1,1,0,0,17,15,2,0,18,0,4,7
53387745,0,,,28,14,14,0,0,0,28,14,14,13,8,5,28,14,14,28,14,14,15,6,9,13,5,8,5,2,3,0,0,0,1,0,1,15,15,8,3,2,2,0,0,0,7,6,1,0,12,0,6,1
53387746,0,,,24,11,13,2,0,2,22,11,11,8,4,4,22,11,11,22,11,11,14,7,7,11,5,6,4,3,1,0,0,0,0,0,0,12,12,4,6,0,2,0,0,0,8,6,2,1,9,0,3,3
53387747,1,,53387737,100,41,59,3,3,0,106,41,65,26,21,5,97,32,65,95,30,65,80,20,60,70,15,55,52,10,42,4,1,3,0,0,0,26,24,13,12,3,0,0,0,0,15,13,2,0,23,0,9,8
53387748,0,,,137,65,72,9,3,6,128,62,66,68,36,32,126,60,66,126,60,66,60,26,34,35,14,21,9,2,7,0,0,0,3,1,2,53,53,8,25,10,6,1,1,2,45,35,10,1,39,0,5,15
53387749,0,,,114,50,64,13,5,8,101,45,56,43,17,26,99,45,54,97,45,52,58,28,30,29,12,17,11,5,6,1,1,0,0,0,0,47,47,15,20,3,1,5,1,2,32,22,10,1,40,0,11,11
53387757,0,,,33,17,16,1,1,0,32,16,16,11,7,4,32,16,16,32,16,16,21,9,12,14,6,8,4,1,3,1,0,1,0,0,0,20,20,9,9,2,0,0,0,0,11,9,2,1,14,0,5,6
53387758,1,,53387767,484,235,249,38,17,21,449,220,229,218,124,94,441,214,227,430,209,221,231,96,135,116,44,72,45,12,33,2,0,2,5,3,2,199,199,51,77,29,26,13,2,2,149,116,33,5,153,1,39,48
53387759,0,,,240,118,122,16,6,10,224,112,112,120,62,58,221,111,110,215,109,106,104,50,54,58,26,32,24,9,15,4,1,3,1,0,1,97,97,19,44,13,14,4,3,0,78,62,16,3,71,0,16,22
53387767,2,53387758,,3,2,1,*,*,*,*,*,*,*,*,*,*,*,*,*,*,*,*,*,*,*,*,*,*,*,*,*,*,*,*,*,*,1,1,*,*,*,*,*,*,*,*,*,*,*,*,*,*,*
53387768,0,,,26,14,12,0,0,0,26,14,12,11,7,4,25,13,12,25,13,12,15,7,8,10,4,6,3,0,3,0,0,0,1,0,1,14,14,5,7,1,1,0,0,0,9,7,2,0,12,0,4,3
53387773,2,53387781,,3,1,2,*,*,*,*,*,*,*,*,*,*,*,*,*,*,*,*,*,*,*,*,*,*,*,*,*,*,*,*,*,*,2,2,*,*,*,*,*,*,*,*,*,*,*,*,*,*,*
53387777,0,,,77,27,50,1,0,1,76,27,49,16,10,6,76,27,49,76,27,49,60,17,43,43,6,37,36,5,31,13,1,12,0,0,0,14,13,2,8,1,0,1,1,0,10,8,2,0,9,0,1,2
53387778,0,,,17,9,8,5,3,2,12,6,6,8,4,4,12,6,6,12,6,6,4,2,2,2,0,2,1,0,1,0,0,0,1,0,1,7,7,2,2,1,2,0,0,0,5,5,0,1,4,0,2,0
53387781,1,,53387773;53387782,11,6,5,0,0,0,19,9,10,6,5,1,19,9,10,19,9,10,13,4,9,9,3,6,7,2,5,0,0,0,0,0,0,7,7,5,7,0,0,0,0,0,7,7,0,0,9,0,3,4
53387782,2,53387781,,5,2,3,*,*,*,*,*,*,*,*,*,*,*,*,*,*,*,*,*,*,*,*,*,*,*,*,*,*,*,*,*,*,3,3,*,*,*,*,*,*,*,*,*,*,*,*,*,*,*
53387784,2,53387785,,3,2,1,*,*,*,*,*,*,*,*,*,*,*,*,*,*,*,*,*,*,*,*,*,*,*,*,*,*,*,*,*,*,1,1,*,*,*,*,*,*,*,*,*,*,*,*,*,*,*
53387785,1,,53387784,35,17,18,0,0,0,38,19,19,12,6,6,38,19,19,38,19,19,26,13,13,13,5,8,3,1,2,0,0,0,0,0,0,18,18,8,5,5,0,1,0,0,11,9,2,0,18,0,7,5
53387786,0,,,25,13,12,0,0,0,25,13,12,9,5,4,25,13,12,24,12,12,16,8,8,8,3,5,3,1,2,0,0,0,0,0,0,14,14,6,5,3,0,0,0,0,8,5,3,0,12,0,5,1
53387787,1,,53387796,64,33,31,4,1,3,62,33,29,34,20,14,60,33,27,58,32,26,28,13,15,17,6,11,3,0,3,0,0,0,1,1,0,26,26,10,8,3,3,0,2,1,16,11,5,1,20,0,6,3
53387788,0,,,9,5,4,0,0,0,9,5,4,2,1,1,9,5,4,9,5,4,7,4,3,6,3,3,1,0,1,1,0,1,0,0,0,4,4,0,3,1,0,0,0,0,4,3,1,0,4,0,0,2
53387789,2,53387799,,9,6,3,*,*,*,*,*,*,*,*,*,*,*,*,*,*,*,*,*,*,*,*,*,*,*,*,*,*,*,*,*,*,2,2,*,*,*,*,*,*,*,*,*,*,*,*,*,*,*
53387790,2,53387791,,13,6,7,*,*,*,*,*,*,*,*,*,*,*,*,*,*,*,*,*,*,*,*,*,*,*,*,*,*,*,*,*,*,3,3,*,*,*,*,*,*,*,*,*,*,*,*,*,*,*
53387791,1,,53387790,1,0,1,3,1,2,11,5,6,4,2,2,11,5,6,11,5,6,7,3,4,6,2,4,3,2,1,0,0,0,0,0,0,1,1,2,0,0,0,1,0,1,2,0,2,0,4,0,2,0
53387796,2,53387787,,2,1,1,*,*,*,*,*,*,*,*,*,*,*,*,*,*,*,*,*,*,*,*,*,*,*,*,*,*,*,*,*,*,1,1,*,*,*,*,*,*,*,*,*,*,*,*,*,*,*
53387797,0,,,243,125,118,23,12,11,220,113,107,142,76,66,212,107,105,209,106,103,78,37,41,50,20,30,20,5,15,1,0,1,1,0,1,85,84,17,29,15,8,10,2,3,66,49,17,3,46,0,9,13
53387798,0,,,9,4,5,0,0,0,9,4,5,6,2,4,9,4,5,9,4,5,3,2,1,0,0,0,0,0,0,0,0,0,0,0,0,4,4,1,1,2,0,0,0,0,3,3,0,0,2,0,0,1
53387799,1,,53387789,32,18,14,1,0,1,40,24,16,22,14,8,40,24,16,39,23,16,18,10,8,10,6,4,2,1,1,0,0,0,1,0,1,15,15,5,7,1,3,0,0,1,12,7,5,0,13,0,4,3
